{
  "schema": {
    "name": "full_qae_bundle",
    "version": "1.0"
  },
  "timestamp": "2025-09-08 11:45:29",
  "dataset": {
    "id": "MG_bench",
    "scale_low": 0.2,
    "scale_high": 0.8,
    "window_size": 4,
    "window_stride": 1
  },
  "run": {
    "tag": "inst5_L1",
    "instance_id": 5,
    "seed": 10027,
    "sigma_train": 0.1,
    "sigma_eval": 0.1
  },
  "architecture": {
    "n_qubits": 4,
    "n_layers": 1,
    "n_latent": 2,
    "n_trash": 2,
    "latent_wires": [
      0,
      1
    ],
    "trash_wires": [
      2,
      3
    ],
    "decoder_mode": "adjoint_encoder"
  },
  "training": {
    "stage1": {
      "lr_init": 0.0,
      "max_epochs": 0,
      "patience": 0,
      "lr_patience": 0,
      "best_val": NaN,
      "final_val": NaN,
      "best_epoch": -1,
      "epochs": 0,
      "train_curve": [],
      "val_curve": [],
      "lr_curve": [],
      "train_seconds": NaN
    },
    "stage3": {
      "lr_init": 0.5,
      "max_epochs": 120,
      "patience": 0,
      "plateau_steps": 0,
      "plateau_factor": 1.0,
      "best_val_mse": 0.007642043750306494,
      "final_val_mse": 0.009163896427171359,
      "best_epoch": 113,
      "epochs": 120,
      "train_curve": [
        0.11108158332160091,
        0.10739964492705749,
        0.04713627855001126,
        0.05700645784534147,
        0.04296348576227514,
        0.02492532347714839,
        0.038229806838036035,
        0.0394156250646211,
        0.030580401084689426,
        0.0225307080832603,
        0.026509061521553138,
        0.028886017103017143,
        0.021749623813778665,
        0.013931354405009465,
        0.01356289378742246,
        0.015186636707385888,
        0.013372744379588856,
        0.011249941642247085,
        0.009699115792642037,
        0.010106377568551872,
        0.00934037156043322,
        0.010494401884743917,
        0.009976227204180475,
        0.011030075153594202,
        0.010246468343283225,
        0.010933090282503393,
        0.01014376042324876,
        0.010331028204081289,
        0.009153597211844307,
        0.009792260526056522,
        0.009051558625084253,
        0.009049281042541029,
        0.008759382810656904,
        0.008577066595063573,
        0.009127456170189728,
        0.008686814199847761,
        0.008704538228036714,
        0.009202332864002313,
        0.008157001583227361,
        0.009003935978201798,
        0.008624424318322221,
        0.008486851337329179,
        0.008802376221167267,
        0.008649336233570134,
        0.00829592301394668,
        0.008313160957419827,
        0.008410284323648631,
        0.008760505862622812,
        0.008257680844206406,
        0.008803693971963338,
        0.008202644324112081,
        0.008348633957387214,
        0.008602498864914682,
        0.008418416754058345,
        0.008292954672116347,
        0.008194854765678636,
        0.008317296635554751,
        0.008096701401565726,
        0.008567356449194628,
        0.00802011204336826,
        0.008158635118015846,
        0.008770640081863549,
        0.008098509819620797,
        0.008475285037671317,
        0.008282237830328429,
        0.007708161456264784,
        0.008601316163501656,
        0.008045561034459407,
        0.007977590163363283,
        0.008363049628688524,
        0.0084046180556003,
        0.00798452879232947,
        0.008239013682174074,
        0.008038175149428133,
        0.008087603444199731,
        0.007795413462448489,
        0.008103346555327351,
        0.008183222717718612,
        0.008281031345488774,
        0.008258180262802417,
        0.008122876771504835,
        0.00878849453581341,
        0.008349578389751923,
        0.008295105726530385,
        0.008320564691664922,
        0.008167298804193769,
        0.008038977075625795,
        0.008248540748779804,
        0.008281416029380305,
        0.0085269253426004,
        0.00822744266879325,
        0.008750828957003945,
        0.008862758685518387,
        0.008226197527626995,
        0.00805327165919048,
        0.008210557504152357,
        0.008129135574198535,
        0.00797599427670085,
        0.007809666507739179,
        0.008204299593274324,
        0.007890699434973347,
        0.008426392090110705,
        0.008111945130122648,
        0.008416261224974611,
        0.008213629090414686,
        0.007899961918905662,
        0.008553835973767965,
        0.007979777836250479,
        0.008112957907806948,
        0.0080462273139158,
        0.00827778427522194,
        0.008253535217782163,
        0.00801474943227644,
        0.007642043750306494,
        0.008156136172825925,
        0.008155917229343468,
        0.008420505988354008,
        0.008095379885064556,
        0.008631554263158196,
        0.009163896427171359
      ],