{
  "schema": {
    "name": "half_qae_bundle",
    "version": "1.0"
  },
  "timestamp": "2025-09-02 19:38:40",
  "dataset": {
    "id": "mackey_glass_n100",
    "scale_low": 0.2,
    "scale_high": 0.8,
    "window_size": 4,
    "window_stride": 1
  },
  "run": {
    "tag": "inst2_L1",
    "instance_id": 2,
    "seed": 2,
    "sigma_train": 0.1,
    "sigma_eval": 0.1
  },
  "architecture": {
    "n_qubits": 4,
    "n_layers": 1,
    "n_latent": 2,
    "n_trash": 2,
    "latent_wires": [
      0,
      1
    ],
    "trash_wires": [
      2,
      3
    ]
  },
  "training": {
    "stage1": {
      "lr_init": 0.01,
      "max_epochs": 120,
      "patience": 10,
      "lr_patience": 8,
      "best_val": 0.2277742518246197,
      "final_val": 0.2277742518246197,
      "best_epoch": 119,
      "epochs": 120,
      "train_curve": [
        0.5081190813591473,
        0.5066591600311735,
        0.5042282769385046,
        0.4972078982771584,
        0.4952312022626905,
        0.49019595706874697,
        0.48788397126768024,
        0.4846097158092888,
        0.48172903767545616,
        0.4794450528335986,
        0.47393177266786984,
        0.46990586614149515,
        0.4667002856970217,
        0.46359316269492334,
        0.45871954322576647,
        0.45678448777546754,
        0.45270197002334467,
        0.45012129974395404,
        0.44457713037152324,
        0.44411590573693277,
        0.4347011839403792,
        0.4337601170690289,
        0.4276746018698102,
        0.426039746070764,
        0.4215427091683711,
        0.41821787782230346,
        0.41854503109637065,
        0.40813168695496843,
        0.4117561145359056,
        0.40435068476256497,
        0.4007686065682481,
        0.39302864438997465,
        0.3951161014530087,
        0.394029654244881,
        0.3869887640224944,
        0.3896561606177227,
        0.3806385202818301,
        0.3835282191504547,
        0.3762640407714376,
        0.37749512645374106,
        0.37778177979379846,
        0.37183425473208753,
        0.3721585435060541,
        0.3711464958500591,
        0.3624369598011249,
        0.3611697557849095,
        0.3630741520514005,
        0.36252941525786875,
        0.3548172859815832,
        0.3550007925827512,
        0.34482705431614646,
        0.3567831183771937,
        0.34909124569366534,
        0.3541157063908088,
        0.34639104914386126,
        0.3518763733273724,
        0.3484633127833651,
        0.3511006747460765,
        0.3410644197750947,
        0.33844169682094516,
        0.3378503046789684,
        0.3390275360522404,
        0.33851591321362184,
        0.330588134652518,
        0.3400324129542247,
        0.33132202935932953,
        0.3306247325252906,
        0.3297233496074211,
        0.32972842566142424,
        0.33052492693548263,
        0.3291960397645022,
        0.3328244709777717,
        0.326071769932308,
        0.3257056206726515,
        0.3227732440470773,
        0.31821607377266514,
        0.3246323775830502,
        0.3184400656892499,
        0.31935664744143966,
        0.316798802239424,
        0.3185005407018511,
        0.3176112487397126,
        0.31434998154627364,
        0.31817444279460977,
        0.31029817105106494,
        0.31071655654306013,
        0.31161562446132773,
        0.31097680167934993,
        0.3073946526712178,
        0.3094442394324291,
        0.30850803534289134,
        0.3015983222042689,
        0.30380805223297486,
        0.29894064105606655,
        0.3029339131386304,
        0.29825454723976474,
        0.29377653170326284,
        0.295471006489868,
        0.2957675142077386,
        0.2904139258356655,
        0.2935118794186107,
        0.28872017816027984,
        0.2946012590631852,
        0.288737171739339,
        0.28643481487593003,
        0.283995427660791,
        0.27930375087727505,
        0.28028301835499836,
        0.2782646347639799,
        0.2821171671621578,
        0.27467443288412774,
        0.27587965891160116,
        0.26821148144025697,
        0.2718916043195496,
        0.2715344507694053,
        0.26862684484699384,
        0.26565052439381776,
        0.2665176620029542,
        0.2660871673341336,
        0.2633682391716998
      ],
      "val_curve": [
        0.5032084031646303,
        0.5009581469151418,
        0.49876489692107295,
        0.49662151777187996,
        0.49451533923744223,
        0.49244655883454025,
        0.49038359265346915,
        0.48832144704893493,
        0.48623397199560825,
        0.48410982399856534,
        0.4819471252857753,
        0.4797049929352174,
        0.4773710174883579,
        0.4749268248433528,
        0.47239531625395426,
        0.46975766076567804,
        0.4670218526979375,
        0.46419045400066417,
        0.46129278869051155,
        0.4583144013976749,
        0.45532660535430003,
        0.45223476266851526,
        0.4491085541344388,
        0.44590877759403913,
        0.44268677934052886,
        0.43941721114552273,
        0.4360938687781566,
        0.4328094567462383,
        0.4294540302081263,
        0.4261005001547408,
        0.4227356958836054,
        0.41933331803193863,
        0.41591577794579565,
        0.4125206983653459,
        0.40917949059228864,
        0.40584569328313885,
        0.40250572060186024,
        0.39920528125146737,
        0.39590740778838124,
        0.39267172293081964,
        0.3894547188963866,
        0.3863092369962501,
        0.3831828670991274,
        0.3800942226581952,
        0.37702828611126216,
        0.37405445903061996,
        0.3710731417951164,
        0.3681293848165979,
        0.3652345064280299,
        0.3623319552661634,
        0.359525820000001,
        0.3568233117604581,
        0.3540750410010163,
        0.3514361332865399,
        0.348748999884109,
        0.34614938568753695,
        0.3435511485487641,
        0.3409621910249558,
        0.33837104853713146,
        0.33593318407094774,
        0.3334185072883629,
        0.33098546881783203,
        0.32862545986848757,
        0.32625773139769865,
        0.32381219040652465,
        0.3213384173401145,
        0.3189391283956254,
        0.31654302385672856,
        0.31419414313466587,
        0.3118818236553653,
        0.3095603627799014,
        0.3072121278332452,
        0.3049235995014326,
        0.30245829179491135,
        0.30014178417073417,
        0.297794319564928,
        0.29539743360330256,
        0.2930986113971869,
        0.2907812186100751,
        0.28846919758987355,
        0.28615903838523415,
        0.28386754997877783,
        0.281608447073336,
        0.2793648684616646,
        0.2770858930301451,
        0.27502633411737876,
        0.2728580035268164,
        0.2708119225723946,
        0.2686077049318048,
        0.26643768822753533,
        0.26431064537361204,
        0.2623626301542815,
        0.26041544305987835,
        0.25842040267419936,
        0.25645437522588166,
        0.25456183968157886,
        0.25263304495219546,
        0.2508184427959944,
        0.2490799615551124,
        0.2472849432399465,
        0.24555396726607617,
        0.24393287733407135,
        0.24226357555269953,
        0.24073517675754763,
        0.23921824455618138,
        0.2377843142846801,
        0.23649870406883466,
        0.23527492663237332,
        0.23414963284781534,
        0.23312855455769235,
        0.23214418794549546,
        0.231249201842448,
        0.23047645132014627,
        0.22983001235454426,
        0.2292621025416465,
        0.2288329202853606,
        0.22844153298057188,
        0.22810568737873455,
        0.22783979035417348,
        0.2277742518246197
      ],