{
  "schema": {
    "name": "half_qae_bundle",
    "version": "1.0"
  },
  "timestamp": "2025-09-02 19:38:40",
  "dataset": {
    "id": "mackey_glass_n100",
    "scale_low": 0.2,
    "scale_high": 0.8,
    "window_size": 4,
    "window_stride": 1
  },
  "run": {
    "tag": "inst1_L1",
    "instance_id": 1,
    "seed": 1,
    "sigma_train": 0.1,
    "sigma_eval": 0.1
  },
  "architecture": {
    "n_qubits": 4,
    "n_layers": 1,
    "n_latent": 2,
    "n_trash": 2,
    "latent_wires": [
      0,
      1
    ],
    "trash_wires": [
      2,
      3
    ]
  },
  "training": {
    "stage1": {
      "lr_init": 0.01,
      "max_epochs": 120,
      "patience": 10,
      "lr_patience": 8,
      "best_val": 0.2336963484908286,
      "final_val": 0.23485438007268714,
      "best_epoch": 110,
      "epochs": 120,
      "train_curve": [
        0.47196458141123176,
        0.47140846272354575,
        0.46588443189938655,
        0.46311852718099233,
        0.4622314509073294,
        0.46044916720084866,
        0.45932023832032776,
        0.4545289409871852,
        0.44943517427251983,
        0.44741129011465686,
        0.44391735684543354,
        0.44379281343766214,
        0.43941512493903845,
        0.4385418953712302,
        0.43515778380850617,
        0.42766695290795076,
        0.42886882054026715,
        0.4223640185342526,
        0.42103412344200153,
        0.42177409506334945,
        0.41944198592026094,
        0.41517697768518125,
        0.41155818266793687,
        0.41246843614542644,
        0.40961172619285413,
        0.40691190575513064,
        0.40200438641076314,
        0.39727601181954664,
        0.397952854391287,
        0.3930542712958062,
        0.39073414078483215,
        0.3874930506298684,
        0.3874777426107624,
        0.3812414313875194,
        0.37897278615062724,
        0.37944449968020666,
        0.37457187534049596,
        0.3776394524711397,
        0.373374534472067,
        0.3678344165033453,
        0.3683269864592559,
        0.3651221533723177,
        0.3616434079908323,
        0.36345920268182913,
        0.36216071246693016,
        0.3627778798809348,
        0.3555838493244221,
        0.35374887006317135,
        0.3574955111941501,
        0.3589695846588187,
        0.3533771621411198,
        0.34793021433762394,
        0.34930550300782803,
        0.34912954091365667,
        0.34182582864703825,
        0.3517231009644391,
        0.33701935547684536,
        0.3362752030294718,
        0.3377025552131119,
        0.3389846228917413,
        0.33819561898221207,
        0.3358260785913147,
        0.3320438008473018,
        0.33237840069135294,
        0.3324085442185681,
        0.33324417159087716,
        0.3257286526998492,
        0.32660722484906457,
        0.32316919253539267,
        0.3270285881804824,
        0.3280389035119389,
        0.323848120848787,
        0.31946538996310736,
        0.31641028363330626,
        0.31700955024350874,
        0.32395505156437354,
        0.31434850621961774,
        0.3109905659042306,
        0.3131809926213183,
        0.31304179397382925,
        0.31286646649007555,
        0.30958583902591197,
        0.30478157076141454,
        0.3037921296482661,
        0.3040342079081313,
        0.30067173742220377,
        0.3017073096964564,
        0.29563194466693765,
        0.29196817147702103,
        0.2965829429183046,
        0.2976076850037965,
        0.2895335052536372,
        0.2933952358653369,
        0.2896933407533929,
        0.2875910950139722,
        0.2850498312503828,
        0.2859325512830976,
        0.28154181014926505,
        0.27943145690588234,
        0.27764246802493686,
        0.27694853207067793,
        0.27608255576902174,
        0.275786208272166,
        0.27315529225684343,
        0.2682803577260015,
        0.26958331266399305,
        0.2658559214090175,
        0.2647886229722113,
        0.26176381573270324,
        0.2618015854046858,
        0.26100278137376337,
        0.2632425427525709,
        0.26258721999663415,
        0.2598653281232022,
        0.2600466428085648,
        0.2627472177195222,
        0.2584142156325172,
        0.25691019120108866,
        0.2549807008985046,
        0.24799662334973388
      ],
      "val_curve": [
        0.4803803709647629,
        0.47867657597200414,
        0.4769294558746343,
        0.47512001076574756,
        0.4732112805374456,
        0.47121166146399796,
        0.46913554858712114,
        0.46699416726429127,
        0.4647988712391897,
        0.46250698398596296,
        0.4601578765431471,
        0.45772076337175854,
        0.45521932830911194,
        0.4526547681497095,
        0.45004713186742074,
        0.4474258148819822,
        0.44472980688072405,
        0.4419970163888852,
        0.43922471229216475,
        0.4363902737250786,
        0.4335510591455174,
        0.4307062277758652,
        0.4277950975647117,
        0.4248554490270594,
        0.4219263847677749,
        0.41896309190353653,
        0.4160642243923153,
        0.413098694187779,
        0.4101135323325257,
        0.4071477353730712,
        0.4041671446398768,
        0.40125129379112534,
        0.3983166674178315,
        0.39539161766586284,
        0.392435239384746,
        0.3894943001454626,
        0.38661267411894235,
        0.38370477997782815,
        0.3808088984837207,
        0.37791778461633735,
        0.375004723615697,
        0.37214843377056883,
        0.36929095476373053,
        0.36641820938181,
        0.36358731775830194,
        0.3607633301326362,
        0.3579427452587063,
        0.35506014613055137,
        0.35226405860414994,
        0.34955661847702435,
        0.3467387866727934,
        0.3440528109801374,
        0.34130941250339225,
        0.338724231194044,
        0.33602141575652766,
        0.3333944810346613,
        0.3306640351016384,
        0.32799293650139516,
        0.3254624322019412,
        0.3228445163422893,
        0.32037020365353797,
        0.3177975605012745,
        0.31525024872641383,
        0.31268956592078867,
        0.3102390834808607,
        0.30773299136542837,
        0.3051839364505925,
        0.30269635950283114,
        0.3002788919163897,
        0.29793833349728127,
        0.2954645882679724,
        0.29305652201068744,
        0.2905974713005294,
        0.2881750230465788,
        0.2858233480773304,
        0.2834930251843849,
        0.28111371420235476,
        0.2788756715045784,
        0.27658168261439564,
        0.27432439859924446,
        0.27212404416836666,
        0.26997363805636304,
        0.2678093108628038,
        0.2656151988365647,
        0.263451616525903,
        0.2614791662130269,
        0.25950992325793776,
        0.2575111963433502,
        0.25571611745475564,
        0.25386581927678653,
        0.2520695550853967,
        0.25038343055274986,
        0.24870253331676592,
        0.2471456573449841,
        0.24567998474176284,
        0.24430435003544235,
        0.24297299558211122,
        0.24170164571116243,
        0.24054900865692058,
        0.23944935927908081,
        0.23844755012249202,
        0.237483514324275,
        0.23664901520562967,
        0.23595241295512456,
        0.23537209916208174,
        0.23486304270555253,
        0.23450244544346943,
        0.23418237816582557,
        0.23391253489174346,
        0.23373243189670762,
        0.2336963484908286,
        0.23370267434899183,
        0.23379966496988977,
        0.2339435214831552,
        0.23418723228050148,
        0.23436800080946285,
        0.23465995842515097,
        0.23495674505884367,
        0.2351715245384059,
        0.23485438007268714
      ],