{
  "schema": {
    "name": "half_qae_bundle",
    "version": "1.0"
  },
  "timestamp": "2025-09-02 23:54:14",
  "dataset": {
    "id": "mackey_glass_n100",
    "scale_low": 0.2,
    "scale_high": 0.8,
    "window_size": 6,
    "window_stride": 1
  },
  "run": {
    "tag": "inst3_L3",
    "instance_id": 3,
    "seed": 3,
    "sigma_train": 0.1,
    "sigma_eval": 0.1
  },
  "architecture": {
    "n_qubits": 6,
    "n_layers": 3,
    "n_latent": 2,
    "n_trash": 4,
    "latent_wires": [
      0,
      1
    ],
    "trash_wires": [
      2,
      3,
      4,
      5
    ]
  },
  "training": {
    "stage1": {
      "lr_init": 0.01,
      "max_epochs": 120,
      "patience": 10,
      "lr_patience": 8,
      "best_val": 0.17944085326254472,
      "final_val": 0.17944085326254472,
      "best_epoch": 119,
      "epochs": 120,
      "train_curve": [
        0.48520067812920453,
        0.47379271923269217,
        0.46311652826985455,
        0.4504382184010981,
        0.4423122670839873,
        0.43228140848369123,
        0.4272218119099904,
        0.41890277899795647,
        0.40945730387393686,
        0.403678437725847,
        0.3968575520699782,
        0.391086733448192,
        0.38450389682129227,
        0.38215100792412926,
        0.376900612461919,
        0.37219213347611907,
        0.3666922267736669,
        0.3644829028423839,
        0.3628636958418848,
        0.3575732649714445,
        0.3526678139212383,
        0.3494244231318847,
        0.3460115036470986,
        0.3410728915756468,
        0.33391731752627185,
        0.33368672263202637,
        0.32679867335892643,
        0.32423137620910114,
        0.3206270044031376,
        0.31844282157512893,
        0.31306490796661746,
        0.30925886799408664,
        0.306554981721193,
        0.30125182803719075,
        0.30028810945976303,
        0.29587359450572054,
        0.29759508481049174,
        0.2906699133260226,
        0.2894884862902636,
        0.2859267981779975,
        0.2842012274402847,
        0.27859732689793903,
        0.2807662973085939,
        0.2778167029770515,
        0.2753402729171986,
        0.2725708911959367,
        0.2716572461664605,
        0.2689629822115107,
        0.2694959406805998,
        0.26990134095509194,
        0.26357570298105154,
        0.2641177387620039,
        0.26213443769495337,
        0.26167134766428796,
        0.2586314359056004,
        0.2606289313286475,
        0.2598748617613319,
        0.2563604136086815,
        0.25747428810644063,
        0.25585611007115877,
        0.2537804977760587,
        0.25531778938292804,
        0.2530684286051109,
        0.250395836576933,
        0.25025481352677426,
        0.2505608554464411,
        0.24844662967716633,
        0.24861548684320167,
        0.24724781308967914,
        0.2473724893547379,
        0.24681955416631773,
        0.2439686815953675,
        0.24612502346730455,
        0.24428782624208112,
        0.24525165264177629,
        0.243071760783049,
        0.24340651075974798,
        0.2427833500754222,
        0.24034106927189808,
        0.23706453211420253,
        0.23838353395264641,
        0.23675475643701271,
        0.23652034433807084,
        0.2352456225145605,
        0.23548292033221807,
        0.23321212490364854,
        0.2319260949139449,
        0.230209628111818,
        0.22976028876905413,
        0.227949927852625,
        0.22873177392694638,
        0.22457975080311596,
        0.22399374593959787,
        0.2225903224620508,
        0.22281682151337684,
        0.22117050088509985,
        0.21856258969826542,
        0.217457674033551,
        0.2163319034559699,
        0.2158011073604485,
        0.21385696144836372,
        0.21184897230895033,
        0.20918130424943832,
        0.20870062357100808,
        0.20883950278128788,
        0.20761593034876902,
        0.20664365352515737,
        0.20496832650916177,
        0.20333105615212044,
        0.20324791680588794,
        0.20138502011658804,
        0.20039638817661692,
        0.19888876254968244,
        0.19694236101466273,
        0.19725986797584127,
        0.19462666246742746,
        0.19437316678996258,
        0.19434287188235205,
        0.19329047258250825,
        0.19237214518250778
      ],
      "val_curve": [
        0.46436902037962935,
        0.4523826733547298,
        0.4411752824732,
        0.4307532866988722,
        0.4209386374649478,
        0.4117566802406121,
        0.4029647053052983,
        0.39456790598805946,
        0.38647121294433057,
        0.3786335639906269,
        0.3712825955757454,
        0.36420748525139873,
        0.357683355326368,
        0.351607180802076,
        0.3460331175397896,
        0.340811399908985,
        0.33591328261482195,
        0.3311870178197515,
        0.3266131338667435,
        0.32218414134181256,
        0.3178155654283562,
        0.3134831552626116,
        0.30918224914513354,
        0.30492821700078127,
        0.30081521944022926,
        0.2967744599037491,
        0.2929261052059042,
        0.28918555114436273,
        0.2855786163501427,
        0.28210691144736394,
        0.2787823204795359,
        0.27550755458806153,
        0.27231730740637683,
        0.2692160849292115,
        0.2661872076727508,
        0.2633175534581285,
        0.26046908172647054,
        0.2578863467507469,
        0.25540952402768285,
        0.25309146289993856,
        0.2507994185863835,
        0.2486555151682486,
        0.24656497502915173,
        0.24459722377967508,
        0.24280224195537142,
        0.24116351239574413,
        0.23956097094276269,
        0.2380220161866864,
        0.23660092406484248,
        0.23522271132255415,
        0.2340036183025392,
        0.2327802479851317,
        0.2316525955252603,
        0.23054379099439778,
        0.22947854584486435,
        0.22847215847749952,
        0.2275341844682127,
        0.22672290021600422,
        0.22591123361149312,
        0.22507856990359018,
        0.22435216429121993,
        0.22368939469820956,
        0.22306358624852637,
        0.222425564110944,
        0.22176680716592995,
        0.2210424601639773,
        0.22029235624826035,
        0.21971596951343592,
        0.2190796167813466,
        0.21848326295152604,
        0.21784179402559817,
        0.2173187789028944,
        0.2167647914330074,
        0.21614076989142852,
        0.21548115084147196,
        0.21487361695079474,
        0.21425028210120328,
        0.21357698932996944,
        0.2129795749769158,
        0.21230172341761,
        0.21149964788532755,
        0.21071196539102974,
        0.2099357003930165,
        0.20910828472555992,
        0.20820345819218575,
        0.20728007139390145,
        0.20629289000508474,
        0.2052799192029735,
        0.20424389278696334,
        0.203165567337261,
        0.20204937219421185,
        0.20096321435694386,
        0.1998422870441293,
        0.19872280171164314,
        0.19760802627445573,
        0.19654291414148645,
        0.1955182049428839,
        0.1944631407553508,
        0.19345347095163512,
        0.19243907954501385,
        0.1915142437720311,
        0.19061113872990446,
        0.1897689494175089,
        0.18893319447038656,
        0.18815548571721394,
        0.18742149703971656,
        0.1867496765194459,
        0.18613011691519354,
        0.18547917945131207,
        0.18484901012977042,
        0.18426654710290033,
        0.1836142959388046,
        0.18303731712469543,
        0.18250154453511316,
        0.18195485630173422,
        0.1814338330581368,
        0.18087541597990367,
        0.18038349366632123,
        0.17988765709481547,
        0.17944085326254472
      ],