{
  "schema": {
    "name": "half_qae_bundle",
    "version": "1.0"
  },
  "timestamp": "2025-09-02 23:54:14",
  "dataset": {
    "id": "mackey_glass_n100",
    "scale_low": 0.2,
    "scale_high": 0.8,
    "window_size": 6,
    "window_stride": 1
  },
  "run": {
    "tag": "inst1_L3",
    "instance_id": 1,
    "seed": 1,
    "sigma_train": 0.1,
    "sigma_eval": 0.1
  },
  "architecture": {
    "n_qubits": 6,
    "n_layers": 3,
    "n_latent": 2,
    "n_trash": 4,
    "latent_wires": [
      0,
      1
    ],
    "trash_wires": [
      2,
      3,
      4,
      5
    ]
  },
  "training": {
    "stage1": {
      "lr_init": 0.01,
      "max_epochs": 120,
      "patience": 10,
      "lr_patience": 8,
      "best_val": 0.1771138817734748,
      "final_val": 0.1771138817734748,
      "best_epoch": 119,
      "epochs": 120,
      "train_curve": [
        0.5002656493988431,
        0.49276931564288645,
        0.48570119390400274,
        0.4783227834107022,
        0.4716347264827835,
        0.46580981909084596,
        0.461158863068969,
        0.45500320244152315,
        0.450079871853045,
        0.4459520646966858,
        0.44186850827291585,
        0.4382985341835409,
        0.4342740285622364,
        0.4316229645718334,
        0.4272241888089208,
        0.4226703130191364,
        0.4186429064555689,
        0.4145388655022194,
        0.4100094729644006,
        0.4049747488277147,
        0.4019020646161869,
        0.39693532915848456,
        0.3928430869705994,
        0.38849197549071984,
        0.3854723984705667,
        0.379949238840918,
        0.37798644286633526,
        0.3741350523086061,
        0.36991213326862316,
        0.3679943340676759,
        0.3659554033512654,
        0.36226161274935204,
        0.36093794473180824,
        0.35840259607630953,
        0.35563703402394664,
        0.3531113922591426,
        0.3516045121221285,
        0.34861078341478324,
        0.346026264779315,
        0.34207601219519257,
        0.3393355622611339,
        0.3366994032382633,
        0.33275953224125904,
        0.3309411466760611,
        0.3269188274098187,
        0.3238487953146376,
        0.3213975238228508,
        0.32054648190724117,
        0.3162320621318947,
        0.3151474358599715,
        0.31423595730821785,
        0.31267557786553146,
        0.3090702927186757,
        0.3086083007513412,
        0.30840786584522756,
        0.30595717020770347,
        0.30408744800239673,
        0.30321435073909153,
        0.3026911751525855,
        0.2997732713706235,
        0.29879977578033334,
        0.29791793925554744,
        0.2951648930518085,
        0.2952319934593427,
        0.29255648054012645,
        0.2930397225737532,
        0.29137997985747266,
        0.28944687514739964,
        0.28916575604673533,
        0.283895579215909,
        0.2838483885651907,
        0.28219781761976015,
        0.28254198093257976,
        0.28010737734291913,
        0.2758174594748178,
        0.27524229698029634,
        0.2758550135613927,
        0.273671754982169,
        0.27303949021867713,
        0.2686379999574363,
        0.26874006583071564,
        0.26818885156468686,
        0.2672224098000211,
        0.26595160449497923,
        0.2637923563113056,
        0.26214963109370537,
        0.25983722928615605,
        0.25947537840771273,
        0.25547499709901045,
        0.2560354710150486,
        0.25291107901384746,
        0.2509128483721922,
        0.2490810490340244,
        0.24629918590595307,
        0.2436350705621414,
        0.2421798669415925,
        0.23975430745480553,
        0.23739886065174293,
        0.2347400613839371,
        0.23109202670641543,
        0.2302922867661899,
        0.22430516917167553,
        0.22390063525956833,
        0.22082907190178264,
        0.21944714672846588,
        0.21680243108781772,
        0.21666575277881261,
        0.2137708647347546,
        0.21207204777316335,
        0.21005816214035083,
        0.21137112693115723,
        0.20825560598038823,
        0.206679734105789,
        0.20608850838744996,
        0.20538126985770805,
        0.20567474143631667,
        0.20353242692380177,
        0.203326387233557,
        0.2018903263082001,
        0.20126704818720234
      ],
      "val_curve": [
        0.4868298895677389,
        0.47875637647267694,
        0.4710704656438882,
        0.4637592863447485,
        0.45696011665851977,
        0.45080418708981407,
        0.44529612199540397,
        0.4404498844635418,
        0.43599046585794865,
        0.43180063929888873,
        0.42763914145996484,
        0.42350125582044973,
        0.4192311646305005,
        0.4147472090469677,
        0.41011974574336785,
        0.4052323161912647,
        0.40013950001070764,
        0.39490969130793296,
        0.38964445512718515,
        0.384470880568253,
        0.37942839484112956,
        0.37465297025517663,
        0.37015045480045883,
        0.3659611798843045,
        0.36208702884299326,
        0.35862876702625346,
        0.35544919429915334,
        0.35265730292465286,
        0.3502113671143107,
        0.3480545936859449,
        0.3461367827923962,
        0.3444023612886673,
        0.3427137406941882,
        0.3410311779376595,
        0.33929315025808826,
        0.33747066471965287,
        0.3354977376556561,
        0.33334759083999543,
        0.33099657966872703,
        0.3284449529438178,
        0.3257562002779051,
        0.3229071233370178,
        0.3200348905504256,
        0.31710769430935165,
        0.3142404123249336,
        0.31150749827047336,
        0.30882280885777524,
        0.3061597432077984,
        0.30364208962550937,
        0.30126966158270324,
        0.29893088415393215,
        0.29669431931804907,
        0.2945754046854024,
        0.29246711874492415,
        0.2904113093466167,
        0.2884519428418579,
        0.28659932578619746,
        0.28471356578178625,
        0.28287799373662076,
        0.28106350675112635,
        0.2792436881159867,
        0.2774767143977424,
        0.2757831835815261,
        0.2740400219824948,
        0.2723326079202602,
        0.27055363207430383,
        0.2687172055317776,
        0.26681119255458824,
        0.2648487125870709,
        0.26293082280119673,
        0.2610044477920345,
        0.2590480250080541,
        0.25710005835033745,
        0.25520316139335375,
        0.2533579367383213,
        0.2516315431923443,
        0.24988396491431555,
        0.2484099403043739,
        0.24702981551091052,
        0.24583622767198662,
        0.24458356314390017,
        0.24326962134396793,
        0.2420043966705511,
        0.2408600848947989,
        0.239708317366501,
        0.23857978225480883,
        0.23727199437288576,
        0.23593999178158429,
        0.2346722813502089,
        0.23309343654616552,
        0.23153119152607304,
        0.22979791725007856,
        0.22792253629716483,
        0.2258021483867559,
        0.22348956990152402,
        0.22108078304074757,
        0.2184973303002585,
        0.21592200429656697,
        0.21327978388246907,
        0.2105965704572016,
        0.2078711218133084,
        0.2053930106908239,
        0.2029189457270883,
        0.20039254816455102,
        0.19785663105633505,
        0.1954696949803775,
        0.19327908192720633,
        0.19137985731990875,
        0.1896250520099331,
        0.1880413394486164,
        0.1863498788170162,
        0.1847956949628088,
        0.18344864071506098,
        0.18217117576124636,
        0.18100144091217424,
        0.1799327883386418,
        0.179038830803394,
        0.17821531160600484,
        0.17765400608096363,
        0.1771138817734748
      ],