{
  "schema": {
    "name": "half_qae_bundle",
    "version": "1.0"
  },
  "timestamp": "2025-09-02 21:05:33",
  "dataset": {
    "id": "mackey_glass_n100",
    "scale_low": 0.2,
    "scale_high": 0.8,
    "window_size": 4,
    "window_stride": 1
  },
  "run": {
    "tag": "inst5_L1",
    "instance_id": 5,
    "seed": 5,
    "sigma_train": 0.1,
    "sigma_eval": 0.1
  },
  "architecture": {
    "n_qubits": 4,
    "n_layers": 1,
    "n_latent": 3,
    "n_trash": 1,
    "latent_wires": [
      0,
      1,
      2
    ],
    "trash_wires": [
      3
    ]
  },
  "training": {
    "stage1": {
      "lr_init": 0.01,
      "max_epochs": 120,
      "patience": 10,
      "lr_patience": 8,
      "best_val": 0.25759909114343105,
      "final_val": 0.2586558093469062,
      "best_epoch": 112,
      "epochs": 120,
      "train_curve": [
        0.46729506205480276,
        0.466857957802676,
        0.46226804384047226,
        0.4606977710402822,
        0.4575820210904926,
        0.45452243104375045,
        0.450959573007913,
        0.4494509206278625,
        0.4431840461383115,
        0.44608437863254846,
        0.4409100475237452,
        0.434499589913086,
        0.43483461380635974,
        0.4277304645521358,
        0.4213589312826821,
        0.4247366869712292,
        0.4198869820864154,
        0.4162264420044936,
        0.41475469506202944,
        0.4123073850890845,
        0.41118377803511935,
        0.4031383671373898,
        0.4004375155669141,
        0.3970332468047251,
        0.3931246447114519,
        0.39368299187564737,
        0.39235758116622904,
        0.3877176868349925,
        0.38639987181300905,
        0.37780799583421915,
        0.37756525894206594,
        0.3784924115470003,
        0.37875067716639155,
        0.371538058365102,
        0.3679998441415713,
        0.37017240559703446,
        0.3644786942904621,
        0.3637184783044316,
        0.36098479683372947,
        0.360308900733152,
        0.36532556458551957,
        0.3594693830697133,
        0.353484779601372,
        0.35714008051057594,
        0.3556529475784624,
        0.3505914954973016,
        0.34988996094409175,
        0.34604289522827525,
        0.34799399153274163,
        0.3495342968442716,
        0.34441437623600035,
        0.3468766154858356,
        0.34308380296721547,
        0.3373663090674967,
        0.33942464170420694,
        0.3404998108736016,
        0.34200675103695827,
        0.33390406817793084,
        0.3399109998545099,
        0.3361439567781359,
        0.3336621743523298,
        0.3348079677118342,
        0.3353562640392213,
        0.3343156329001951,
        0.33136054891334177,
        0.3305835864149218,
        0.3277939428777878,
        0.32762982116174955,
        0.3216280533728469,
        0.3186355770511209,
        0.32130403455294887,
        0.31909179957626865,
        0.3210333157494285,
        0.3184125088087424,
        0.3156743318895415,
        0.3125689304706808,
        0.31115551827054555,
        0.3108724689260989,
        0.30519082799392633,
        0.30677757346980283,
        0.3067173949759593,
        0.3033441599782886,
        0.3006408276091328,
        0.2971894762527013,
        0.2968443199465504,
        0.29692108645258364,
        0.29459009408806436,
        0.2941659794956713,
        0.291035432095287,
        0.29219690975635204,
        0.28946741587118596,
        0.2872966823850899,
        0.2800033268763267,
        0.27629673836231416,
        0.2793052703725029,
        0.27809020297503695,
        0.2728049087035642,
        0.27423454299438077,
        0.2751687752967591,
        0.27630845077403887,
        0.2722691711502222,
        0.2766184883519306,
        0.2726688456026475,
        0.2740193955270032,
        0.2713118958931864,
        0.27069125761403456,
        0.2718774427451097,
        0.27279387529007937,
        0.26994778970647165,
        0.2736234653497106,
        0.26748038181991785,
        0.27293118400933,
        0.26211172561144713,
        0.263819085302476,
        0.2638228677298266,
        0.26761128107705495,
        0.27191563093796656,
        0.2701199310628592,
        0.27518512712910637,
        0.2696553256726685
      ],
      "val_curve": [
        0.47675344185232155,
        0.47484755545365076,
        0.4729139863040577,
        0.47090018009100143,
        0.4688144172056098,
        0.4666452218991764,
        0.4644138640433126,
        0.4621170931556697,
        0.4597865880418162,
        0.4573540473968031,
        0.45491603665443003,
        0.45238625078119804,
        0.44976825192534065,
        0.447043690288373,
        0.4442832684197408,
        0.4413551894028611,
        0.4383491085862401,
        0.4352698125112243,
        0.43210350529481334,
        0.42882171978502975,
        0.4255316856824761,
        0.42216559234619133,
        0.4187589313339938,
        0.41529060603471646,
        0.4118703507206205,
        0.40836132202400555,
        0.4048552691779661,
        0.40130598887105345,
        0.3977452206665122,
        0.3942371066392963,
        0.39070689829724203,
        0.38718094886482435,
        0.38370356331266875,
        0.38028587375118955,
        0.3768876981598334,
        0.373604835568887,
        0.37031737440525203,
        0.3670716693784424,
        0.36399718448115687,
        0.3610093591158533,
        0.3580072656101465,
        0.3550754848146917,
        0.35215344676608834,
        0.3493333283559673,
        0.3465807196372378,
        0.343810194416458,
        0.3411701575166716,
        0.33860887101653864,
        0.33616351172048387,
        0.333765979682701,
        0.3313905036048671,
        0.32904845627227897,
        0.32668617142159107,
        0.3242547527331271,
        0.3219349011626525,
        0.31963692146776734,
        0.31730154530146387,
        0.3150212935823916,
        0.3129519803751558,
        0.31080415912330167,
        0.3087240425694512,
        0.30672094434016844,
        0.3046512571521536,
        0.302555318553567,
        0.30041944330377157,
        0.2983887733353473,
        0.2963384936580381,
        0.2943181498971539,
        0.29222009704610263,
        0.2902438109612603,
        0.2882740015956508,
        0.2862613360432812,
        0.2843829520413138,
        0.28251433663907355,
        0.2807135413298209,
        0.2789365817072779,
        0.27720989187359735,
        0.27541508334833353,
        0.27382117138458717,
        0.27227496692816544,
        0.27071641563595733,
        0.2692484494122894,
        0.2678950258660818,
        0.2665969601883841,
        0.26536794453642976,
        0.26426519483795924,
        0.2632496939556378,
        0.26234224436236475,
        0.2615084717819092,
        0.2608072912825831,
        0.26020426754432424,
        0.2596150012168379,
        0.2591676009111441,
        0.25877688102381563,
        0.25852702066720096,
        0.258343492517636,
        0.25814602359700795,
        0.2579339805399522,
        0.2578124146141466,
        0.2577926157592251,
        0.2577118439679945,
        0.25768624548220986,
        0.2578633568010248,
        0.25791159840654015,
        0.25803405824124326,
        0.25820032854714875,
        0.2583033725280523,
        0.258467345513692,
        0.25853990540333055,
        0.25872286665850847,
        0.2579207089531169,
        0.2576566313668293,
        0.25759909114343105,
        0.25762170508647875,
        0.25792614496944555,
        0.25800511459864495,
        0.2581216832480996,
        0.25830997760159785,
        0.2584321622975184,
        0.2586558093469062
      ],