{
  "schema": {
    "name": "half_qae_bundle",
    "version": "1.0"
  },
  "timestamp": "2025-09-20 14:47:51",
  "dataset": {
    "id": "mackey_glass_tau30_n200",
    "scale_low": 0.2,
    "scale_high": 0.8,
    "window_size": 4,
    "window_step": 2,
    "split": 0.75
  },
  "run": {
    "instance_id": 5,
    "layer": 3,
    "sigma_eval": 0.2,
    "test_seed_fixed": 99123
  },
  "environment": {
    "device": "default.qubit",
    "reset_mode": "none"
  },
  "architecture": {
    "n_qubits": 4,
    "n_latent": 2,
    "n_trash": 2
  },
  "parameters": {
    "phi": [
      -0.3544267234474834,
      -0.2420125307020709,
      0.05729162643968683,
      0.1960821411071653,
      -0.4614702657030474,
      -0.2765396414131395,
      -1.4356493193080562,
      -1.5010052154160096,
      0.088949678888428,
      -0.04568177571499662,
      0.33268659004820983,
      -0.5137587434820035,
      -0.4482578903928278,
      -0.0067648390609301,
      -0.04100739569908471,
      0.16915340908967563,
      -0.37983833965731806,
      0.13319507824602808,
      1.0045402560125338,
      1.4285720285094845,
      0.5715332059086724,
      0.32421048804693986,
      0.010746739213111572,
      -0.2851627801111811,
      0.1035382194855122,
      -0.02826047105637579,
      0.04162263000485012,
      0.26425952528432844,
      -0.03826780141585755,
      -0.003796374450251523,
      -1.1589466000813204,
      1.251626251419493,
      1.0545802562294335,
      0.04907470275348449,
      -0.010115170773932392,
      -0.6239059254317111
    ],
    "psi": [
      -0.07112375901654161,
      -0.05949215667250272,
      -0.0062956442975601904,
      0.04586047574231707,
      -0.08594562642838902,
      -0.014783864936268706,
      -0.07138380002943678,
      -0.07208312325675009,
      -0.0005397418559649678,
      -0.0446170781291885,
      -0.04710481613458364,
      0.029536276680550623,
      -0.04474240376609185,
      0.0077120610574601895,
      -0.058112714944874,
      0.04365196977381674,
      -0.026280720650389153,
      0.0029991515237980087,
      0.06517913643591536,
      -0.028925182122039105,
      0.03627571242255455,
      0.014577787857865952,
      -0.03716079536510476,
      0.05426172575682063,
      0.03185004714958525,
      -0.04604559438800481,
      0.02157392349457251,
      0.02359104018961529,
      -0.007709597725712322,
      -0.0332237561919146,
      -0.0441002471769847,
      0.035083715545511075,
      0.0478298800122004,
      0.07109761725200626,
      0.0077222714141127104,
      -0.04483703649391223
    ]
  },
  "metrics_series": {
    "mse_train_noise": 0.019268069867485593,
    "mse_train_recovered": 0.023968581763822966,
    "delta_train_pct": -24.395343844322337,
    "mse_test_noise": 0.018957942152927745,
    "mse_test_recovered": 0.02325649501253976,
    "delta_test_pct": -22.674153264826646
  }
}