{
  "schema": {
    "name": "half_qae_bundle",
    "version": "1.0"
  },
  "timestamp": "2025-09-20 14:47:32",
  "dataset": {
    "id": "mackey_glass_tau30_n200",
    "scale_low": 0.2,
    "scale_high": 0.8,
    "window_size": 4,
    "window_step": 2,
    "split": 0.75
  },
  "run": {
    "instance_id": 1,
    "layer": 3,
    "sigma_eval": 0.2,
    "test_seed_fixed": 99123
  },
  "environment": {
    "device": "default.qubit",
    "reset_mode": "none"
  },
  "architecture": {
    "n_qubits": 4,
    "n_latent": 2,
    "n_trash": 2
  },
  "parameters": {
    "phi": [
      0.6176120788559957,
      -0.6001804045750277,
      0.19790118575383933,
      0.3262506013311839,
      -0.10532918579086438,
      -0.37475243772978817,
      -0.03454220490473397,
      0.6473301940805807,
      -1.4393427094654858,
      1.306210759557895,
      0.5427398431678699,
      -0.09058229665630586,
      0.017358500657725495,
      0.0034314350272647205,
      -0.002027639410836651,
      0.6336866773572243,
      0.34214689686557476,
      -0.23672982827435296,
      1.5564641081737236,
      1.4955861854672123,
      -0.08824233896949707,
      -0.15320114945174085,
      -0.023247265492862074,
      0.6576878734392334,
      -0.2804816942335958,
      0.06286649266335198,
      0.012711542752744573,
      -0.012187903341626246,
      -0.04750206759343131,
      0.02338366201133544,
      -0.9274924885299536,
      -1.4871137109543373,
      0.9681892019908146,
      0.1713806438856337,
      0.03389411825629018,
      0.3065076281090731
    ],
    "psi": [
      0.09014697511769384,
      -0.09699963011207732,
      -0.023360842605583965,
      0.04537534046969009,
      -0.047623116680374784,
      -0.00039816565086754266,
      0.03303253475876275,
      -0.04061744786874115,
      0.014293967118316203,
      0.04869030743989883,
      0.036552086857347,
      -0.02911430948661195,
      -0.02141186953515464,
      -0.004195480942924945,
      0.07911628124242076,
      -0.014249644227779561,
      -0.006914092780348729,
      0.02107172230482287,
      0.09099454370460898,
      -0.027724193682227134,
      0.05814101889253055,
      -0.05803326278196213,
      0.033176347611735775,
      -0.03185627521339406,
      -0.03572791242657727,
      0.03632523282347021,
      -0.00342086493630371,
      -0.0557636654805849,
      0.0028787263483286115,
      -0.06847572277895107,
      -0.041822953383132314,
      -0.09013015657018199,
      -0.02532686361570292,
      -0.02269930994844879,
      0.058235512595279953,
      0.03342264581033333
    ]
  },
  "metrics_series": {
    "mse_train_noise": 0.019268069867485593,
    "mse_train_recovered": 0.025417714736191435,
    "delta_train_pct": -31.91624750688298,
    "mse_test_noise": 0.018957942152927745,
    "mse_test_recovered": 0.02410080862669884,
    "delta_test_pct": -27.127767519729783
  }
}