{
  "schema": {
    "name": "half_qae_bundle",
    "version": "1.0"
  },
  "timestamp": "2025-09-20 14:47:41",
  "dataset": {
    "id": "mackey_glass_tau30_n200",
    "scale_low": 0.2,
    "scale_high": 0.8,
    "window_size": 4,
    "window_step": 2,
    "split": 0.75
  },
  "run": {
    "instance_id": 3,
    "layer": 3,
    "sigma_eval": 0.2,
    "test_seed_fixed": 99123
  },
  "environment": {
    "device": "default.qubit",
    "reset_mode": "none"
  },
  "architecture": {
    "n_qubits": 4,
    "n_latent": 2,
    "n_trash": 2
  },
  "parameters": {
    "phi": [
      0.4513147429138639,
      0.06013793039734546,
      0.6113810031922831,
      0.26258306084820565,
      -1.0428684507820867,
      0.13492093590952056,
      -0.2767104077305799,
      1.4971859835546664,
      0.24417155364343882,
      0.7462006852053841,
      -0.7403005264637021,
      -0.6357818024606857,
      -1.4086049889680081,
      -0.008341680685287742,
      0.04038494420200921,
      -0.5405583284586338,
      0.1177080078147383,
      0.7017586145349123,
      0.1929554324368473,
      -0.4393116708974584,
      0.03588585851905192,
      0.34110857736618,
      0.3652759303946903,
      0.19543374501875665,
      -0.6896121480827783,
      -0.6786401663692765,
      -0.6645982642158373,
      -0.18124805314435333,
      0.051507086482292276,
      0.007750970741036353,
      1.8149290883126048,
      -1.5498701123661143,
      0.28367722712359766,
      1.469032829589746,
      0.012528053668691318,
      0.48895167661741556
    ],
    "psi": [
      0.045260885852545736,
      -0.03514974484765506,
      0.029420303798654287,
      -0.005240142791736184,
      -0.1439411854771892,
      -0.02776360093530741,
      -0.06372609345835743,
      0.0927238522311252,
      -0.021261820651835895,
      0.07543820156214325,
      -0.12225279342912151,
      0.030844502128191495,
      -0.1523195475570954,
      -0.09230934626159669,
      -0.030641661598684623,
      -0.033389024036076825,
      0.028772593067895896,
      0.009128741101524009,
      0.0012807582004812728,
      0.016436835957122448,
      0.04023696094127573,
      0.09629318021070651,
      0.06334287833759356,
      0.032571357226364235,
      -0.04415045972000749,
      -0.04306637803433343,
      -0.005943950092046608,
      0.013867256707199762,
      -0.04575119849941319,
      -0.007661184379006604,
      0.08414391446843611,
      -0.1122697413150357,
      0.03722566423316262,
      0.03141819093424453,
      0.04998062142458069,
      0.05017994740586152
    ]
  },
  "metrics_series": {
    "mse_train_noise": 0.019268069867485593,
    "mse_train_recovered": 0.0241135807595491,
    "delta_train_pct": -25.147878980033123,
    "mse_test_noise": 0.018957942152927745,
    "mse_test_recovered": 0.023081820224766625,
    "delta_test_pct": -21.75277273542062
  }
}