{
  "schema": {
    "name": "half_qae_bundle",
    "version": "1.0"
  },
  "timestamp": "2025-09-02 22:17:23",
  "dataset": {
    "id": "mackey_glass_n100",
    "scale_low": 0.2,
    "scale_high": 0.8,
    "window_size": 6,
    "window_stride": 1
  },
  "run": {
    "tag": "inst1_L1",
    "instance_id": 1,
    "seed": 1,
    "sigma_train": 0.1,
    "sigma_eval": 0.1
  },
  "architecture": {
    "n_qubits": 6,
    "n_layers": 1,
    "n_latent": 4,
    "n_trash": 2,
    "latent_wires": [
      0,
      1,
      2,
      3
    ],
    "trash_wires": [
      4,
      5
    ]
  },
  "training": {
    "stage1": {
      "lr_init": 0.01,
      "max_epochs": 120,
      "patience": 10,
      "lr_patience": 8,
      "best_val": 0.2638670303246689,
      "final_val": 0.2638670303246689,
      "best_epoch": 119,
      "epochs": 120,
      "train_curve": [
        0.4989179518754242,
        0.49811674178422466,
        0.49721338336809573,
        0.4959618785733856,
        0.4941997093889582,
        0.4941211887486031,
        0.49303058753261286,
        0.49227030734647176,
        0.4912958223906591,
        0.48975645981937654,
        0.4872802697194951,
        0.48772781492379397,
        0.48643626971124243,
        0.4837462056791778,
        0.48301091903419474,
        0.48110438730025085,
        0.4807830364310862,
        0.4783578520364409,
        0.4766892489117176,
        0.4755572787917687,
        0.4761054489220891,
        0.47219990081938457,
        0.4701621407033486,
        0.46833339915801725,
        0.4653305530783761,
        0.4632764942868093,
        0.46209852843187216,
        0.4597988831744312,
        0.45891823760455325,
        0.4567119590308838,
        0.45343751335018323,
        0.45127404699290535,
        0.4497539512083276,
        0.44519468035229603,
        0.4440479858297961,
        0.43851179914991345,
        0.4394043283544563,
        0.43913748733536195,
        0.43590198875039154,
        0.43478157059410677,
        0.4307908739085802,
        0.4293608599539409,
        0.4294385485033507,
        0.4241115509572132,
        0.42426839841378344,
        0.42443264687344734,
        0.4231235933066335,
        0.4162738928402393,
        0.4174086132319547,
        0.41541003960795747,
        0.4140051930576854,
        0.4112234563697683,
        0.4152511638074394,
        0.4080682890162335,
        0.40468831573732134,
        0.4028937971688556,
        0.40344668097935593,
        0.4008913566650439,
        0.40426013169223796,
        0.3994740331069032,
        0.3935137082225495,
        0.4000053838247314,
        0.3967004280116093,
        0.3922618828745179,
        0.39460757770413646,
        0.39374643553992505,
        0.3952554895570942,
        0.38982030644938026,
        0.38517448307662366,
        0.3873145133083448,
        0.3872810179160474,
        0.3806491784317161,
        0.3858749533444019,
        0.384808578365491,
        0.37927865016614837,
        0.37816393064991133,
        0.3738623592802412,
        0.3784059932581313,
        0.3762967020929935,
        0.3733701708312711,
        0.3749651784797096,
        0.37010129805615183,
        0.36778868429609446,
        0.3717041380469447,
        0.37026072830940415,
        0.36987314491147605,
        0.36138474281504396,
        0.3612812930916043,
        0.35947619539536213,
        0.35852589747633323,
        0.3573508346166873,
        0.3586654766047991,
        0.35675106238772514,
        0.3521187187412362,
        0.3516689984828679,
        0.35296117117001014,
        0.34722750835592353,
        0.34875934845050394,
        0.34710842973771455,
        0.3428262543035833,
        0.3442057762873624,
        0.33405008598902974,
        0.3393090086068905,
        0.3371059260846737,
        0.33277584935514937,
        0.3308842782728206,
        0.33481604367282825,
        0.3305700255758143,
        0.32982333057252,
        0.3258412862697234,
        0.32780203224727955,
        0.3256716712269274,
        0.32289645821908874,
        0.3196199245786883,
        0.3208124085950499,
        0.32328812680972163,
        0.3170490157146583,
        0.31993122141279584,
        0.3180391585225978,
        0.322324460734574
      ],
      "val_curve": [
        0.5002889035192041,
        0.49930511137948363,
        0.4983323579030113,
        0.49736193030203724,
        0.4963851589055288,
        0.49537118490276844,
        0.4943291889047088,
        0.4932390963694388,
        0.49210889220386084,
        0.49093026043808297,
        0.4897144404763821,
        0.48842515984515605,
        0.4870883801326041,
        0.48568673201988627,
        0.48418062457649774,
        0.4825745856618636,
        0.4808510318943274,
        0.4790215370410831,
        0.47710464273148306,
        0.47504553985000675,
        0.47288304505619255,
        0.4706421043418199,
        0.46835286825357325,
        0.4659368218431854,
        0.4634642979843627,
        0.4609129636946636,
        0.4582975418150535,
        0.4557646260574272,
        0.4531848596030721,
        0.45054237273987896,
        0.4479606143326371,
        0.44544178634818327,
        0.44290805048963244,
        0.44050163774597234,
        0.4381402417527223,
        0.435930390720112,
        0.43376306302026524,
        0.431751177909762,
        0.4299012260632048,
        0.4282393147904463,
        0.4266160175122031,
        0.42508798205648257,
        0.4235835963492657,
        0.4220967190754192,
        0.4207105228015845,
        0.4193899808491952,
        0.41807807659413726,
        0.4168425817291684,
        0.4157523874160933,
        0.4146666590123353,
        0.4136003486949739,
        0.4126112270267732,
        0.4117568304200825,
        0.4108862223922934,
        0.4101030840990245,
        0.4093237827143226,
        0.40856332109201576,
        0.40789114799624404,
        0.40723618087892194,
        0.4066212441995704,
        0.40602706751516143,
        0.4054557328501303,
        0.40487877613347983,
        0.4042978289628752,
        0.40373695056871256,
        0.40316880128908056,
        0.4025967698496411,
        0.40203398974678806,
        0.40144479454145837,
        0.4008891479424001,
        0.40029291756538404,
        0.3996458925044652,
        0.39892114076328306,
        0.39816824312341054,
        0.39737788292740756,
        0.3964908546621669,
        0.395501867410389,
        0.3944617148667408,
        0.3932921479963769,
        0.392116903204278,
        0.3907774970568225,
        0.38927944391657976,
        0.38761349642194226,
        0.38590373993280896,
        0.38408246268988216,
        0.38212614781190046,
        0.3799274582103486,
        0.37753917482672955,
        0.3750832994526472,
        0.3722976714857505,
        0.3694552509568166,
        0.36650284582210463,
        0.363482720436884,
        0.3600950165985417,
        0.3565299015122472,
        0.35282276021754805,
        0.3489327379938536,
        0.34505709542761687,
        0.34093178774443006,
        0.3365270804181066,
        0.3322654751880284,
        0.3281550630424123,
        0.32378532547673494,
        0.319442902405311,
        0.31509118108675016,
        0.3106542108006648,
        0.30635012101070286,
        0.30227992883477556,
        0.2982185299416812,
        0.29425594343211137,
        0.2904699886790304,
        0.2867749548233343,
        0.2833351698216176,
        0.2799038098491801,
        0.27677257958372364,
        0.27371705143650243,
        0.2708899702486139,
        0.26826534701770144,
        0.26595393194739964,
        0.2638670303246689
      ],