{
  "schema": {
    "name": "half_qae_bundle",
    "version": "1.0"
  },
  "timestamp": "2025-09-20 23:21:45",
  "dataset": {
    "id": "mackey_glass_tau17_n200",
    "scale_low": 0.2,
    "scale_high": 0.8,
    "window_size": 4,
    "window_step": 2,
    "split": 0.75
  },
  "run": {
    "instance_id": 3,
    "layer": 3,
    "sigma_eval": 0.2,
    "test_seed_fixed": 99123
  },
  "environment": {
    "device": "default.qubit",
    "reset_mode": "none"
  },
  "architecture": {
    "n_qubits": 4,
    "n_latent": 3,
    "n_trash": 1
  },
  "parameters": {
    "phi": [
      0.4513147428360365,
      0.06013793045514728,
      0.6113810032107532,
      0.26258306078221944,
      -1.0428684508024406,
      0.13492093599417188,
      -0.35172571847480477,
      0.710750186375654,
      0.20365328090889992,
      0.8748896531619202,
      -0.6136304979467173,
      -0.572907212057707,
      -1.679691940103438,
      -0.027864154342052652,
      -0.019680108445034445,
      -0.2372176628509673,
      -0.03953944798255653,
      0.3048714357625675,
      -0.13505591805596448,
      -0.12517185883748863,
      1.582623894920959,
      1.5076952272049717,
      0.8737467779717103,
      -0.16659672018668648,
      -0.977279962797828,
      0.013662415591378263,
      0.007513736641799291,
      -0.6890170291456058,
      0.039643087352645164,
      0.05030416382159887,
      0.5319640719318416,
      -0.6424519016477627,
      1.8456855552182863,
      1.795831191597828,
      0.07423891415635059,
      0.599586403951723
    ],
    "psi": [
      0.060078694429302665,
      -0.02454205346676846,
      0.10140385942124146,
      0.038313406608185455,
      -0.14474516483071057,
      -0.024365139329229832,
      0.004922007818693711,
      0.03075266224621722,
      0.062297057214709,
      0.08360753321553449,
      -0.11991303941087009,
      0.031388307737732685,
      -0.09753201091843204,
      -0.07064515546623952,
      -0.06580591107559848,
      0.018352214958600597,
      0.037372611538944604,
      0.03584919444863405,
      0.06707696660533863,
      0.000174547652766982,
      0.05638173722425169,
      0.09341035096938402,
      -0.013111969142094282,
      0.07378524867837553,
      0.030661648885183426,
      -0.11982204618400877,
      -0.01785679268875543,
      0.055705547358600206,
      -0.042787852677387085,
      -0.060891341470864585,
      0.1359316854339655,
      -0.036197658728813954,
      0.03406695139582496,
      0.10782409411086065,
      0.059123028233741284,
      -0.030095705065516044
    ]
  },
  "metrics_series": {
    "mse_train_noise": 0.019268069867485596,
    "mse_train_recovered": 0.02600090834810792,
    "delta_train_pct": -34.94298353144249,
    "mse_test_noise": 0.018957942152927745,
    "mse_test_recovered": 0.023472741443813262,
    "delta_test_pct": -23.814817317544556
  }
}