{
  "schema": {
    "name": "half_qae_bundle",
    "version": "1.0"
  },
  "timestamp": "2025-09-20 23:21:56",
  "dataset": {
    "id": "mackey_glass_tau17_n200",
    "scale_low": 0.2,
    "scale_high": 0.8,
    "window_size": 4,
    "window_step": 2,
    "split": 0.75
  },
  "run": {
    "instance_id": 5,
    "layer": 3,
    "sigma_eval": 0.2,
    "test_seed_fixed": 99123
  },
  "environment": {
    "device": "default.qubit",
    "reset_mode": "none"
  },
  "architecture": {
    "n_qubits": 4,
    "n_latent": 3,
    "n_trash": 1
  },
  "parameters": {
    "phi": [
      -0.3544267234887227,
      -0.2420125305811364,
      0.057291626423912924,
      0.19608214112596478,
      -0.46147026561956994,
      -0.2765396413932493,
      -1.0985096374364844,
      -0.3933429765113573,
      0.10715892939421882,
      -0.12583658689493124,
      0.22567929303597328,
      -0.5913739697980424,
      -0.2546378182198143,
      -0.010068308913407206,
      -0.01055044170049163,
      0.042228084146729086,
      -0.5129134719596141,
      0.2755571678206866,
      0.31076672362111174,
      1.3199957510681735,
      1.102014926594718,
      0.43177805640175815,
      0.3880809346105012,
      -0.3211091666494132,
      0.5798030407891058,
      -0.04920517845724667,
      -0.04049201226143637,
      0.2553691802148657,
      0.0942318041259794,
      -0.03653475962146257,
      -1.9163868785550053,
      1.2654140951184196,
      0.7955317008008752,
      0.663600553698559,
      0.09818909196549658,
      -0.7142881928687008
    ],
    "psi": [
      -0.030506310268948355,
      -0.05579215683541193,
      -0.0328008694946261,
      0.056426004709268035,
      -0.07727548066753227,
      -0.004295418844944426,
      -0.1458286610941539,
      -0.016305616470932534,
      -0.009585430372232398,
      -0.09127826553733112,
      -0.03530387689197181,
      -0.03216227346603383,
      0.010512148584594793,
      0.025474961784256404,
      -0.10308601503835683,
      -0.02448575925382446,
      -0.013584473540259054,
      0.058862678710682154,
      0.012078652516416008,
      -0.034755779501583366,
      0.05004990688220201,
      0.005166854222815782,
      -0.01338885515676403,
      0.05465158469402348,
      -0.03690416663689991,
      -0.05491118855720684,
      0.02525929598663521,
      -0.0515139632640785,
      0.021783615329003893,
      -0.03169250848325608,
      -0.0711166310633944,
      0.0331285834475762,
      0.010361918925394929,
      0.019964616688526254,
      -0.0032550343665647664,
      -0.04959392772148417
    ]
  },
  "metrics_series": {
    "mse_train_noise": 0.019268069867485596,
    "mse_train_recovered": 0.02419954878570365,
    "delta_train_pct": -25.594047313165525,
    "mse_test_noise": 0.018957942152927745,
    "mse_test_recovered": 0.024120744816975886,
    "delta_test_pct": -27.232927616306867
  }
}