{
  "schema": {
    "name": "half_qae_bundle",
    "version": "1.0"
  },
  "timestamp": "2025-09-02 19:38:41",
  "dataset": {
    "id": "mackey_glass_n100",
    "scale_low": 0.2,
    "scale_high": 0.8,
    "window_size": 4,
    "window_stride": 1
  },
  "run": {
    "tag": "inst3_L3",
    "instance_id": 3,
    "seed": 3,
    "sigma_train": 0.1,
    "sigma_eval": 0.1
  },
  "architecture": {
    "n_qubits": 4,
    "n_layers": 3,
    "n_latent": 2,
    "n_trash": 2,
    "latent_wires": [
      0,
      1
    ],
    "trash_wires": [
      2,
      3
    ]
  },
  "training": {
    "stage1": {
      "lr_init": 0.01,
      "max_epochs": 120,
      "patience": 10,
      "lr_patience": 8,
      "best_val": 0.07064212336363077,
      "final_val": 0.07064212336363077,
      "best_epoch": 119,
      "epochs": 120,
      "train_curve": [
        0.4709612976916725,
        0.44699832260165084,
        0.43492018420230527,
        0.4179940769112761,
        0.4075424489931649,
        0.39699814998953126,
        0.38426370330986803,
        0.3762931412956725,
        0.36249783278736614,
        0.3523503471185395,
        0.34008339653150954,
        0.3312892862649252,
        0.31622838720435753,
        0.3066296081231882,
        0.2946750911203506,
        0.28235986322665496,
        0.27008880060348744,
        0.26167779560075666,
        0.25286525550477607,
        0.23996206874890133,
        0.22838764386521,
        0.22245419480544393,
        0.21010382223747293,
        0.1989656842777485,
        0.19451003869363975,
        0.18448618371238942,
        0.17748349089599447,
        0.17295133555713138,
        0.16590777497918566,
        0.16112785060142,
        0.15440054873440406,
        0.15071834015665708,
        0.14788473216787681,
        0.1442202054564506,
        0.14127648132369058,
        0.1382064686345305,
        0.1379200008940969,
        0.13352427569209452,
        0.12847004856226613,
        0.12851045954438955,
        0.12513534199665866,
        0.12277972299920087,
        0.12144085854338146,
        0.12470293353512615,
        0.12210941591192538,
        0.11920086443967856,
        0.12068308631348391,
        0.11947107491369151,
        0.11789797979708838,
        0.11729242335803511,
        0.11616190855620771,
        0.11610413195275579,
        0.11689053785205036,
        0.11549659255805131,
        0.11331471865348436,
        0.1108404108391377,
        0.11148032511756427,
        0.1100538845082801,
        0.10988798536545501,
        0.10998186765538825,
        0.11160445867782343,
        0.10821692924492904,
        0.10841870002722775,
        0.10671995093703884,
        0.10706032250138964,
        0.10610700132733773,
        0.10498249379458438,
        0.10447406276292234,
        0.10385842266193332,
        0.10187777841457255,
        0.10275965726323116,
        0.10121702480549888,
        0.10187377653233373,
        0.10249580754048009,
        0.10138967457016564,
        0.09876500331009616,
        0.09861468762887135,
        0.098173265795598,
        0.09688092215127826,
        0.09751649253320746,
        0.09618572491150573,
        0.09796577124642636,
        0.09668424296277064,
        0.09619189932576051,
        0.09644417676317249,
        0.0933351375432096,
        0.09519143835199788,
        0.09552811194089718,
        0.09521037026816426,
        0.09374037538184357,
        0.09337544570584524,
        0.0932903339476993,
        0.0943923608373688,
        0.09284767182217266,
        0.09374674552183695,
        0.09270976437139986,
        0.09266491677313946,
        0.09154299459649087,
        0.09128412864308137,
        0.09024553331241442,
        0.08939411022603366,
        0.08948878409587185,
        0.09236757306953222,
        0.08925995214144905,
        0.09007330489890916,
        0.088323455011669,
        0.08731795494135902,
        0.08754370216126264,
        0.08722811956131345,
        0.08697258829030949,
        0.08717037593330228,
        0.08637767252813239,
        0.08533115897805654,
        0.08553764652285936,
        0.08294313325141284,
        0.08220684464948753,
        0.08168977024869678,
        0.08202953174541544,
        0.07999343697129341,
        0.07791879497675538
      ],
      "val_curve": [
        0.43956098337233307,
        0.422718124130159,
        0.40949743989816295,
        0.39887818067851133,
        0.3892383677846084,
        0.379303285707149,
        0.36875290866941024,
        0.3573209801415934,
        0.34530606924293833,
        0.33293849496577244,
        0.32060269834875676,
        0.3083789447430111,
        0.2963816514931136,
        0.2844789263585271,
        0.27267560532424956,
        0.261130742854271,
        0.2498698375189826,
        0.23896759710025212,
        0.22858186259233265,
        0.21873798994550359,
        0.20916635436540587,
        0.19999536684281768,
        0.1912592791492917,
        0.1828587639513118,
        0.1751646876247201,
        0.16818381500398444,
        0.16199731165393602,
        0.156751747888869,
        0.15208467594944713,
        0.14803025492930247,
        0.14455911144973743,
        0.1414328211200017,
        0.1387369119651841,
        0.13609575629073895,
        0.13378730778067896,
        0.13152071037519614,
        0.12948728929338377,
        0.12750234419402653,
        0.12578122576320225,
        0.12417799693381042,
        0.12276353352879683,
        0.12145307737395054,
        0.12038322934530807,
        0.11932859655747996,
        0.11833991985150874,
        0.1175072931072855,
        0.11672641058554764,
        0.11594512562070347,
        0.11526645623382961,
        0.11459966704118066,
        0.11392564762058859,
        0.11318178905411921,
        0.11250011156692134,
        0.11184884156358899,
        0.11119901692926763,
        0.1105696886215195,
        0.10993170345132863,
        0.10918946149424122,
        0.1085095640763587,
        0.10774171581323047,
        0.10702812686234431,
        0.10638807405977732,
        0.10562503094230846,
        0.10489870218812865,
        0.1040912841482241,
        0.10337545286586491,
        0.10253581730499839,
        0.10180157296288857,
        0.10101044235255144,
        0.10023037157732799,
        0.09943069566430134,
        0.0986560780855289,
        0.09786161046402461,
        0.09714560541490667,
        0.0964698467464663,
        0.09584838989201282,
        0.09529660825613147,
        0.09470443165119875,
        0.09412192938637866,
        0.09345587651573459,
        0.09285355994701824,
        0.09222745434652893,
        0.09165011778091244,
        0.09110742723748158,
        0.09053212364257072,
        0.09004080970632648,
        0.08943598837084632,
        0.08887491977835639,
        0.08848005287912034,
        0.08796009756560655,
        0.08753547104874979,
        0.08710916087984559,
        0.08664258507932357,
        0.08628569908539051,
        0.08584422301278923,
        0.08546284952881711,
        0.08507117492041885,
        0.08462249862716045,
        0.08429870535177274,
        0.08402401168971027,
        0.08359916173923908,
        0.08317492514505244,
        0.08280409364699545,
        0.08243665762349191,
        0.082090138635485,
        0.08170234177835628,
        0.08122103530272601,
        0.08065915846407831,
        0.08010435251200328,
        0.0794825727730417,
        0.07878186756722443,
        0.07817293552258303,
        0.07747892319177241,
        0.07667860981056719,
        0.07575082057057446,
        0.07481337299012651,
        0.0737515939498201,
        0.0727097562957162,
        0.07175331879471965,
        0.07064212336363077
      ],