layer,runs,mse_test_noise_mean,mse_test_recovered_mean,delta_test_pct_mean
1,5,0.0189579421529277,0.026788895963877502,-41.306982307362105
3,5,0.0189579421529277,0.023954402442794696,-26.35549918636799
