{
  "schema": {
    "name": "half_qae_bundle",
    "version": "1.0"
  },
  "timestamp": "2025-09-22 05:28:34",
  "dataset": {
    "id": "mackey_glass_tau17_n200",
    "scale_low": 0.2,
    "scale_high": 0.8,
    "window_size": 6,
    "window_step": 2,
    "split": 0.75
  },
  "run": {
    "instance_id": 1,
    "layer": 1,
    "sigma_eval": 0.2,
    "test_seed_fixed": 99123
  },
  "environment": {
    "device": "default.qubit",
    "reset_mode": "none"
  },
  "architecture": {
    "n_qubits": 6,
    "n_latent": 2,
    "n_trash": 4
  },
  "parameters": {
    "phi": [
      0.6176120788697828,
      -0.6001804046781918,
      0.1979011857042492,
      0.32625060128847994,
      -0.10532918571649082,
      -0.3747524377116354,
      -0.07584705253246957,
      -0.11540838558933945,
      -0.009535104611504412,
      0.8064196582855164,
      0.14182721830701123,
      -0.14613689911577168,
      0.03028685725460337,
      -0.41728421076404537,
      0.014914156075926752,
      1.1141802747183218,
      0.33702641801351113,
      -0.5910374659737261
    ],
    "psi": [
      0.09429121460773743,
      -0.09050687626575782,
      -0.017746580373310852,
      0.07001912305603536,
      -0.049058305392786654,
      -0.06436280900274134,
      0.013343862597979473,
      -0.024301563541435305,
      -0.014435138154376614,
      0.026832349785383944,
      0.07671717176052142,
      -0.04219459235539089,
      -0.04766793290665671,
      0.022015052779991696,
      0.04934612865121408,
      0.01053624161860727,
      -0.050454207043687825,
      -0.00774749471255774
    ]
  },
  "metrics_series": {
    "mse_train_noise": 0.019067164300121137,
    "mse_train_recovered": 0.02435032225919495,
    "delta_train_pct": -27.708147241591917,
    "mse_test_noise": 0.018957942152927745,
    "mse_test_recovered": 0.02327023556087626,
    "delta_test_pct": -22.746632377937438
  }
}