{
  "schema": {
    "name": "half_qae_bundle",
    "version": "1.0"
  },
  "timestamp": "2025-09-22 05:28:37",
  "dataset": {
    "id": "mackey_glass_tau17_n200",
    "scale_low": 0.2,
    "scale_high": 0.8,
    "window_size": 6,
    "window_step": 2,
    "split": 0.75
  },
  "run": {
    "instance_id": 2,
    "layer": 1,
    "sigma_eval": 0.2,
    "test_seed_fixed": 99123
  },
  "environment": {
    "device": "default.qubit",
    "reset_mode": "none"
  },
  "architecture": {
    "n_qubits": 6,
    "n_latent": 2,
    "n_trash": 4
  },
  "parameters": {
    "phi": [
      0.2008434019820332,
      -0.16309720413392073,
      0.06513407903689034,
      -0.6779230095591268,
      -0.14773024342920096,
      0.03256562409848398,
      1.1140445277338797,
      -0.05120715498345199,
      0.10920306934855231,
      1.19819836328549,
      0.0778428624067459,
      -0.18632085971913742,
      0.4756807721643743,
      -0.3754219258085757,
      0.1868974830924508,
      -0.9196821095721068,
      0.4479995659429856,
      0.5164003361977654
    ],
    "psi": [
      -0.002006895117601299,
      -0.05390366596173512,
      0.032247685310563746,
      -0.05272027325039033,
      -0.05146480981000313,
      0.004428892862698272,
      0.03213864725570459,
      -0.0100790496994824,
      0.07322402661089678,
      0.0028493108333558564,
      -0.061729187420947865,
      -0.06136759060025223,
      0.021945195690145438,
      0.018795117399291916,
      0.03312658254524412,
      -0.018048870839520153,
      -0.0017389887212516508,
      0.0605871278522053
    ]
  },
  "metrics_series": {
    "mse_train_noise": 0.019067164300121137,
    "mse_train_recovered": 0.023803378291673748,
    "delta_train_pct": -24.839634866536088,
    "mse_test_noise": 0.018957942152927745,
    "mse_test_recovered": 0.02255268700068908,
    "delta_test_pct": -18.961682754191678
  }
}