{
  "schema": {
    "name": "half_qae_bundle",
    "version": "1.0"
  },
  "timestamp": "2025-09-22 05:28:46",
  "dataset": {
    "id": "mackey_glass_tau17_n200",
    "scale_low": 0.2,
    "scale_high": 0.8,
    "window_size": 6,
    "window_step": 2,
    "split": 0.75
  },
  "run": {
    "instance_id": 5,
    "layer": 1,
    "sigma_eval": 0.2,
    "test_seed_fixed": 99123
  },
  "environment": {
    "device": "default.qubit",
    "reset_mode": "none"
  },
  "architecture": {
    "n_qubits": 6,
    "n_latent": 2,
    "n_trash": 4
  },
  "parameters": {
    "phi": [
      -0.35442672345753057,
      -0.24201253061339253,
      0.0572916264115418,
      0.19608214113253267,
      -0.4614702656213574,
      -0.2765396413962332,
      -1.09674100261496,
      -0.05273522119875688,
      -0.10268710884426369,
      -0.17073949742763672,
      0.19748762149206728,
      0.0337238923931349,
      -0.7669021856534459,
      -0.3079969505338445,
      -0.28512425464323343,
      -1.1153587256116344,
      0.3359854277426694,
      0.5913917550605731
    ],
    "psi": [
      0.0009630993837495317,
      -0.06270154017435085,
      -0.007723890796975547,
      -0.00687950615235446,
      -0.08428418344313104,
      -0.0008016379730202721,
      -0.1524555534105317,
      -0.0735278149923828,
      0.03234898496617304,
      -0.0290710178292868,
      0.009277816747655442,
      0.0037415503915096504,
      -0.027986296688864813,
      -1.9408985375675713e-05,
      -0.07677516404887755,
      0.002040161676627666,
      -0.03623717143499976,
      0.027555716772470207
    ]
  },
  "metrics_series": {
    "mse_train_noise": 0.019067164300121137,
    "mse_train_recovered": 0.023959389920955126,
    "delta_train_pct": -25.657856322153293,
    "mse_test_noise": 0.018957942152927745,
    "mse_test_recovered": 0.023484229446153086,
    "delta_test_pct": -23.87541462418867
  }
}