{
  "schema": {
    "name": "half_qae_bundle",
    "version": "1.0"
  },
  "timestamp": "2025-09-22 05:28:43",
  "dataset": {
    "id": "mackey_glass_tau17_n200",
    "scale_low": 0.2,
    "scale_high": 0.8,
    "window_size": 6,
    "window_step": 2,
    "split": 0.75
  },
  "run": {
    "instance_id": 4,
    "layer": 1,
    "sigma_eval": 0.2,
    "test_seed_fixed": 99123
  },
  "environment": {
    "device": "default.qubit",
    "reset_mode": "none"
  },
  "architecture": {
    "n_qubits": 6,
    "n_latent": 2,
    "n_trash": 4
  },
  "parameters": {
    "phi": [
      -1.0044542458956789,
      -0.8932135637353193,
      -0.1472119735084666,
      0.44959719546515303,
      -0.17893166198350133,
      1.0154399046569382,
      0.24433688817959592,
      -0.11201501226829652,
      0.027856869515259675,
      0.3178949774711677,
      0.19043254552049618,
      -0.0623120479087234,
      0.38290117421462844,
      -0.3889250892933598,
      0.15160442396003934,
      0.10919711652593837,
      0.6664769217237814,
      -0.06769805104157979
    ],
    "psi": [
      -0.12715248344252647,
      -0.12509548051685201,
      0.024689876803547412,
      0.007987377632421393,
      -0.056464812095823866,
      0.1150320511505548,
      0.08432199785005395,
      -0.03165176519501095,
      -0.024024112828345028,
      -0.013276184485408061,
      0.08804640040972529,
      -0.056287067356061565,
      0.023305939741102382,
      -0.012400333075632788,
      0.015545057713222362,
      0.026205672230377352,
      0.005850338685367285,
      0.028558609220103
    ]
  },
  "metrics_series": {
    "mse_train_noise": 0.019067164300121137,
    "mse_train_recovered": 0.02494834695256636,
    "delta_train_pct": -30.844558529386855,
    "mse_test_noise": 0.018957942152927745,
    "mse_test_recovered": 0.02426873423063635,
    "delta_test_pct": -28.013547223997826
  }
}