{
  "schema": {
    "name": "half_qae_bundle",
    "version": "1.0"
  },
  "timestamp": "2025-09-20 23:21:50",
  "dataset": {
    "id": "mackey_glass_tau17_n200",
    "scale_low": 0.2,
    "scale_high": 0.8,
    "window_size": 4,
    "window_step": 2,
    "split": 0.75
  },
  "run": {
    "instance_id": 4,
    "layer": 3,
    "sigma_eval": 0.2,
    "test_seed_fixed": 99123
  },
  "environment": {
    "device": "default.qubit",
    "reset_mode": "none"
  },
  "architecture": {
    "n_qubits": 4,
    "n_latent": 3,
    "n_trash": 1
  },
  "parameters": {
    "phi": [
      -1.004454245872119,
      -0.8932135637380455,
      -0.14721197349183823,
      0.4495971954713265,
      -0.17893166197070176,
      1.0154399046487268,
      0.5402475822836896,
      -0.027539344258192922,
      -0.2654686618963854,
      -0.5262577105004177,
      0.2871341533144535,
      -0.7465162855014345,
      0.39410328672991746,
      -0.05614743058993424,
      -0.06721959394189526,
      0.4625948695523832,
      0.22895994524133995,
      0.285586092553409,
      -0.5201252630062668,
      -0.7091737255813665,
      1.090872185946284,
      1.4002465638340928,
      1.0311952847100982,
      -0.5884929032129584,
      0.4599994836960266,
      0.05488036223358857,
      -0.04444418221130545,
      0.1687446473772023,
      0.013491568989279314,
      -0.0410918728439472,
      -1.1292065022227091,
      -0.019770396058995887,
      1.0017811001567685,
      0.39574784887156933,
      -0.9611936870360521,
      0.4334309002817535
    ],
    "psi": [
      -0.0752687841348847,
      -0.13084880570517202,
      0.024868908195308986,
      0.01223999971870951,
      -0.05774153224073339,
      0.10313570645404943,
      0.020343561904013995,
      -0.03129975391938349,
      -0.044376735141420355,
      -0.04099137481506724,
      0.012167589870809618,
      -0.033774561174975314,
      -0.008598136075006148,
      -0.04926433884936238,
      0.05393176379943348,
      0.015011682283857736,
      -0.006382755079564943,
      0.00728290681643172,
      -0.13276629846110888,
      -0.020799796224149694,
      0.07901130419725254,
      -0.0034881920954363643,
      0.07929927725730113,
      -0.0674331681008238,
      -0.010630972193828506,
      -0.01789064937801393,
      0.03673370423036786,
      -0.0720284369602273,
      -0.07081523519985898,
      0.06908903879117062,
      -0.04810146763843448,
      -0.004978011888404952,
      -0.007643831091230154,
      -0.03427299838719163,
      -0.03892712078091823,
      -0.001650598806939645
    ]
  },
  "metrics_series": {
    "mse_train_noise": 0.019268069867485596,
    "mse_train_recovered": 0.0242284837569905,
    "delta_train_pct": -25.74421788803809,
    "mse_test_noise": 0.018957942152927745,
    "mse_test_recovered": 0.02449012374223199,
    "delta_test_pct": -29.181340172250138
  }
}