{
  "schema": {
    "name": "half_qae_bundle",
    "version": "1.0"
  },
  "timestamp": "2025-09-14 15:18:41",
  "dataset": {
    "id": "mackey_glass_tau30_n200",
    "scale_low": 0.2,
    "scale_high": 0.8,
    "window_size": 4,
    "window_step": 2,
    "split": 0.75
  },
  "run": {
    "instance_id": 5,
    "layer": 3,
    "sigma_eval": 0.2,
    "test_seed_fixed": 99123
  },
  "environment": {
    "device": "default.qubit",
    "reset_mode": "swap"
  },
  "architecture": {
    "n_qubits": 4,
    "n_latent": 3,
    "n_trash": 1
  },
  "parameters": {
    "phi": [
      0.1606974460378281,
      -0.03498201772365044,
      1.028209801376553,
      0.7564207453823855,
      -0.8085156708842731,
      -0.07617016351897368,
      -0.572469182653894,
      -0.3748667420197136,
      0.42737926126137876,
      0.25545349699191194,
      -0.4802828500979542,
      -0.4579935153122933,
      -0.7310542062067006,
      0.2201754341342111,
      -1.488111354757943,
      -0.5367025097364123,
      -0.011126113545134288,
      0.24879394597706328,
      0.9582875310097134,
      0.5097259532957712,
      1.4505710707954607,
      0.15935681771809454,
      0.02284760556195811,
      0.18526455973531858,
      1.0896725215745415,
      -0.8048046256556285,
      0.47936747572598404,
      0.203380098549301,
      -0.6663815188712223,
      -0.03819208340074447,
      -1.3634191287563078,
      0.9294299138755983,
      0.46721688666487493,
      0.2862799103774403,
      0.4800985132312316,
      -0.119777334857092
    ],
    "psi": [
      0.12556128323253538,
      -0.04529740523380221,
      1.1110542862112198,
      0.7682102708608358,
      -0.8119593981008244,
      -0.07571928674842576,
      -0.569048509501641,
      -0.37749679326683616,
      0.4110494852681309,
      0.3516056720963872,
      -0.43518029287368704,
      -0.4263251447037219,
      -0.8484687652843887,
      0.2605662609490211,
      -1.4762293924556478,
      -0.5620564116871999,
      0.007519094095621455,
      0.2128340084566537,
      1.0280880938494148,
      0.47020109351579076,
      1.4602163527401446,
      0.1508515559018446,
      0.034734875629003334,
      0.21328164074371078,
      1.101972700738827,
      -0.7477736640067104,
      0.4550195871719947,
      0.1573818121492089,
      -0.708850188875749,
      -0.049451540162670365,
      -1.3000987311456562,
      0.9350726221776764,
      0.4188417775913635,
      0.32703601269588917,
      0.42619074060452455,
      -0.17305046088665843
    ]
  },
  "metrics_series": {
    "mse_train_noise": 0.019268069867485593,
    "mse_train_recovered": 0.01028465405156338,
    "delta_train_pct": 46.62333008809312,
    "mse_test_noise": 0.018957942152927745,
    "mse_test_recovered": 0.007676295455506412,
    "delta_test_pct": 59.50881486194992
  }
}