{
  "schema": {
    "name": "half_qae_bundle",
    "version": "1.0"
  },
  "timestamp": "2025-09-14 15:18:37",
  "dataset": {
    "id": "mackey_glass_tau30_n200",
    "scale_low": 0.2,
    "scale_high": 0.8,
    "window_size": 4,
    "window_step": 2,
    "split": 0.75
  },
  "run": {
    "instance_id": 2,
    "layer": 3,
    "sigma_eval": 0.2,
    "test_seed_fixed": 99123
  },
  "environment": {
    "device": "default.qubit",
    "reset_mode": "swap"
  },
  "architecture": {
    "n_qubits": 4,
    "n_latent": 3,
    "n_trash": 1
  },
  "parameters": {
    "phi": [
      0.5400839560920827,
      -0.18290530072308947,
      -0.3468528707236726,
      -1.335978583936624,
      -0.4897016023099851,
      0.09766145864461599,
      0.6960912783652204,
      -0.19658396123591,
      1.1930999523295978,
      0.6165065437048738,
      -1.628768169891232,
      -0.8351401526811485,
      0.7261149866266403,
      0.078815969975406,
      -0.43592913255215165,
      -1.29082873667829,
      -0.8410421809760309,
      0.7065250657591465,
      0.3676646958999646,
      0.03753796790828913,
      -0.4794931590700792,
      0.09740654079461368,
      -0.026873000434177046,
      0.5492996476653609,
      0.7605539037280695,
      -0.6868295407673118,
      -0.18234228341877595,
      -0.03179947985193628,
      0.028437892953213185,
      -0.23625655842827223,
      0.7508848277271234,
      -1.1782178522851934,
      0.15816881032526933,
      -0.15105006507945623,
      0.021394118385550914,
      0.2576752023576321
    ],
    "psi": [
      0.45718107810738917,
      -0.16788094431972864,
      -0.36006663180282483,
      -1.3459569222781094,
      -0.48718415527046655,
      0.03427146409154646,
      0.6656967612545626,
      -0.20663562970017696,
      1.1740930412921384,
      0.6216034994425602,
      -1.638175748719932,
      -0.8565981667172459,
      0.6818377973429612,
      0.10783568690405725,
      -0.4629828511969187,
      -1.350439298289177,
      -0.8818759630375458,
      0.7235265878422025,
      0.38585593256963274,
      0.07843753443558292,
      -0.5105942354357642,
      0.10552584258285573,
      -0.02343340766658848,
      0.5672683695737011,
      0.7800539155320616,
      -0.6930497515137092,
      -0.17879518671238806,
      -0.03336853879937481,
      0.02641200995877914,
      -0.2547541999456363,
      0.8175605425137593,
      -1.2201511370891711,
      0.09348736409522944,
      -0.20479681188858775,
      -0.040012123390284156,
      0.23876582763155849
    ]
  },
  "metrics_series": {
    "mse_train_noise": 0.019268069867485593,
    "mse_train_recovered": 0.010284795844892442,
    "delta_train_pct": 46.622594190154,
    "mse_test_noise": 0.018957942152927745,
    "mse_test_recovered": 0.007818023680335247,
    "delta_test_pct": 58.761221986702395
  }
}