{
  "schema": {
    "name": "half_qae_bundle",
    "version": "1.0"
  },
  "timestamp": "2025-09-14 15:18:38",
  "dataset": {
    "id": "mackey_glass_tau30_n200",
    "scale_low": 0.2,
    "scale_high": 0.8,
    "window_size": 4,
    "window_step": 2,
    "split": 0.75
  },
  "run": {
    "instance_id": 3,
    "layer": 3,
    "sigma_eval": 0.2,
    "test_seed_fixed": 99123
  },
  "environment": {
    "device": "default.qubit",
    "reset_mode": "swap"
  },
  "architecture": {
    "n_qubits": 4,
    "n_latent": 3,
    "n_trash": 1
  },
  "parameters": {
    "phi": [
      1.5011458090342107,
      -0.028365954123394585,
      1.0376100573146239,
      0.8592581422218561,
      -1.5733170023265937,
      0.664354482443345,
      -0.15999345039981175,
      1.0157536221398529,
      -0.1386975708551581,
      0.8356361456822751,
      -0.8682284789772571,
      -0.7600696050705712,
      -1.6383682205569055,
      -1.6671442777175451,
      -0.35618609546936036,
      0.9654786314786816,
      -0.554050523550242,
      -0.05343219128835268,
      0.06951739547100946,
      -0.06514686505823934,
      1.2011231011950079,
      0.07880691601916208,
      -0.0729158152247249,
      0.2756604452352931,
      -0.26675194896605003,
      -1.2194864797140974,
      -0.15674793988676533,
      -0.0609984914631076,
      -0.013592548619979997,
      -0.48237324139973975,
      0.4543228198194411,
      0.33948757532158297,
      0.7631000042012684,
      0.10319905255418323,
      0.10660563222031384,
      0.09172979721204866
    ],
    "psi": [
      1.4662843528512406,
      -0.029486441934539368,
      1.0522098243006832,
      0.9063646193157694,
      -1.5366322402299728,
      0.646587962843044,
      -0.1423461931190799,
      1.0680810565650256,
      -0.11586022283110213,
      0.8479911431900812,
      -0.9608154588662448,
      -0.677745235750568,
      -1.733295683232258,
      -1.655334043711867,
      -0.32949843352558106,
      0.9826384739788635,
      -0.5253488973028333,
      -0.007199054505252993,
      0.02436928081111742,
      -0.10768658526241719,
      1.1410988494671575,
      0.06982080439093542,
      -0.07597934346754463,
      0.2591588062829135,
      -0.2768594736607081,
      -1.2760694782866937,
      -0.24524382437487247,
      -0.052195356438791154,
      0.05992964677320148,
      -0.4083808771943574,
      0.399782838767074,
      0.37203945558805424,
      0.7695892684648611,
      0.07898956354210308,
      0.0720447027922492,
      0.11870883399724674
    ]
  },
  "metrics_series": {
    "mse_train_noise": 0.019268069867485593,
    "mse_train_recovered": 0.009921556907328707,
    "delta_train_pct": 48.50778009648441,
    "mse_test_noise": 0.018957942152927745,
    "mse_test_recovered": 0.007781799961870297,
    "delta_test_pct": 58.95229609259819
  }
}