{
  "schema": {
    "name": "half_qae_bundle",
    "version": "1.0"
  },
  "timestamp": "2025-09-14 15:18:36",
  "dataset": {
    "id": "mackey_glass_tau30_n200",
    "scale_low": 0.2,
    "scale_high": 0.8,
    "window_size": 4,
    "window_step": 2,
    "split": 0.75
  },
  "run": {
    "instance_id": 1,
    "layer": 3,
    "sigma_eval": 0.2,
    "test_seed_fixed": 99123
  },
  "environment": {
    "device": "default.qubit",
    "reset_mode": "swap"
  },
  "architecture": {
    "n_qubits": 4,
    "n_latent": 3,
    "n_trash": 1
  },
  "parameters": {
    "phi": [
      0.32101136265441044,
      -0.49944833701692537,
      -0.20255320334731555,
      0.37937258617783187,
      -0.0033773992579193887,
      -1.41120739755949,
      0.7797931011063551,
      -0.046565582019092874,
      -1.3181258959689701,
      -0.2609254539087612,
      0.4092901214030646,
      -0.8945315725765033,
      -0.7469215617063554,
      0.7262971342206411,
      1.4004671125052977,
      0.11155946407832289,
      -1.4613847688319328,
      -0.36290754928454894,
      0.4118379513248789,
      -0.0208649418183161,
      0.022468638218330086,
      -1.6163901972033636,
      -0.7737180405471897,
      0.09257734542588598,
      -0.8672892091994816,
      0.08305950146340985,
      -0.07772435817614733,
      -0.0599954551605332,
      0.0713274964415336,
      -0.5854733077733666,
      -1.2848239035025946,
      -0.866852291298556,
      0.07114018813309018,
      0.05080833536966719,
      0.758985123906609,
      -0.04339401091899841
    ],
    "psi": [
      0.28818498516062563,
      -0.48727760749511634,
      -0.21387068543090137,
      0.3861504777750506,
      0.0026083481814582143,
      -1.3543877878897395,
      0.798379975482619,
      -0.10170989245294011,
      -1.271202796995274,
      -0.3437370443725415,
      0.3855826752653133,
      -0.9211673997798605,
      -0.7260556981453339,
      0.679949311622095,
      1.467478579961283,
      0.11664278566905469,
      -1.4820135354934083,
      -0.36462733912291323,
      0.39104536991679856,
      0.044697110807167144,
      -0.026826889207822353,
      -1.566517232508557,
      -0.7743762264988986,
      0.09416907512510721,
      -0.8452975141674868,
      0.05741611243671002,
      -0.05599313646749979,
      -0.07066303598972261,
      0.009069472037840488,
      -0.5800529207564493,
      -1.3069348855428933,
      -0.9230715416969233,
      0.008772637958520903,
      0.038536608978596766,
      0.7733469598107653,
      -0.0712043894924913
    ]
  },
  "metrics_series": {
    "mse_train_noise": 0.019268069867485593,
    "mse_train_recovered": 0.011587565127030967,
    "delta_train_pct": 39.86130833693567,
    "mse_test_noise": 0.018957942152927745,
    "mse_test_recovered": 0.008601053026800266,
    "delta_test_pct": 54.630872077685
  }
}