{
  "schema": {
    "name": "half_qae_bundle",
    "version": "1.0"
  },
  "timestamp": "2025-09-14 15:18:39",
  "dataset": {
    "id": "mackey_glass_tau30_n200",
    "scale_low": 0.2,
    "scale_high": 0.8,
    "window_size": 4,
    "window_step": 2,
    "split": 0.75
  },
  "run": {
    "instance_id": 4,
    "layer": 3,
    "sigma_eval": 0.2,
    "test_seed_fixed": 99123
  },
  "environment": {
    "device": "default.qubit",
    "reset_mode": "swap"
  },
  "architecture": {
    "n_qubits": 4,
    "n_latent": 3,
    "n_trash": 1
  },
  "parameters": {
    "phi": [
      -0.594236248985488,
      -0.23592340848138932,
      -1.1148032618133519,
      0.8552079679815164,
      -0.36686314829255073,
      1.4615310895160327,
      1.0558867429384458,
      0.08355506192195723,
      -0.8374366465903925,
      -0.7907544693243201,
      0.09464339629744203,
      -1.0336843770514033,
      0.43476148808231957,
      0.28536848785169017,
      1.183289087778534,
      1.3101944631794125,
      0.6766920307067953,
      -0.1756130976941869,
      -0.6468804785938024,
      -0.7757509190632528,
      1.4963776573508956,
      0.3113198637038949,
      1.291900278370794,
      -1.21442668732993,
      0.7055272966459364,
      -0.05534548710220297,
      -0.009855758764949018,
      -1.2423808047837073,
      0.11668087820962393,
      0.27717663633086875,
      -0.3352096212086137,
      -0.29159183879741574,
      -0.45732107548899625,
      -1.1826286633509986,
      -0.20465545651154798,
      0.36288081664756505
    ],
    "psi": [
      -0.5323538153113058,
      -0.20372553342455446,
      -1.1004682179512808,
      0.8232287679225753,
      -0.32293344006470953,
      1.4687433161465886,
      1.1005062615574006,
      0.126036982974072,
      -0.8843381489083024,
      -0.8018710259242615,
      0.1444759995429686,
      -0.985805487960062,
      0.49018788109204825,
      0.28307528836742496,
      1.2676588851196762,
      1.2925433044790609,
      0.6757870840555822,
      -0.20614816322231322,
      -0.5840071393271755,
      -0.7170554831648275,
      1.4429326678374736,
      0.3608741064795516,
      1.300968901140753,
      -1.1677635085375575,
      0.7359001157569327,
      -0.06542915779818863,
      -0.006787877077068036,
      -1.2945716976441624,
      0.1456075724640987,
      0.24997201747250933,
      -0.3364069841430583,
      -0.24808240568858797,
      -0.47556593625218313,
      -1.1571617507275438,
      -0.18190883749924242,
      0.48514452625326115
    ]
  },
  "metrics_series": {
    "mse_train_noise": 0.019268069867485593,
    "mse_train_recovered": 0.011121128116023752,
    "delta_train_pct": 42.28208537488028,
    "mse_test_noise": 0.018957942152927745,
    "mse_test_recovered": 0.00813327468074418,
    "delta_test_pct": 57.098325255264434
  }
}