{
  "schema": {
    "name": "half_qae_bundle",
    "version": "1.0"
  },
  "timestamp": "2025-09-22 05:17:20",
  "dataset": {
    "id": "mackey_glass_tau17_n200",
    "scale_low": 0.2,
    "scale_high": 0.8,
    "window_size": 6,
    "window_step": 2,
    "split": 0.75
  },
  "run": {
    "instance_id": 3,
    "layer": 3,
    "sigma_eval": 0.2,
    "test_seed_fixed": 99123
  },
  "environment": {
    "device": "default.qubit",
    "reset_mode": "none"
  },
  "architecture": {
    "n_qubits": 6,
    "n_latent": 4,
    "n_trash": 2
  },
  "parameters": {
    "phi": [
      0.45131474282510164,
      0.06013793045948421,
      0.6113810032629767,
      0.2625830607756536,
      -1.0428684508013368,
      0.13492093601431232,
      -0.3517257184764596,
      0.7107501863988306,
      0.2036532808731801,
      0.41707131399751945,
      -0.8039358191310063,
      -0.08964450141392152,
      -1.3145224664850872,
      -0.2470853053925942,
      -0.6283306511736327,
      -1.1866011450987708,
      0.7521183130182927,
      1.2270016508562056,
      -0.028209819472291005,
      0.040517516693174,
      0.7727970161895364,
      0.936826134432691,
      0.2611967864862014,
      0.3449433849485062,
      -0.08798636151020339,
      -0.8271988147412318,
      -0.1567479399745091,
      1.237129728363925,
      0.4810628198827176,
      -1.7208958747508907,
      0.2523329417353495,
      -1.3115354295478538,
      0.021316881312056554,
      0.15669498053389425,
      -0.7380131263654693,
      -0.30286132962589946,
      0.09484268116897661,
      0.018711394765778402,
      -0.0544584904565162,
      -0.43851688968753716,
      1.4994212899138954,
      0.016360053012433196,
      -1.0140152510014688,
      -0.28212869825593007,
      -0.18304923789641772,
      0.7025617086777467,
      -0.9069987196341566,
      0.08316045683504585,
      -0.0784168255378569,
      0.3904570633368365,
      0.09917442744595834,
      -0.036368124679504114,
      -0.5257847863421341,
      -0.16657374410452921
    ],
    "psi": [
      0.05961780861262076,
      -0.026221475806815026,
      0.021369981708020163,
      -0.0023219346868625524,
      -0.1127554169792801,
      -0.008314466449920795,
      -0.07807928711961418,
      0.04344725612462599,
      -0.01885872420333543,
      0.07486363371819045,
      -0.043415902702455676,
      -0.005587494774619876,
      -0.14199727984593608,
      -0.09681140107771607,
      -0.031556386864666684,
      0.012556200234255835,
      -0.040800669108069586,
      0.02170802736375786,
      0.01061740677875208,
      -0.05692593188541545,
      0.06831091187997118,
      0.05375577693206738,
      -0.011059732131434175,
      0.0014711028631704372,
      -0.04487638191178128,
      -0.08701591240587175,
      0.00736119020031849,
      0.0537187375686916,
      -0.027830942524696704,
      -0.013568928286664245,
      0.1338981687080428,
      -0.03376148390577285,
      0.11429710273595309,
      0.09458040753456429,
      0.00977334369880978,
      -0.03480392102669399,
      -0.05510313521133149,
      -0.0017173822321231247,
      0.0660867546989026,
      -0.01183409945945669,
      0.14792318561827975,
      0.029404090169104318,
      -0.05530591380824128,
      -0.052718154904704065,
      -0.11274605904689103,
      0.08015878441873905,
      -0.020764703808849747,
      -0.011884021553047897,
      -0.03549089511046425,
      -0.007125770190396527,
      -0.08221404622936195,
      0.006490724370772608,
      -0.0399323480669341,
      0.0004874328125664385
    ]
  },
  "metrics_series": {
    "mse_train_noise": 0.019067164300121137,
    "mse_train_recovered": 0.02331608260427989,
    "delta_train_pct": -22.283954956698814,
    "mse_test_noise": 0.018957942152927745,
    "mse_test_recovered": 0.02175697228713604,
    "delta_test_pct": -14.76441963810946
  }
}