{
  "schema": {
    "name": "half_qae_bundle",
    "version": "1.0"
  },
  "timestamp": "2025-09-22 05:16:52",
  "dataset": {
    "id": "mackey_glass_tau17_n200",
    "scale_low": 0.2,
    "scale_high": 0.8,
    "window_size": 6,
    "window_step": 2,
    "split": 0.75
  },
  "run": {
    "instance_id": 2,
    "layer": 1,
    "sigma_eval": 0.2,
    "test_seed_fixed": 99123
  },
  "environment": {
    "device": "default.qubit",
    "reset_mode": "none"
  },
  "architecture": {
    "n_qubits": 6,
    "n_latent": 4,
    "n_trash": 2
  },
  "parameters": {
    "phi": [
      0.20084340200696346,
      -0.16309720410438336,
      0.06513407902657921,
      -0.6779230095903519,
      -0.14773024347806643,
      0.03256562411853908,
      0.5826338926316869,
      0.20308251810464575,
      1.0658141384091457,
      0.05883612261003937,
      -0.8985005522169748,
      -0.6136759059502335,
      0.7070001643851055,
      -0.3516033177812062,
      0.28499555355494444,
      -0.8068270255789762,
      0.37314684767275963,
      0.3638048400225741
    ],
    "psi": [
      0.0008471950495794777,
      -0.051031195986837974,
      0.03715340192274089,
      -0.10573226546813383,
      -0.04394434753239684,
      0.031535916701347616,
      0.05290357981550792,
      -0.01778602701539691,
      0.0700204601561074,
      -0.02866564134013451,
      -0.058515459016193816,
      -0.09112773050125947,
      -0.012595320314717516,
      -0.02180624232246637,
      0.030919549982042282,
      -0.018996401350450012,
      -0.05253699325454615,
      0.06058712785143776
    ]
  },
  "metrics_series": {
    "mse_train_noise": 0.019067164300121137,
    "mse_train_recovered": 0.02511243820069059,
    "delta_train_pct": -31.70515450234541,
    "mse_test_noise": 0.018957942152927745,
    "mse_test_recovered": 0.02514448891593552,
    "delta_test_pct": -32.63300791353225
  }
}