{
  "schema": {
    "name": "half_qae_bundle",
    "version": "1.0"
  },
  "timestamp": "2025-09-22 05:16:56",
  "dataset": {
    "id": "mackey_glass_tau17_n200",
    "scale_low": 0.2,
    "scale_high": 0.8,
    "window_size": 6,
    "window_step": 2,
    "split": 0.75
  },
  "run": {
    "instance_id": 3,
    "layer": 1,
    "sigma_eval": 0.2,
    "test_seed_fixed": 99123
  },
  "environment": {
    "device": "default.qubit",
    "reset_mode": "none"
  },
  "architecture": {
    "n_qubits": 6,
    "n_latent": 4,
    "n_trash": 2
  },
  "parameters": {
    "phi": [
      0.45131474285053935,
      0.060137930405990185,
      0.6113810032289119,
      0.26258306081732924,
      -1.0428684507360828,
      0.1349209359712809,
      -0.3517257184407105,
      0.7107501863616077,
      0.20365328092670779,
      0.4170713140160395,
      -0.8039358190369937,
      -0.08964450146698756,
      -0.9268393827033296,
      -0.28261960488755256,
      -0.35454786740951244,
      -0.6692344952167165,
      0.4173801583217196,
      0.31015265148963095
    ],
    "psi": [
      0.0748400763660998,
      -0.03183849651345727,
      0.09610627420636814,
      -0.014123363789681162,
      -0.13209594285416876,
      -0.026130374254310328,
      0.0043258993790641,
      0.029998116378354478,
      -0.017405224254536254,
      0.06960882541659785,
      -0.05737267946346129,
      -0.020418045014746974,
      -0.09810624278866478,
      -0.09825723496898767,
      -0.03427707709065071,
      -0.05342772506548623,
      -0.04499113125804063,
      0.03048714365244151
    ]
  },
  "metrics_series": {
    "mse_train_noise": 0.019067164300121137,
    "mse_train_recovered": 0.027306442899296488,
    "delta_train_pct": -43.21187183100428,
    "mse_test_noise": 0.018957942152927745,
    "mse_test_recovered": 0.027120862524500782,
    "delta_test_pct": -43.0580508460535
  }
}