{
  "schema": {
    "name": "half_qae_bundle",
    "version": "1.0"
  },
  "timestamp": "2025-09-22 05:16:49",
  "dataset": {
    "id": "mackey_glass_tau17_n200",
    "scale_low": 0.2,
    "scale_high": 0.8,
    "window_size": 6,
    "window_step": 2,
    "split": 0.75
  },
  "run": {
    "instance_id": 1,
    "layer": 1,
    "sigma_eval": 0.2,
    "test_seed_fixed": 99123
  },
  "environment": {
    "device": "default.qubit",
    "reset_mode": "none"
  },
  "architecture": {
    "n_qubits": 6,
    "n_latent": 4,
    "n_trash": 2
  },
  "parameters": {
    "phi": [
      0.6176120788521642,
      -0.6001804046604327,
      0.19790118572764784,
      0.3262506012743048,
      -0.10532918562501035,
      -0.37475243769355276,
      0.047564721737439565,
      -0.03610482050029764,
      -0.25664972266878977,
      0.46942619736826896,
      0.41338171532071427,
      -0.4219459235094396,
      0.04794722862793045,
      -0.44955411812413415,
      0.01994755079323865,
      1.0571288330050526,
      0.26941743086765624,
      -0.441968515311754
    ],
    "psi": [
      0.09353642694190917,
      -0.09844896608022988,
      -0.018591410376105972,
      0.05850029290950395,
      -0.04254050078433623,
      -0.04310284404172501,
      0.027398390141985095,
      0.0005169608713824156,
      0.006390710817038916,
      0.07004498615065083,
      0.0637214655137008,
      -0.01261107942810572,
      -0.05690268240421052,
      0.0068071989366141955,
      0.02926427316147088,
      0.04886290719337295,
      -0.07385087617420914,
      -0.007747494712997779
    ]
  },
  "metrics_series": {
    "mse_train_noise": 0.019067164300121137,
    "mse_train_recovered": 0.024147135697935914,
    "delta_train_pct": -26.642511271497792,
    "mse_test_noise": 0.018957942152927745,
    "mse_test_recovered": 0.023088576599096876,
    "delta_test_pct": -21.78841148922497
  }
}