layer,runs,mse_test_noise_mean,mse_test_recovered_mean,delta_test_pct_mean
1,5,0.0189579421529277,0.024917657161451078,-31.43650803683359
3,5,0.0189579421529277,0.023821167458283783,-25.652706744888224
