{
  "schema": {
    "name": "half_qae_bundle",
    "version": "1.0"
  },
  "timestamp": "2025-09-02 19:38:40",
  "dataset": {
    "id": "mackey_glass_n100",
    "scale_low": 0.2,
    "scale_high": 0.8,
    "window_size": 4,
    "window_stride": 1
  },
  "run": {
    "tag": "inst4_L1",
    "instance_id": 4,
    "seed": 4,
    "sigma_train": 0.1,
    "sigma_eval": 0.1
  },
  "architecture": {
    "n_qubits": 4,
    "n_layers": 1,
    "n_latent": 2,
    "n_trash": 2,
    "latent_wires": [
      0,
      1
    ],
    "trash_wires": [
      2,
      3
    ]
  },
  "training": {
    "stage1": {
      "lr_init": 0.01,
      "max_epochs": 120,
      "patience": 10,
      "lr_patience": 8,
      "best_val": 0.23694092895402447,
      "final_val": 0.23751300673379916,
      "best_epoch": 112,
      "epochs": 120,
      "train_curve": [
        0.47658072368436166,
        0.4740632732601964,
        0.4697608329977962,
        0.4704770774246545,
        0.46663882621050834,
        0.46499626270481087,
        0.4627840488111777,
        0.45781117319998105,
        0.45919153962224124,
        0.4534492534409656,
        0.4497815097573563,
        0.44983345457904944,
        0.4477052300509936,
        0.44155217623352205,
        0.44279490434463364,
        0.4399037136895593,
        0.4351150121458198,
        0.4316479541800967,
        0.4311679969410782,
        0.4261885984571496,
        0.42034104740777956,
        0.42114028853926966,
        0.42045801759909573,
        0.41352125268585993,
        0.4134047328251616,
        0.4085932383464582,
        0.40633249328090526,
        0.40373677421938564,
        0.402432592364412,
        0.39677835851640486,
        0.3916655886782885,
        0.390065318318103,
        0.3861020425131091,
        0.38529350002935964,
        0.38109685685170624,
        0.3831710291362838,
        0.38195285971861875,
        0.3744585466511972,
        0.37533769691584795,
        0.37488567176690035,
        0.3720430116161111,
        0.36790751284326234,
        0.36477152004723146,
        0.3669765737574978,
        0.3646398335384664,
        0.3642851857121729,
        0.35801002791202396,
        0.35590178712964865,
        0.3574877119852552,
        0.3486825958321689,
        0.35155639508984526,
        0.35984919259930187,
        0.35445155485193847,
        0.3454572158762324,
        0.34984427209886415,
        0.35033027463031563,
        0.34681332985101543,
        0.34382536682766807,
        0.3424944922056732,
        0.33821010649490846,
        0.3405552895968946,
        0.3393023012223634,
        0.33601664533928505,
        0.3372473443825392,
        0.33272498717336063,
        0.32871334367503047,
        0.3297502765782917,
        0.32982600751617,
        0.3274439771705396,
        0.32424988087705997,
        0.32450438283307825,
        0.3207365715891153,
        0.3223255173445941,
        0.32051414974767684,
        0.3212304743011356,
        0.3168372962179665,
        0.3127308487676997,
        0.3174040654499334,
        0.31123836577916264,
        0.31473859438251095,
        0.30748275449486223,
        0.3102268411277491,
        0.3078912663213319,
        0.3077129338924759,
        0.3036236574154214,
        0.30291086605550543,
        0.29824002515721154,
        0.3012029452559002,
        0.30151091094065685,
        0.2955996893455497,
        0.2949046092984954,
        0.29351629669232654,
        0.2943870673045307,
        0.29161291286264446,
        0.28934279987572376,
        0.2920102668763994,
        0.282597081683843,
        0.2845504408726155,
        0.2770027465540081,
        0.28012954375897786,
        0.27736457278944315,
        0.27403756896986214,
        0.27117625936839923,
        0.2720363815954139,
        0.27352237427213616,
        0.2704677591908885,
        0.26645300127830474,
        0.2639452836629899,
        0.2654547841252726,
        0.26245767225406114,
        0.2618686602811792,
        0.2592824042598892,
        0.25589096932361777,
        0.2594297064408305,
        0.267458002602613,
        0.25840796912280584,
        0.25764093465325066,
        0.2559537848824099,
        0.25758022407569314,
        0.2557175100240443
      ],
      "val_curve": [
        0.4823949082283095,
        0.4806843716912176,
        0.4789035591979675,
        0.47703986957851674,
        0.47510278264716843,
        0.4730626577427719,
        0.47091731250121355,
        0.4686918033364814,
        0.4663608905581337,
        0.46397924665636825,
        0.46153161250605323,
        0.4589824772925355,
        0.45639079696041274,
        0.45377742748016175,
        0.45109563481228776,
        0.4483900844195743,
        0.445648429996823,
        0.442882352822596,
        0.44004806225857146,
        0.4371986114267131,
        0.434360065627588,
        0.43145548181542004,
        0.428549333194872,
        0.42564246713978593,
        0.4227352043132894,
        0.41986897010488916,
        0.41701710864902414,
        0.41415458846736247,
        0.41127158205850395,
        0.4084117667664617,
        0.40546396999668693,
        0.402498208000947,
        0.39954471761236066,
        0.3965402568269209,
        0.39354709119269815,
        0.3905335535321279,
        0.3875636560970933,
        0.38457728848395945,
        0.38163898534827073,
        0.3787110991943346,
        0.37577599184011545,
        0.372806382180936,
        0.3697856467024584,
        0.36676011548626153,
        0.36383314925497745,
        0.36102356307398475,
        0.35821224303604077,
        0.35546217645449324,
        0.3528519693056606,
        0.35029003675668935,
        0.3476045562498197,
        0.3449326266501779,
        0.34229818771111786,
        0.3396751369705755,
        0.3371308848966349,
        0.3345350582292531,
        0.33189060230747225,
        0.32935344703633274,
        0.3267763586637241,
        0.32417167025624766,
        0.32152754206890083,
        0.3189860897273461,
        0.31638087310594354,
        0.3137698336359206,
        0.3112561801025325,
        0.30871382800126945,
        0.30624211310853316,
        0.3037857891301589,
        0.30144776826548225,
        0.29903807660526216,
        0.29656134048065813,
        0.29430136245648775,
        0.29207810295383096,
        0.2897858091574754,
        0.28759189062075685,
        0.2853265803615605,
        0.2830770835556249,
        0.28085861534238143,
        0.27865780928034084,
        0.2764959326977897,
        0.27439937610013176,
        0.27226514080717346,
        0.270102186216454,
        0.26803944354392567,
        0.26593864395303984,
        0.26381402312406305,
        0.26175444269883485,
        0.25973854929136675,
        0.25781828690128183,
        0.2559554922127887,
        0.25418506849357836,
        0.2524607562815654,
        0.2507931201821464,
        0.24927785074745268,
        0.24778225881502552,
        0.24637435631017274,
        0.24503681815770534,
        0.243849092460309,
        0.24274683172400996,
        0.24172317123639306,
        0.2408341266151853,
        0.2401190998343427,
        0.23944851617923574,
        0.2388072825031152,
        0.23832834137689782,
        0.23797419312372856,
        0.2376199582119134,
        0.23740561153996564,
        0.23722923735822107,
        0.2370545045227364,
        0.23702894998874752,
        0.2369714875767454,
        0.23694092895402447,
        0.23702458512819416,
        0.23712161645022906,
        0.23717690123883103,
        0.23727955304356194,
        0.23736229198628184,
        0.23749575699116682,
        0.23751300673379916
      ],