{
  "schema": {
    "name": "half_qae_bundle",
    "version": "1.0"
  },
  "timestamp": "2025-09-02 19:38:40",
  "dataset": {
    "id": "mackey_glass_n100",
    "scale_low": 0.2,
    "scale_high": 0.8,
    "window_size": 4,
    "window_stride": 1
  },
  "run": {
    "tag": "inst5_L1",
    "instance_id": 5,
    "seed": 5,
    "sigma_train": 0.1,
    "sigma_eval": 0.1
  },
  "architecture": {
    "n_qubits": 4,
    "n_layers": 1,
    "n_latent": 2,
    "n_trash": 2,
    "latent_wires": [
      0,
      1
    ],
    "trash_wires": [
      2,
      3
    ]
  },
  "training": {
    "stage1": {
      "lr_init": 0.01,
      "max_epochs": 120,
      "patience": 10,
      "lr_patience": 8,
      "best_val": 0.22862657351813248,
      "final_val": 0.2307880093454142,
      "best_epoch": 94,
      "epochs": 105,
      "train_curve": [
        0.4597937250440646,
        0.458901578976986,
        0.454006665118047,
        0.4518466075690149,
        0.44739835617645085,
        0.44399728129947796,
        0.44111230520244576,
        0.43686473117395386,
        0.42971996844136745,
        0.4340005065401684,
        0.4264024815390106,
        0.4198302156418119,
        0.4197997502777441,
        0.4112875963721074,
        0.40452984928000535,
        0.40766364887480555,
        0.40343123940454795,
        0.3997185913922465,
        0.39654287336581545,
        0.3956179512477862,
        0.3932869419809577,
        0.3858513175663708,
        0.38329582614391045,
        0.3795564407622985,
        0.37503052518161795,
        0.37510493210252505,
        0.3739180288039373,
        0.3699290363128892,
        0.36831550581467687,
        0.35883084135137044,
        0.36051331905817496,
        0.35979133515395006,
        0.36062139988443265,
        0.3538919196852347,
        0.3503534974646833,
        0.35217287413975396,
        0.3465017130495429,
        0.34565055452154025,
        0.34269190268176764,
        0.3420855960655378,
        0.3474464611013115,
        0.34169285043404585,
        0.3356780379954363,
        0.33882337214256497,
        0.3372160693869828,
        0.3325995471267881,
        0.3319237934544769,
        0.32726642593731403,
        0.3299781434881315,
        0.3309294994292018,
        0.32570830066506484,
        0.3278620432113945,
        0.3235265739942871,
        0.31839761818296075,
        0.31953359115196767,
        0.3209952670679038,
        0.3225829064280208,
        0.3143788555908016,
        0.3201675151100974,
        0.31586481050543874,
        0.3131383401285106,
        0.3138333131683002,
        0.3146846382861045,
        0.3130933418818903,
        0.310695461376135,
        0.30909181515763595,
        0.3062541455394316,
        0.3057420667498547,
        0.30042804473087226,
        0.2967637991418891,
        0.2990495175433977,
        0.2976060967605777,
        0.29920300102198194,
        0.29682678433968573,
        0.2939772072348806,
        0.2908188503484771,
        0.2884446289330957,
        0.28943207745525623,
        0.2833719485963284,
        0.28542924350022797,
        0.28545321254379985,
        0.282005794443232,
        0.27979107290673483,
        0.2766254212669541,
        0.276022072690825,
        0.2772480984711645,
        0.27494726497090805,
        0.27487887093765884,
        0.27211142779943753,
        0.2729608786705898,
        0.27013173226126747,
        0.26868879335757434,
        0.2621205240207598,
        0.2592157184072764,
        0.26163531765740233,
        0.2608062815009915,
        0.2553844550524334,
        0.2577365267392875,
        0.25866200647930676,
        0.2597302571026505,
        0.25603320089257026,
        0.26021027576879485,
        0.2561591039470049,
        0.25786422203413506,
        0.25546808850327185
      ],
      "val_curve": [
        0.47367009293987977,
        0.4710635159007805,
        0.468341345066829,
        0.46550152150134283,
        0.46255458265263094,
        0.45948200157654673,
        0.45631044070522353,
        0.4530651422362159,
        0.4497472315381092,
        0.4463133771400192,
        0.4428512821105062,
        0.4393017224672032,
        0.43571333728956035,
        0.4320446271820718,
        0.4283877236733164,
        0.424588137553195,
        0.42075532234274793,
        0.4168802518864321,
        0.4130001736065217,
        0.4090208961719256,
        0.4050870658393733,
        0.40114217762217075,
        0.397219544879066,
        0.39329002169987637,
        0.3894857477803784,
        0.38565240370102616,
        0.38184743452732006,
        0.37801117208997387,
        0.3741968961518162,
        0.37043224905552286,
        0.36666614980682655,
        0.36291990266997753,
        0.35925599678472064,
        0.3556246139838923,
        0.3519930582752787,
        0.34849408458815256,
        0.3449710740946996,
        0.34150414053749145,
        0.33820495016985036,
        0.3349935946553415,
        0.33177474320634726,
        0.3285695401486749,
        0.3253770240256285,
        0.3223350114574918,
        0.3193518430115837,
        0.3162854681192238,
        0.31333872006254054,
        0.3104676399541564,
        0.3077417518750046,
        0.3050632385303812,
        0.3023707571489554,
        0.2996908962325629,
        0.29698859265405775,
        0.2942046624603592,
        0.2915474435049175,
        0.28891275932928717,
        0.2862315743824103,
        0.2835933045893814,
        0.28117850549995743,
        0.27869538136356964,
        0.2762929516541129,
        0.27399779977949745,
        0.2716297408955767,
        0.2692701251404305,
        0.2668790893919317,
        0.26461866416419344,
        0.2623454878267866,
        0.26011738181731964,
        0.2578503568113558,
        0.255736103004592,
        0.2536738653773718,
        0.2515918658880955,
        0.24970023308155684,
        0.24785535950486054,
        0.2460948013399115,
        0.24439599293289516,
        0.24277572353322568,
        0.2411188222984022,
        0.2396694834878641,
        0.23830537021229858,
        0.23696572526350113,
        0.23574460288955784,
        0.2346315701720502,
        0.2336007604924532,
        0.23265657150230132,
        0.23183745259111613,
        0.23111845073960674,
        0.23050481444320886,
        0.2299705302357849,
        0.22955229040005193,
        0.22922687324917018,
        0.22893766900859197,
        0.22875790298632775,
        0.22864062608173025,
        0.22862657351813248,
        0.22868744507736533,
        0.22875723846363233,
        0.22884360763517436,
        0.22901621920001763,
        0.2292649329155998,
        0.22948973105575413,
        0.22977263700859352,
        0.23019870111074686,
        0.23051176697927542,
        0.2307880093454142
      ],