{
  "schema": {
    "name": "half_qae_bundle",
    "version": "1.0"
  },
  "timestamp": "2025-09-02 19:38:40",
  "dataset": {
    "id": "mackey_glass_n100",
    "scale_low": 0.2,
    "scale_high": 0.8,
    "window_size": 4,
    "window_stride": 1
  },
  "run": {
    "tag": "inst3_L1",
    "instance_id": 3,
    "seed": 3,
    "sigma_train": 0.1,
    "sigma_eval": 0.1
  },
  "architecture": {
    "n_qubits": 4,
    "n_layers": 1,
    "n_latent": 2,
    "n_trash": 2,
    "latent_wires": [
      0,
      1
    ],
    "trash_wires": [
      2,
      3
    ]
  },
  "training": {
    "stage1": {
      "lr_init": 0.01,
      "max_epochs": 120,
      "patience": 10,
      "lr_patience": 8,
      "best_val": 0.23290783755188596,
      "final_val": 0.2350926886132143,
      "best_epoch": 74,
      "epochs": 85,
      "train_curve": [
        0.48471960675780296,
        0.48061946737934214,
        0.4782372818641465,
        0.47243696578495153,
        0.4691764055697494,
        0.4624979365252192,
        0.4602480775441633,
        0.4552840306223416,
        0.4491843337690612,
        0.4459593108236085,
        0.4415950616809817,
        0.4386490437601639,
        0.4311879013875325,
        0.43009582335805285,
        0.4222058001857837,
        0.41568079842015737,
        0.4107182508961511,
        0.40677569933207613,
        0.4016375488716567,
        0.3956337685401974,
        0.38826083079741497,
        0.38634272551358134,
        0.3762911527829617,
        0.3679271831897169,
        0.36395421874937756,
        0.3579093993153835,
        0.35064492773648565,
        0.34737969670154634,
        0.33764279384910756,
        0.33538339610374823,
        0.3268721702874877,
        0.323172087016714,
        0.32001631259695296,
        0.3147940188106959,
        0.3081398578655681,
        0.30666678434224437,
        0.3065071289402777,
        0.29877658142139574,
        0.2886959241593189,
        0.28883988721156817,
        0.28423224477659415,
        0.2786961720907857,
        0.2786892623867206,
        0.2823023740464756,
        0.2768063270753784,
        0.2737853186552105,
        0.276372843393422,
        0.2740951054592379,
        0.27168909835605337,
        0.2705645765475454,
        0.26929467053762307,
        0.2679724113385825,
        0.26895925493540684,
        0.26592969249148507,
        0.26304534114266453,
        0.2575527510970974,
        0.25934279080867223,
        0.2564010748380331,
        0.2603887836783195,
        0.25946553466625666,
        0.2656080468805754,
        0.25978186543036597,
        0.25934570819727565,
        0.2561045304039616,
        0.2580868859653985,
        0.2569569833244941,
        0.2570610513452134,
        0.2542056760720498,
        0.25649440098555326,
        0.25285745295633666,
        0.2548960498992482,
        0.2501208218546715,
        0.2554543983953813,
        0.2585001746632919,
        0.2607324191298066,
        0.2511911400444993,
        0.2536117355693745,
        0.24988244607915644,
        0.24929754350553784,
        0.25228651698194837,
        0.25063569161798477,
        0.25454111216417824,
        0.254152582073169,
        0.25309867567402455,
        0.25522176990377743
      ],
      "val_curve": [
        0.48779939923570853,
        0.48434973645820667,
        0.48090809839659,
        0.47742886331951445,
        0.4738735770380562,
        0.47023685152357186,
        0.466538895774715,
        0.4626928750079591,
        0.4587547571891076,
        0.45460826401851806,
        0.4503235312482083,
        0.44577377391754186,
        0.4410728313386493,
        0.4360229832443431,
        0.43069163798866467,
        0.42505057295276905,
        0.41914662182947604,
        0.4128992378966897,
        0.40638692588356873,
        0.3996333304707246,
        0.39267436597555017,
        0.3855056058705152,
        0.37825816933627937,
        0.3709165371369693,
        0.36349693697703733,
        0.356127253732808,
        0.3488288276604729,
        0.3416692787675918,
        0.33463169771104956,
        0.3277683175206271,
        0.3211874251559197,
        0.3147918093798861,
        0.308685982056376,
        0.3028068705624178,
        0.29728597094435955,
        0.2920078481583609,
        0.28705148413672116,
        0.2823893809303851,
        0.278081562068759,
        0.27405564762854046,
        0.2703212851799409,
        0.26684330942049517,
        0.26369454385065316,
        0.2608006519102776,
        0.25813577516850195,
        0.25574003547393115,
        0.2535444319170398,
        0.25147920858126405,
        0.24965216813169383,
        0.2480183526625644,
        0.2464885358814252,
        0.2450479814404653,
        0.24378678673149765,
        0.24263401359673925,
        0.24157058783344806,
        0.24060584643425637,
        0.23972315546639072,
        0.23888162821383152,
        0.23816911395527396,
        0.2374736092352725,
        0.2368675887277071,
        0.23633003781908055,
        0.2357936721447428,
        0.23534150459933212,
        0.23490263790915594,
        0.23456064503580948,
        0.234157819761058,
        0.23390716380665605,
        0.23361729715370355,
        0.23338953916631322,
        0.23321653043296556,
        0.2330632832526164,
        0.23296357211399518,
        0.23293024044709493,
        0.23290783755188596,
        0.23291613123477486,
        0.23297778925095783,
        0.2330042671342528,
        0.23306540180279622,
        0.23315587367307175,
        0.23328421291449067,
        0.2334159371784937,
        0.23362074171572864,
        0.23464292131750178,
        0.2350926886132143
      ],
      "lr_curve": [
        0.01,
        0.01,
        0.01,
        0.01,
        0.01,
        0.01,
        0.01,
        0.01,
        0.01,
        0.01,
        0.01,
        0.01,
        0.01,
        0.01,
        0.01,
        0.01,
        0.01,
        0.01,
        0.01,
        0.01,
        0.01,
        0.01,
        0.01,
        0.01,
        0.01,
        0.01,
        0.01,
        0.01,
        0.01,
        0.01,
        0.01,
        0.01,
        0.01,
        0.01,
        0.01,
        0.01,
        0.01,
        0.01,
        0.01,
        0.01,
        0.01,
        0.01,
        0.01,
        0.01,
        0.01,
        0.01,
        0.01,
        0.01,
        0.01,
        0.01,
        0.01,
        0.01,
        0.01,
        0.01,
        0.01,
        0.01,
        0.01,
        0.01,
        0.01,
        0.01,
        0.01,
        0.01,
        0.01,
        0.01,
        0.01,
        0.01,
        0.01,
        0.01,
        0.01,
        0.01,
        0.01,
        0.01,
        0.01,
        0.01,
        0.01,
        0.01,
        0.01,
        0.01,
        0.01,
        0.01,
        0.01,
        0.01,
        0.01,
        0.005,
        0.005
      ],
      "train_seconds": 38.41716504096985
    },
    "stage3": {
      "lr_init": 0.003,
      "max_epochs": 60,
      "patience": 10,
      "plateau_steps": 5,
      "plateau_factor": 0.5,
      "best_val_mse": 0.0030063447262691652,
      "final_val_mse": 0.003016001843079648,
      "best_epoch": 28,
      "epochs": 39,