{
  "schema": {
    "name": "half_qae_bundle",
    "version": "1.0"
  },
  "timestamp": "2025-09-02 23:54:14",
  "dataset": {
    "id": "mackey_glass_n100",
    "scale_low": 0.2,
    "scale_high": 0.8,
    "window_size": 6,
    "window_stride": 1
  },
  "run": {
    "tag": "inst1_L1",
    "instance_id": 1,
    "seed": 1,
    "sigma_train": 0.1,
    "sigma_eval": 0.1
  },
  "architecture": {
    "n_qubits": 6,
    "n_layers": 1,
    "n_latent": 2,
    "n_trash": 4,
    "latent_wires": [
      0,
      1
    ],
    "trash_wires": [
      2,
      3,
      4,
      5
    ]
  },
  "training": {
    "stage1": {
      "lr_init": 0.01,
      "max_epochs": 120,
      "patience": 10,
      "lr_patience": 8,
      "best_val": 0.2389153932388407,
      "final_val": 0.2389153932388407,
      "best_epoch": 119,
      "epochs": 120,
      "train_curve": [
        0.4874343466737965,
        0.48548394144969587,
        0.4840063975207346,
        0.48242950940710916,
        0.4786939447444003,
        0.4793401700194121,
        0.4764263923241795,
        0.4755010246086376,
        0.4736859976543816,
        0.47241127111772996,
        0.4679514899472984,
        0.4687414848608591,
        0.46666345309870416,
        0.4628044696128232,
        0.4612621235947473,
        0.458003687884296,
        0.4569784299220193,
        0.4534968270971525,
        0.4507315850378075,
        0.4503353416111613,
        0.4491662447316632,
        0.44613431264378406,
        0.44260335765166736,
        0.44135800384311297,
        0.4361266616339069,
        0.43631874922293934,
        0.4345883065109541,
        0.4316481327259636,
        0.4306106451746784,
        0.4283176917760266,
        0.4242309238714929,
        0.42291803850041265,
        0.4205258059875268,
        0.4175587134681229,
        0.4160548177858958,
        0.40990039545519175,
        0.41071480377106584,
        0.4130045116277439,
        0.40781368806449675,
        0.4073164456672602,
        0.4046928482185209,
        0.4016277197606545,
        0.40288177304087835,
        0.39739849012718886,
        0.39770254692861784,
        0.39670842310548937,
        0.3967128888101631,
        0.3888757996875009,
        0.39092981583369013,
        0.38850243041721666,
        0.3878708008870856,
        0.3840213119459328,
        0.3871782478774358,
        0.3807034639469479,
        0.3771287726362148,
        0.3753823101159138,
        0.37624768383249163,
        0.3726000684234068,
        0.3766073633517433,
        0.3703067602910226,
        0.3647555466148167,
        0.3703734223065458,
        0.36621047126307865,
        0.3619431172148132,
        0.3643249089422977,
        0.3631664275384625,
        0.3639259462798459,
        0.35764177461011715,
        0.35283257456567385,
        0.3536429417298693,
        0.35211616965415554,
        0.3456811342683649,
        0.3517051110871385,
        0.34851762898232314,
        0.3422861374636889,
        0.3406756950231373,
        0.33816856145098995,
        0.34039802800387864,
        0.33941454070112653,
        0.33336380294900636,
        0.3348687602166236,
        0.3300084610331514,
        0.328721180281195,
        0.3316030811573022,
        0.32785424278158704,
        0.32739134031846717,
        0.31985741599053974,
        0.32011850247903795,
        0.3169730287562903,
        0.31628476737460476,
        0.3147888115509926,
        0.31451114428827787,
        0.3116800379890847,
        0.3090679146014631,
        0.30785169768755494,
        0.30974567522100693,
        0.3028957964628673,
        0.30324418994818536,
        0.3025686814021423,
        0.30065351504789506,
        0.30085411764746783,
        0.2911576650799078,
        0.2968220534963396,
        0.2955087168571593,
        0.2906658174731309,
        0.2896864265389203,
        0.2946744120642679,
        0.28916064396883645,
        0.2895381752026857,
        0.28706990025255585,
        0.2877340382782177,
        0.28736733385389135,
        0.2845870540337675,
        0.2827650362635238,
        0.2840610666844674,
        0.28679210493728535,
        0.2820536902790217,
        0.28494825059953754,
        0.28451503521230903,
        0.2872991558742431
      ],
      "val_curve": [
        0.4924873640685625,
        0.4912445497461355,
        0.4899476176873492,
        0.48859937475206716,
        0.4872039646016251,
        0.48572428058342226,
        0.48417909683260446,
        0.4825458953258808,
        0.48083348073302873,
        0.4790337025998684,
        0.4771716120747834,
        0.4752213330770698,
        0.4732162945454486,
        0.4711406461880861,
        0.4689894938740212,
        0.46676489498700446,
        0.4644761918527466,
        0.462138429727656,
        0.4597659211335961,
        0.4573105484357289,
        0.4548488817640844,
        0.45234189999524615,
        0.44986210249345104,
        0.4473170932721891,
        0.44480094324841046,
        0.44227899546878374,
        0.4397740405059616,
        0.43737952480896,
        0.43496025576756514,
        0.4324814847718491,
        0.43006245976474355,
        0.4276778199068745,
        0.4252315884519737,
        0.4228633733780859,
        0.42049292516398773,
        0.4181994589583063,
        0.4158964626524531,
        0.4136732530502807,
        0.4115464636914377,
        0.4095581452053184,
        0.40754312965693434,
        0.4055588601488163,
        0.4035713039408712,
        0.4015665883943903,
        0.39964975686334187,
        0.3977526812446645,
        0.39584420332926173,
        0.3939825313514655,
        0.39227287682009193,
        0.3905515561183921,
        0.38883551794160764,
        0.38718116299292404,
        0.3856515233735033,
        0.38407573288983277,
        0.38258133070196804,
        0.3810794185733443,
        0.37958706072436044,
        0.3781603449907043,
        0.37673302984045753,
        0.37534838165627854,
        0.3739406665855081,
        0.372566103349169,
        0.3711472980768015,
        0.36968332502539086,
        0.3682332153968218,
        0.36674286190075367,
        0.36521888363963095,
        0.3636636360512208,
        0.3620503619075483,
        0.36050584964025406,
        0.35887424812119145,
        0.35712364331816615,
        0.3552800095234141,
        0.3533991176596803,
        0.35146069574395855,
        0.3493855761816389,
        0.34718351226530614,
        0.34500091033557084,
        0.3426563352123846,
        0.3403383912032731,
        0.3378914162785324,
        0.33528711021637053,
        0.3325499614438154,
        0.32985840178130116,
        0.327123035691555,
        0.32429986338928773,
        0.3212695869583515,
        0.3181492975263536,
        0.31508606045336185,
        0.311822548346192,
        0.3086110974768755,
        0.3054738706268303,
        0.30230874461475077,
        0.2989653373190033,
        0.2956332176613154,
        0.2923207176702753,
        0.28896919099844337,
        0.28582354490510015,
        0.2825977721404379,
        0.2793113151114351,
        0.2762121940691264,
        0.2732969378331566,
        0.2704071632230393,
        0.26764874677449507,
        0.26494663774998295,
        0.2623195656212639,
        0.25987123019279945,
        0.2576297242193997,
        0.25545280451321223,
        0.2533660876332733,
        0.2514279969463768,
        0.2495717572836588,
        0.24789602761323978,
        0.24623831717148753,
        0.24476640987611178,
        0.24335122515595098,
        0.24205516199435137,
        0.2408585640973512,
        0.2398380405864664,
        0.2389153932388407
      ],