{
  "schema": {
    "name": "half_qae_bundle",
    "version": "1.0"
  },
  "timestamp": "2025-09-11 22:39:34",
  "dataset": {
    "id": "mackey_glass_tau30_n200",
    "scale_low": 0.2,
    "scale_high": 0.8,
    "window_size": 4,
    "window_stride": 1
  },
  "run": {
    "tag": "inst1_L1",
    "instance_id": 1,
    "seed": 1,
    "sigma_train": 0.2,
    "sigma_eval": 0.2
  },
  "architecture": {
    "n_qubits": 4,
    "n_layers": 1,
    "n_latent": 2,
    "n_trash": 2,
    "latent_wires": [
      0,
      1
    ],
    "trash_wires": [
      2,
      3
    ]
  },
  "training": {
    "stage1": {
      "lr_init": 0.01,
      "max_epochs": 120,
      "patience": 10,
      "lr_patience": 8,
      "best_val": 0.2689190125139954,
      "final_val": 0.2768683154250492,
      "best_epoch": 49,
      "epochs": 60,
      "train_curve": [
        0.4805924515205219,
        0.4757781677719274,
        0.47513196196136603,
        0.4723419130405607,
        0.4682077436589621,
        0.46723911909540994,
        0.46139954032896424,
        0.4585135245324369,
        0.4549589012677868,
        0.45085614089187875,
        0.446003425128964,
        0.4476509587481077,
        0.44324463875265335,
        0.43786551578946165,
        0.4379919633769971,
        0.43388038503202747,
        0.43158252483948323,
        0.42475574435960467,
        0.4210037435766363,
        0.41930163196458947,
        0.41793791875211156,
        0.40840327757880623,
        0.4080501419338479,
        0.4064528222420484,
        0.4030243134401881,
        0.39675470922368183,
        0.3937670696966002,
        0.3906897621287118,
        0.3883490472646172,
        0.3820334279776336,
        0.3789599858553604,
        0.377491947407537,
        0.3739018106083031,
        0.365640567806059,
        0.35718484697840025,
        0.35965925212464406,
        0.3577012388149045,
        0.3512924051998137,
        0.3424503144504779,
        0.34070464785867616,
        0.32890060753476735,
        0.328196227327005,
        0.32065127259056475,
        0.3175165243432833,
        0.31194486642997704,
        0.31065767229109165,
        0.30472311881382935,
        0.3027535119977801,
        0.2966792617646931,
        0.29417318464117953,
        0.2873560363126826,
        0.2875850836720664,
        0.28155332566557884,
        0.28451810363414715,
        0.2818590279303684,
        0.2832453915352924,
        0.27943989413231285,
        0.2788047147523349,
        0.2764068374023244,
        0.28625646282966144
      ],
      "val_curve": [
        0.47286331000020193,
        0.47031026910007895,
        0.46768893205489404,
        0.46523190850270113,
        0.46282636890247153,
        0.4604683839137885,
        0.4582104660399282,
        0.456004747725223,
        0.4538965039179378,
        0.4517933198817885,
        0.4497207745292327,
        0.44755642952442615,
        0.44535585256382043,
        0.443127688740231,
        0.44078233574952785,
        0.43829422596899736,
        0.4355584583030975,
        0.43257125225305015,
        0.4294577925871673,
        0.4260291160689693,
        0.422235851867142,
        0.41818901757402704,
        0.4136539789575421,
        0.4091200557373885,
        0.404245770147775,
        0.39885694241567443,
        0.3929943272802456,
        0.38686566504493497,
        0.38054023652518776,
        0.37387395101872106,
        0.36694605731949365,
        0.35974413472208505,
        0.35216349967600896,
        0.34447610402468,
        0.3371138431969912,
        0.32969799415297485,
        0.3221744678341431,
        0.3147960139004207,
        0.3077286596627983,
        0.3010707009039667,
        0.29491878310377434,
        0.2892759395715033,
        0.2841824843314297,
        0.27987920333856375,
        0.27624503504483944,
        0.27348232264482997,
        0.27133390230986704,
        0.2699948263142474,
        0.2692303565455655,
        0.2689190125139954,
        0.26927090519742114,
        0.2698719576739767,
        0.2705596089113566,
        0.27162784335756823,
        0.2728653436886225,
        0.27410337643186217,
        0.2752373102675064,
        0.27612107611712167,
        0.2761007914022046,
        0.2768683154250492
      ],
      "lr_curve": [
        0.01,
        0.01,
        0.01,
        0.01,
        0.01,
        0.01,
        0.01,
        0.01,
        0.01,
        0.01,
        0.01,
        0.01,
        0.01,
        0.01,
        0.01,
        0.01,
        0.01,
        0.01,
        0.01,
        0.01,
        0.01,
        0.01,
        0.01,
        0.01,
        0.01,
        0.01,
        0.01,
        0.01,
        0.01,
        0.01,
        0.01,
        0.01,
        0.01,
        0.01,
        0.01,
        0.01,
        0.01,
        0.01,
        0.01,
        0.01,
        0.01,
        0.01,
        0.01,
        0.01,
        0.01,
        0.01,
        0.01,
        0.01,
        0.01,
        0.01,
        0.01,
        0.01,
        0.01,
        0.01,
        0.01,
        0.01,
        0.01,
        0.01,
        0.005,
        0.005
      ],
      "train_seconds": 51.12647819519043
    },
    "stage3": {
      "lr_init": 0.003,
      "max_epochs": 60,
      "patience": 10,
      "plateau_steps": 5,
      "plateau_factor": 0.5,
      "best_val_mse": 0.009886792113786385,
      "final_val_mse": 0.009964263734283604,
      "best_epoch": 10,
      "epochs": 21,
      "train_curve": [
        0.19989067173633826,
        0.18560798895403038,
        0.19812713504371549,
        0.1918952252255327,
        0.19005028476850688,
        0.18716164153036424,
        0.19705452350854233,
        0.2014633370164399,
        0.18965343231794313,
        0.19467511947521815,
        0.19299677226074308,
        0.18794578748857202,
        0.19616143722561274,
        0.1896104754164783,
        0.19844355283137,
        0.19765616177255688,
        0.1832804047565944,
        0.20533615555231594,
        0.19376993001967097,
        0.18631273803518905,
        0.19568486967799592
      ],
      "val_curve": [
        0.012615865188067194,
        0.011692044341793448,
        0.011072238950968896,
        0.010701931738855761,
        0.010411355562335644,
        0.010284657388323426,
        0.010106824705862504,
        0.010060948246058365,
        0.010081419364002614,
        0.00994888097255045,
        0.009886792113786385,
        0.009891192257736317,
        0.009928924782802735,
        0.009931935239275746,
        0.009918513841753167,
        0.009944900794741838,
        0.010001096932738738,
        0.009953365033483276,
        0.009926528942885862,
        0.009935807181867633,
        0.009964263734283604
      ],
      "noisy_curve": [
        0.013846587727274512,
        0.013846587727274512,
        0.013846587727274512,
        0.013846587727274512,
        0.013846587727274512,
        0.013846587727274512,
        0.013846587727274512,
        0.013846587727274512,
        0.013846587727274512,
        0.013846587727274512,
        0.013846587727274512,
        0.013846587727274512,
        0.013846587727274512,
        0.013846587727274512,
        0.013846587727274512,
        0.013846587727274512,
        0.013846587727274512,
        0.013846587727274512,
        0.013846587727274512,
        0.013846587727274512,
        0.013846587727274512
      ],