{
  "schema": {
    "name": "half_qae_bundle",
    "version": "1.0"
  },
  "timestamp": "2025-09-11 22:39:34",
  "dataset": {
    "id": "mackey_glass_tau30_n200",
    "scale_low": 0.2,
    "scale_high": 0.8,
    "window_size": 4,
    "window_stride": 1
  },
  "run": {
    "tag": "inst4_L1",
    "instance_id": 4,
    "seed": 4,
    "sigma_train": 0.2,
    "sigma_eval": 0.2
  },
  "architecture": {
    "n_qubits": 4,
    "n_layers": 1,
    "n_latent": 2,
    "n_trash": 2,
    "latent_wires": [
      0,
      1
    ],
    "trash_wires": [
      2,
      3
    ]
  },
  "training": {
    "stage1": {
      "lr_init": 0.01,
      "max_epochs": 120,
      "patience": 10,
      "lr_patience": 8,
      "best_val": 0.2713418950683373,
      "final_val": 0.27753491810770925,
      "best_epoch": 50,
      "epochs": 61,
      "train_curve": [
        0.477442805100857,
        0.47463333323232854,
        0.47324009915871124,
        0.47095021295482153,
        0.46638189185537504,
        0.46190900327032697,
        0.46070447701817097,
        0.45679095103943484,
        0.44656615998806337,
        0.4481036308498061,
        0.4475745481011625,
        0.4452619173693311,
        0.4406140745597219,
        0.43781078482922614,
        0.4352044601716706,
        0.4306435637377624,
        0.4283315900183413,
        0.42387059541002337,
        0.41920530649208343,
        0.4146347573969675,
        0.4138162467765133,
        0.41034893831751024,
        0.4117899942648124,
        0.4076631717348056,
        0.3983376244212202,
        0.3963482029709483,
        0.39338882966367095,
        0.3906370596018761,
        0.3881011085334269,
        0.38590994100810205,
        0.3766029814638318,
        0.37586186433974117,
        0.37047265925160544,
        0.36634521451734786,
        0.36372447582405787,
        0.3594268944159681,
        0.35099899557508885,
        0.3486335188047386,
        0.34627508225942294,
        0.33763690299823934,
        0.3322182891491585,
        0.3283240901628578,
        0.3261821849549109,
        0.3175155693699092,
        0.31784766015603244,
        0.3141792145576476,
        0.3100294303698615,
        0.3027392035231467,
        0.3012150152618964,
        0.2923495167263067,
        0.29552928092708064,
        0.2886229583967492,
        0.29179595947840636,
        0.2793073476627524,
        0.28676347144907877,
        0.28593323970007645,
        0.2824222636318894,
        0.27855487428473114,
        0.2811016565476086,
        0.2821740185645142,
        0.27394863561156957
      ],
      "val_curve": [
        0.4773862972329022,
        0.47512976041253063,
        0.4727199077901581,
        0.4703113842469735,
        0.4679379799461625,
        0.4655808930849334,
        0.46323168564229533,
        0.4609189073106029,
        0.45867143508249,
        0.4564099895621613,
        0.45418148217111104,
        0.45191414882964515,
        0.44964778916955306,
        0.4472684030607593,
        0.444683410530404,
        0.44187229078387025,
        0.4388575577104108,
        0.4355685845890303,
        0.43198790684095273,
        0.4281286332527355,
        0.4240638094915778,
        0.41953222336967083,
        0.414753040000134,
        0.40980238168673777,
        0.4044385983189359,
        0.398971825516904,
        0.3930683358105786,
        0.3867595223527446,
        0.3804482466768101,
        0.37377927446285997,
        0.36678588753986957,
        0.3597175575247423,
        0.35251462721592236,
        0.3451145634632892,
        0.33830609441310344,
        0.33127640359363975,
        0.3245562220257635,
        0.31766342548076665,
        0.3110782212328159,
        0.3048655923987335,
        0.2990952001573462,
        0.2934388673284034,
        0.2882744772291711,
        0.283911842249082,
        0.28011376134515387,
        0.27695627048626353,
        0.27460846859690397,
        0.2730215366276735,
        0.2718834393451035,
        0.2713894764870873,
        0.2713418950683373,
        0.27153296130459276,
        0.2719002194863749,
        0.2727591976378228,
        0.27366519462805083,
        0.27453783819790684,
        0.27506794744753404,
        0.27564536620729574,
        0.27644325882775933,
        0.27716177224260097,
        0.27753491810770925
      ],
      "lr_curve": [
        0.01,
        0.01,
        0.01,
        0.01,
        0.01,
        0.01,
        0.01,
        0.01,
        0.01,
        0.01,
        0.01,
        0.01,
        0.01,
        0.01,
        0.01,
        0.01,
        0.01,
        0.01,
        0.01,
        0.01,
        0.01,
        0.01,
        0.01,
        0.01,
        0.01,
        0.01,
        0.01,
        0.01,
        0.01,
        0.01,
        0.01,
        0.01,
        0.01,
        0.01,
        0.01,
        0.01,
        0.01,
        0.01,
        0.01,
        0.01,
        0.01,
        0.01,
        0.01,
        0.01,
        0.01,
        0.01,
        0.01,
        0.01,
        0.01,
        0.01,
        0.01,
        0.01,
        0.01,
        0.01,
        0.01,
        0.01,
        0.01,
        0.01,
        0.01,
        0.005,
        0.005
      ],
      "train_seconds": 49.764519929885864
    },
    "stage3": {
      "lr_init": 0.003,
      "max_epochs": 60,
      "patience": 10,
      "plateau_steps": 5,
      "plateau_factor": 0.5,
      "best_val_mse": 0.00985101249262624,
      "final_val_mse": 0.009897622619100113,
      "best_epoch": 23,
      "epochs": 34,
      "train_curve": [
        0.20114436318184375,
        0.19143093644697373,
        0.19808542994137163,
        0.19593008861921735,
        0.1957323506108967,
        0.18600201691385893,
        0.1901290870699927,
        0.20156210848718611,
        0.1986719938945862,
        0.19044307144928885,
        0.2026856670560735,
        0.1874738997216456,
        0.19358380672035091,
        0.193307007090185,
        0.19649438729865862,
        0.20045311070080213,
        0.19688390129649982,
        0.20151587539144686,
        0.19492761011232643,
        0.19310210495026256,
        0.19444697295235894,
        0.19619686433273104,
        0.19606931713314238,
        0.1995698491458917,
        0.19195370384090477,
        0.19122388042508076,
        0.19201252702680807,
        0.19972011836007633,
        0.19436956286143756,
        0.1891167778485288,
        0.18608180673291239,
        0.194270898212499,
        0.19446942177341442,
        0.18656786250990723
      ],
      "val_curve": [
        0.012787957979895608,
        0.011761150983005692,
        0.011032828019782084,
        0.01062808146909799,
        0.0103411330935987,
        0.010206721603155973,
        0.010140693524841784,
        0.010079803063154216,
        0.009977357264478848,
        0.010016244108776114,
        0.009942663661193764,
        0.009930237008403692,
        0.010024492867282278,
        0.010012833120809273,
        0.00997452120282924,
        0.009962047263043245,
        0.009935756906640707,
        0.009915765739563091,
        0.0098835295036744,
        0.009870866244734202,
        0.009880741581838302,
        0.009875287259704801,
        0.009863820334217063,
        0.00985101249262624,
        0.009878331077998723,
        0.009908643491016103,
        0.00992513834322856,
        0.009952482604269725,
        0.009930350240200652,
        0.009920663694805987,
        0.009921975713739293,
        0.00992848505993143,
        0.009913335667934271,
        0.009897622619100113
      ],