{
  "schema": {
    "name": "half_qae_bundle",
    "version": "1.0"
  },
  "timestamp": "2025-09-11 22:39:34",
  "dataset": {
    "id": "mackey_glass_tau30_n200",
    "scale_low": 0.2,
    "scale_high": 0.8,
    "window_size": 4,
    "window_stride": 1
  },
  "run": {
    "tag": "inst3_L1",
    "instance_id": 3,
    "seed": 3,
    "sigma_train": 0.2,
    "sigma_eval": 0.2
  },
  "architecture": {
    "n_qubits": 4,
    "n_layers": 1,
    "n_latent": 2,
    "n_trash": 2,
    "latent_wires": [
      0,
      1
    ],
    "trash_wires": [
      2,
      3
    ]
  },
  "training": {
    "stage1": {
      "lr_init": 0.01,
      "max_epochs": 120,
      "patience": 10,
      "lr_patience": 8,
      "best_val": 0.2741799797372532,
      "final_val": 0.2775153840624933,
      "best_epoch": 37,
      "epochs": 48,
      "train_curve": [
        0.5034758157265414,
        0.4995502596493059,
        0.49280256658144705,
        0.4868006946560158,
        0.48076912059696664,
        0.47510310788811644,
        0.46693286451225235,
        0.45726617287360566,
        0.44917290610234883,
        0.439998468894377,
        0.4300852378840651,
        0.4151252329710002,
        0.4048808345874724,
        0.39452210649200814,
        0.381379842982568,
        0.3713050247284771,
        0.3620355407243182,
        0.3537849096447678,
        0.34071523567422013,
        0.341613012399565,
        0.33146879038563964,
        0.32536740282179505,
        0.3171027102297207,
        0.3164934117466801,
        0.31409280604675616,
        0.30874939880910907,
        0.30338633377388513,
        0.29792603620815,
        0.30062888154501666,
        0.2978304629551303,
        0.29728143225983966,
        0.29322602309405393,
        0.29538160089058324,
        0.29138790319250285,
        0.2880864574913938,
        0.2900654523099632,
        0.2855213930781164,
        0.2877224118816908,
        0.2857003948760669,
        0.28534863672404237,
        0.2833274209811163,
        0.2856407313074201,
        0.2844805397488054,
        0.2766384932950753,
        0.2761868519714315,
        0.28026365264591974,
        0.28118466611785875,
        0.2739333579993793
      ],
      "val_curve": [
        0.4860664954188958,
        0.48096397284250847,
        0.47548987098651335,
        0.46942801404602114,
        0.46269389084201756,
        0.4548237168492168,
        0.44584310969533886,
        0.4357716320735908,
        0.42462843818072427,
        0.41265902605402377,
        0.4000305525695163,
        0.3871913080896482,
        0.3742598701753163,
        0.36167287023531103,
        0.3497147091469123,
        0.33854301948203747,
        0.3284383290075392,
        0.319216867866306,
        0.3110400215434495,
        0.30393711426390035,
        0.29767559058065285,
        0.29240450535572005,
        0.28791333586508294,
        0.28428668959404263,
        0.2813448673276066,
        0.2789827995877685,
        0.2772322779107933,
        0.2760571838988457,
        0.27525626086111277,
        0.27481108867918486,
        0.27447626624890775,
        0.2742672695087383,
        0.27423140822225084,
        0.27423685546589177,
        0.27423275806319924,
        0.2743044656064181,
        0.27427359952731367,
        0.2741799797372532,
        0.27421515536897034,
        0.2742212365052189,
        0.274210443431704,
        0.27446977268316364,
        0.2747778007476606,
        0.27520374599642433,
        0.27570927285268026,
        0.2761768572640101,
        0.2774669929243646,
        0.2775153840624933
      ],
      "lr_curve": [
        0.01,
        0.01,
        0.01,
        0.01,
        0.01,
        0.01,
        0.01,
        0.01,
        0.01,
        0.01,
        0.01,
        0.01,
        0.01,
        0.01,
        0.01,
        0.01,
        0.01,
        0.01,
        0.01,
        0.01,
        0.01,
        0.01,
        0.01,
        0.01,
        0.01,
        0.01,
        0.01,
        0.01,
        0.01,
        0.01,
        0.01,
        0.01,
        0.01,
        0.01,
        0.01,
        0.01,
        0.01,
        0.01,
        0.01,
        0.01,
        0.01,
        0.01,
        0.01,
        0.01,
        0.01,
        0.01,
        0.005,
        0.005
      ],
      "train_seconds": 39.81745004653931
    },
    "stage3": {
      "lr_init": 0.003,
      "max_epochs": 60,
      "patience": 10,
      "plateau_steps": 5,
      "plateau_factor": 0.5,
      "best_val_mse": 0.009715348123490139,
      "final_val_mse": 0.009743932036044605,
      "best_epoch": 27,
      "epochs": 38,
      "train_curve": [
        0.2014104630748822,
        0.19336322460354266,
        0.20392188038652426,
        0.19505725642838787,
        0.18409414370372756,
        0.19497943619950167,
        0.18756193006444258,
        0.18977087011509775,
        0.19353388060201177,
        0.18990962039238293,
        0.19302746309806865,
        0.1884635858541728,
        0.1891546213185877,
        0.1876444669951272,
        0.2018444132594739,
        0.19454108328614153,
        0.1873033830191584,
        0.18884754954182856,
        0.1953306657925363,
        0.19225198959536266,
        0.20315430092362052,
        0.19418990821093587,
        0.20025687705944623,
        0.19349920041616445,
        0.1937134149285152,
        0.18482989219330767,
        0.19904811390103885,
        0.19517217442576035,
        0.18867654310638615,
        0.19788985473119614,
        0.1859088150907799,
        0.18904341034272823,
        0.19549049495721674,
        0.19431756348394608,
        0.19323234752665622,
        0.1916358306207147,
        0.19225707337325393,
        0.19018746486787402
      ],
      "val_curve": [
        0.012922459531698311,
        0.012226780887235545,
        0.011302620494091881,
        0.01060191153252009,
        0.010264957382896182,
        0.010129560106708312,
        0.009960926362150738,
        0.009900558139404003,
        0.009825945296850097,
        0.009853428429630676,
        0.00985885221955839,
        0.009834490212841796,
        0.009822108984675166,
        0.00983883051777886,
        0.009776991942273282,
        0.009774458555716823,
        0.009786197952831218,
        0.009763841760681449,
        0.009766546814694061,
        0.009728291299544578,
        0.009728163970137186,
        0.009764044028162553,
        0.00977094559995371,
        0.009806852959732713,
        0.009810606643498976,
        0.009766130434116494,
        0.009723414813179307,
        0.009715348123490139,
        0.009731325750321268,
        0.009758926136909544,
        0.009758369958846682,
        0.009770486367451,
        0.009780914343706506,
        0.009774054447187878,
        0.009781026233850658,
        0.009750250800885523,
        0.009745361826881979,
        0.009743932036044605
      ],