{
  "schema": {
    "name": "half_qae_bundle",
    "version": "1.0"
  },
  "timestamp": "2025-09-11 22:39:34",
  "dataset": {
    "id": "mackey_glass_tau30_n200",
    "scale_low": 0.2,
    "scale_high": 0.8,
    "window_size": 4,
    "window_stride": 1
  },
  "run": {
    "tag": "inst5_L1",
    "instance_id": 5,
    "seed": 5,
    "sigma_train": 0.2,
    "sigma_eval": 0.2
  },
  "architecture": {
    "n_qubits": 4,
    "n_layers": 1,
    "n_latent": 2,
    "n_trash": 2,
    "latent_wires": [
      0,
      1
    ],
    "trash_wires": [
      2,
      3
    ]
  },
  "training": {
    "stage1": {
      "lr_init": 0.01,
      "max_epochs": 120,
      "patience": 10,
      "lr_patience": 8,
      "best_val": 0.2628861328833265,
      "final_val": 0.27535098181367135,
      "best_epoch": 47,
      "epochs": 58,
      "train_curve": [
        0.4805289684622178,
        0.4771319244520628,
        0.4739595637771087,
        0.4704185396101282,
        0.4649390202405479,
        0.46420711576840207,
        0.4604625298354589,
        0.4536185243131905,
        0.45027321003628096,
        0.44630829012277917,
        0.4412012899376211,
        0.4386179002725814,
        0.4393168925988837,
        0.43054310913544847,
        0.4282970468703666,
        0.42484844219387563,
        0.42306997839853355,
        0.41574004143558885,
        0.4115128295469541,
        0.40480809796762546,
        0.40243247769978907,
        0.40074195890473513,
        0.39600211164451604,
        0.392880175230137,
        0.39292811194582,
        0.3893932839956003,
        0.3830334665557692,
        0.3805661746497435,
        0.37431834119708335,
        0.3731122184974682,
        0.3716083744941036,
        0.3616430302891849,
        0.3593102250233752,
        0.3533065982820701,
        0.35403408925784996,
        0.3410241207528229,
        0.3394776754951419,
        0.33469898002605947,
        0.32955137441935095,
        0.3287383344729309,
        0.3233438953107811,
        0.31609696195519493,
        0.31175901283389723,
        0.3088679407966788,
        0.3069312755876495,
        0.30219099562941765,
        0.3001117365787404,
        0.3006859966143968,
        0.28786196987689455,
        0.2883464585994171,
        0.28992602621201385,
        0.28592804760855794,
        0.28008576655051753,
        0.27894600262310426,
        0.2820626726728701,
        0.2785707414018014,
        0.2800970744127276,
        0.27045500104049397
      ],
      "val_curve": [
        0.47430742743966015,
        0.47075512647901474,
        0.46706516847997037,
        0.4634970987988812,
        0.46016334824645677,
        0.45681576126975054,
        0.4536372741042859,
        0.4506087553678588,
        0.4475698114771679,
        0.4443996952256997,
        0.44114923089017993,
        0.43778133333600194,
        0.4341835484008145,
        0.4306690452142602,
        0.426965904097505,
        0.42293146123564596,
        0.4188291339517862,
        0.4144532175699663,
        0.40973188838743047,
        0.40499988206060655,
        0.39978960679987063,
        0.3945556989987084,
        0.3891356188241984,
        0.38351161235766,
        0.37750037983003787,
        0.37132674127571585,
        0.3650724320885665,
        0.35852650489721427,
        0.35173051360439894,
        0.3447659916430935,
        0.33788506255820894,
        0.3308980561763103,
        0.3237871817761927,
        0.3167763544925231,
        0.3099968988776389,
        0.3035395031633838,
        0.29745223954501515,
        0.29155707339479137,
        0.2860673571690556,
        0.281074731734053,
        0.27674729864553055,
        0.2730081064576546,
        0.26986779121370696,
        0.2672823919301594,
        0.26540544530751947,
        0.2639952055482057,
        0.2631013076100233,
        0.2628861328833265,
        0.26309236561616356,
        0.2637684339034765,
        0.26480666681681725,
        0.2662804063582526,
        0.2677590014695245,
        0.2694771389784143,
        0.2713432760981016,
        0.2729133154276394,
        0.2744527286205393,
        0.27535098181367135
      ],
      "lr_curve": [
        0.01,
        0.01,
        0.01,
        0.01,
        0.01,
        0.01,
        0.01,
        0.01,
        0.01,
        0.01,
        0.01,
        0.01,
        0.01,
        0.01,
        0.01,
        0.01,
        0.01,
        0.01,
        0.01,
        0.01,
        0.01,
        0.01,
        0.01,
        0.01,
        0.01,
        0.01,
        0.01,
        0.01,
        0.01,
        0.01,
        0.01,
        0.01,
        0.01,
        0.01,
        0.01,
        0.01,
        0.01,
        0.01,
        0.01,
        0.01,
        0.01,
        0.01,
        0.01,
        0.01,
        0.01,
        0.01,
        0.01,
        0.01,
        0.01,
        0.01,
        0.01,
        0.01,
        0.01,
        0.01,
        0.01,
        0.01,
        0.005,
        0.005
      ],
      "train_seconds": 47.01740574836731
    },
    "stage3": {
      "lr_init": 0.003,
      "max_epochs": 60,
      "patience": 10,
      "plateau_steps": 5,
      "plateau_factor": 0.5,
      "best_val_mse": 0.009725838654805525,
      "final_val_mse": 0.009874020813779997,
      "best_epoch": 21,
      "epochs": 32,
      "train_curve": [
        0.19292329968317973,
        0.19061442317401137,
        0.18326144255228177,
        0.19150489821526456,
        0.18933501283717685,
        0.19000302901283547,
        0.19863935668809457,
        0.20048201270139115,
        0.1868142984946487,
        0.1994863800568846,
        0.19641903623965354,
        0.1953100483271376,
        0.1904982578440855,
        0.19544073348628338,
        0.19203496882631882,
        0.18776176201633726,
        0.19415983479203267,
        0.1944411716384583,
        0.19401796008129518,
        0.19009933375992003,
        0.20534786022613485,
        0.1909010162546218,
        0.19890132513651146,
        0.19653609019656837,
        0.18818683161681427,
        0.19653117966306358,
        0.19472602440853903,
        0.19143052457932916,
        0.19030579710397588,
        0.1988842162736827,
        0.1904758296060819,
        0.19232894024855052
      ],
      "val_curve": [
        0.012707546692301886,
        0.011696689097280132,
        0.01102294918238455,
        0.010659446510103508,
        0.010403344492205441,
        0.010279065140194393,
        0.01008614031401335,
        0.010087826553354889,
        0.010032119223300584,
        0.009967381501475633,
        0.009906182582115518,
        0.009866876979750035,
        0.009912551586289,
        0.009865548036205967,
        0.009820827930916428,
        0.009852098569629052,
        0.009808327674573005,
        0.0098448320304765,
        0.009790144316968803,
        0.009775723223513774,
        0.009737895203104318,
        0.009725838654805525,
        0.00977065355893551,
        0.009790458837961244,
        0.009807922635832167,
        0.009843550499495885,
        0.009822336515784558,
        0.009845368031934504,
        0.009867316638397402,
        0.009876948486046016,
        0.009876646384159938,
        0.009874020813779997
      ],