{
  "schema": {
    "name": "half_qae_bundle",
    "version": "1.0"
  },
  "timestamp": "2025-09-11 22:39:34",
  "dataset": {
    "id": "mackey_glass_tau30_n200",
    "scale_low": 0.2,
    "scale_high": 0.8,
    "window_size": 4,
    "window_stride": 1
  },
  "run": {
    "tag": "inst2_L1",
    "instance_id": 2,
    "seed": 2,
    "sigma_train": 0.2,
    "sigma_eval": 0.2
  },
  "architecture": {
    "n_qubits": 4,
    "n_layers": 1,
    "n_latent": 2,
    "n_trash": 2,
    "latent_wires": [
      0,
      1
    ],
    "trash_wires": [
      2,
      3
    ]
  },
  "training": {
    "stage1": {
      "lr_init": 0.01,
      "max_epochs": 120,
      "patience": 10,
      "lr_patience": 8,
      "best_val": 0.2641458496603969,
      "final_val": 0.276032039248849,
      "best_epoch": 54,
      "epochs": 65,
      "train_curve": [
        0.5153127912544054,
        0.5109129861952191,
        0.5052014716725878,
        0.5026422527986506,
        0.49628518312241,
        0.4946553135927033,
        0.491479363102072,
        0.48666989122046694,
        0.48267266565887584,
        0.480213647035758,
        0.47647120782168495,
        0.47186532122756153,
        0.46956195633051845,
        0.46608779432052383,
        0.46121866567155767,
        0.45574162434721605,
        0.4528074881800459,
        0.44501118450489974,
        0.4424903677757893,
        0.42919355490995836,
        0.43548567133932375,
        0.42415520636075776,
        0.42708565793380426,
        0.4140998016509603,
        0.41383758152689465,
        0.4098451454797154,
        0.4089550085992213,
        0.4037159162846395,
        0.401854050591673,
        0.4003520825308301,
        0.39660299670710697,
        0.3900999750149373,
        0.39037139035707147,
        0.38524960727413465,
        0.38272655325432997,
        0.3767865661909545,
        0.37671646200752645,
        0.36845542689692556,
        0.36441261102389594,
        0.35915512170525343,
        0.35813743342831655,
        0.35512964747083786,
        0.34938939309890726,
        0.33822008898473715,
        0.3400235091085865,
        0.33443272244496686,
        0.3259796708140273,
        0.32489759622800896,
        0.31748658702932997,
        0.31186793415556413,
        0.3074201687078187,
        0.304357915023342,
        0.3005031073668316,
        0.29742879065663663,
        0.2916881444149435,
        0.2925946283230184,
        0.2875627402106008,
        0.28525955522483426,
        0.28432661498346945,
        0.2826257906212332,
        0.27931066731258614,
        0.28222330763105924,
        0.2774298905696652,
        0.27541659711741784,
        0.2793096632657932
      ],
      "val_curve": [
        0.49970542305595406,
        0.49592288844342497,
        0.4926433762920909,
        0.48967834654631837,
        0.48703769913646455,
        0.48439116629708795,
        0.4817264432347116,
        0.47902040926683453,
        0.47611724458024784,
        0.4730522636667451,
        0.4698497130326519,
        0.46643752397592664,
        0.46291291151388647,
        0.4593090462697747,
        0.45565826185466635,
        0.45195685159591753,
        0.4482534996046465,
        0.44459113346052453,
        0.44081526881879346,
        0.43713150201924345,
        0.433275610575787,
        0.42941906896144594,
        0.42542260235175783,
        0.4213831241502094,
        0.4172626313606709,
        0.413032303194937,
        0.40877800901616085,
        0.40417698996735324,
        0.3995589502937322,
        0.3947017406330945,
        0.3896133052737437,
        0.38419720637616583,
        0.37844308338381344,
        0.3725248327395038,
        0.36614152238780073,
        0.3596790876223145,
        0.3526818077430043,
        0.34574503231216297,
        0.33830631441749937,
        0.33099633660965344,
        0.32365797520719736,
        0.3161825683322701,
        0.30882950823894373,
        0.3021123174339788,
        0.2954990913929335,
        0.28934397176216464,
        0.28379303610220996,
        0.2789428831820776,
        0.27473585225782504,
        0.2712393339844877,
        0.26850250100177,
        0.2663663403896955,
        0.2648970876673819,
        0.2641995346667665,
        0.2641458496603969,
        0.26461719015040275,
        0.2654598840467714,
        0.26652637935297585,
        0.26784444702992644,
        0.26927137199019724,
        0.2709704664249806,
        0.2728997802550757,
        0.27444356751414556,
        0.27538035060101707,
        0.276032039248849
      ],
      "lr_curve": [
        0.01,
        0.01,
        0.01,
        0.01,
        0.01,
        0.01,
        0.01,
        0.01,
        0.01,
        0.01,
        0.01,
        0.01,
        0.01,
        0.01,
        0.01,
        0.01,
        0.01,
        0.01,
        0.01,
        0.01,
        0.01,
        0.01,
        0.01,
        0.01,
        0.01,
        0.01,
        0.01,
        0.01,
        0.01,
        0.01,
        0.01,
        0.01,
        0.01,
        0.01,
        0.01,
        0.01,
        0.01,
        0.01,
        0.01,
        0.01,
        0.01,
        0.01,
        0.01,
        0.01,
        0.01,
        0.01,
        0.01,
        0.01,
        0.01,
        0.01,
        0.01,
        0.01,
        0.01,
        0.01,
        0.01,
        0.01,
        0.01,
        0.01,
        0.01,
        0.01,
        0.01,
        0.01,
        0.01,
        0.005,
        0.005
      ],
      "train_seconds": 55.0988872051239
    },
    "stage3": {
      "lr_init": 0.003,
      "max_epochs": 60,
      "patience": 10,
      "plateau_steps": 5,
      "plateau_factor": 0.5,
      "best_val_mse": 0.009672654416804195,
      "final_val_mse": 0.009799033646444282,
      "best_epoch": 12,
      "epochs": 23,
      "train_curve": [
        0.20137497371122345,
        0.18965404509588707,
        0.20210366548388667,
        0.19288148233222485,
        0.18868312177214555,
        0.1908273446675786,
        0.19703096604222672,
        0.19196098760815025,
        0.20054796635205904,
        0.19120327535172654,
        0.19197238254400156,
        0.19748046887495685,
        0.19910619941020133,
        0.19177194580268897,
        0.19197665595857327,
        0.19131560982434892,
        0.1981041401625731,
        0.19091297522909942,
        0.19138827975617026,
        0.1883835730340809,
        0.19183554051394616,
        0.1903975319896046,
        0.19496582918277727
      ],
      "val_curve": [
        0.01246149851811289,
        0.011589619393232982,
        0.011083284512187421,
        0.01062271705432136,
        0.010385526544822055,
        0.010243151631057112,
        0.010156199675262972,
        0.01006445597655187,
        0.009903724854495491,
        0.009767926207934891,
        0.009729130909655046,
        0.009674672501665451,
        0.009672654416804195,
        0.009692292296318841,
        0.009732945320245929,
        0.009794220152529082,
        0.009791906984571412,
        0.009772900385329995,
        0.00979553871200434,
        0.009801340445145384,
        0.00979053195287764,
        0.009807981098814415,
        0.009799033646444282
      ],
      "noisy_curve": [
        0.013846587727274512,
        0.013846587727274512,
        0.013846587727274512,
        0.013846587727274512,
        0.013846587727274512,
        0.013846587727274512,
        0.013846587727274512,
        0.013846587727274512,
        0.013846587727274512,
        0.013846587727274512,
        0.013846587727274512,
        0.013846587727274512,
        0.013846587727274512,
        0.013846587727274512,
        0.013846587727274512,
        0.013846587727274512,
        0.013846587727274512,
        0.013846587727274512,
        0.013846587727274512,
        0.013846587727274512,
        0.013846587727274512,
        0.013846587727274512,
        0.013846587727274512
      ],