n_layers,runs,noisy_baseline_mse (mean±std),best_val_mse (mean±std),final_val_mse (mean±std),best_delta_pct (mean±std),final_delta_pct (mean±std),s1_best_val (mean±std),delta_MG_A,delta_MG_B,succ_MG_A,succ_MG_B,p50_MG_A,p50_MG_B
1,5,0.003908 ± 0.000000,0.003326 ± 0.000169,0.003456 ± 0.000224,14.880780 ± 4.314143,14.880780 ± 4.314143,0.231989 ± 0.003387,-20.546588 ± 15.321656,4.426254 ± 10.291222,37.000000 ± 16.613248,64.000000 ± 7.348469,0.115318,0.115318
3,5,0.003908 ± 0.000000,0.002781 ± 0.000195,0.002889 ± 0.000269,28.822720 ± 4.985676,28.822720 ± 4.985676,0.055975 ± 0.015050,16.998973 ± 5.721982,6.533087 ± 16.733697,78.000000 ± 11.661904,79.000000 ± 9.695360,0.011818,0.002577
