{
  "schema": {
    "name": "full_qae_bundle",
    "version": "1.0"
  },
  "timestamp": "2025-09-08 11:42:54",
  "dataset": {
    "id": "MG_bench",
    "scale_low": 0.2,
    "scale_high": 0.8,
    "window_size": 4,
    "window_stride": 1
  },
  "run": {
    "tag": "inst3_L1",
    "instance_id": 3,
    "seed": 10025,
    "sigma_train": 0.1,
    "sigma_eval": 0.1
  },
  "architecture": {
    "n_qubits": 4,
    "n_layers": 1,
    "n_latent": 3,
    "n_trash": 1,
    "latent_wires": [
      0,
      1,
      2
    ],
    "trash_wires": [
      3
    ],
    "decoder_mode": "adjoint_encoder"
  },
  "training": {
    "stage1": {
      "lr_init": 0.0,
      "max_epochs": 0,
      "patience": 0,
      "lr_patience": 0,
      "best_val": NaN,
      "final_val": NaN,
      "best_epoch": -1,
      "epochs": 0,
      "train_curve": [],
      "val_curve": [],
      "lr_curve": [],
      "train_seconds": NaN
    },
    "stage3": {
      "lr_init": 0.5,
      "max_epochs": 120,
      "patience": 0,
      "plateau_steps": 0,
      "plateau_factor": 1.0,
      "best_val_mse": 0.004484005608048815,
      "final_val_mse": 0.005563548445544193,
      "best_epoch": 73,
      "epochs": 120,
      "train_curve": [
        0.08519388373065813,
        0.09928439297117812,
        0.0436111715993505,
        0.03748562416890005,
        0.0202262890623175,
        0.02753066594223192,
        0.022553326891786997,
        0.018405939602303387,
        0.017653996716009604,
        0.019674320303355763,
        0.017441146736294065,
        0.01327367618497847,
        0.008671261503226666,
        0.006778770123292588,
        0.007174728442749057,
        0.007592827296341877,
        0.0076130370757484245,
        0.006529614156003761,
        0.006432356993218804,
        0.006104576773744728,
        0.006796999523430078,
        0.008114382342301206,
        0.008460414694917895,
        0.008743377360845116,
        0.008074087059182422,
        0.0073671065593675,
        0.006866732409987168,
        0.006178736412438387,
        0.006500204950089798,
        0.00677867936189592,
        0.006476237770440711,
        0.006277318085887486,
        0.006293606767518442,
        0.006743571660592507,
        0.005734987275191291,
        0.00597163398544695,
        0.0060483116173449284,
        0.005705825421842535,
        0.006261282006234182,
        0.00603082646150808,
        0.005954660294333592,
        0.007344762629711603,
        0.006206574564462282,
        0.007333709993117481,
        0.006053725198601916,
        0.006370621059244041,
        0.006947801589901971,
        0.005871728128780029,
        0.006612303873282238,
        0.006796422220343385,
        0.005391109557133198,
        0.006112165207958306,
        0.005903459099783895,
        0.006326368046166018,
        0.006451201308102535,
        0.005334427883719999,
        0.005486589005908615,
        0.005832247087823071,
        0.006219649523125009,
        0.0060252411964597016,
        0.005984101309076612,
        0.005376878040618907,
        0.00566325597279938,
        0.006261014010624542,
        0.0054948641565502184,
        0.005384250593008489,
        0.005540552460137132,
        0.005979459269898371,
        0.007122606507772956,
        0.005552308245557491,
        0.005844251939149,
        0.0053706591828438606,
        0.0055699997507900195,
        0.004484005608048815,
        0.005476005714017181,
        0.006156752844859591,
        0.00572803044820367,
        0.006030127564196268,
        0.005558926801420524,
        0.005760783266966153,
        0.005114584377007184,
        0.005191480319768315,
        0.005961335922386411,
        0.005793075720001908,
        0.005334368412656202,
        0.005759484142618538,
        0.006446879193920489,
        0.006340963962298289,
        0.005555966110949398,
        0.0056961131119994835,
        0.005319101820581621,
        0.00573968768390242,
        0.00626742032286933,
        0.006300972257709648,
        0.005323413231049429,
        0.006599314051188651,
        0.0056576892657064295,
        0.006486740257606492,
        0.005326880715121621,
        0.005985675512236304,
        0.006091886798775904,
        0.006011771194588525,
        0.005543247900797216,
        0.005736394482150286,
        0.006123778922304084,
        0.006099031488971575,
        0.005430390339982092,
        0.006513855535332954,
        0.006143322579351133,
        0.007884844137042468,
        0.006344583399097828,
        0.008829277674735993,
        0.006189942511655149,
        0.009588269129436127,
        0.0070770563601190006,
        0.007543087230433444,
        0.005863994856817275,
        0.005792595790629907,
        0.005939672137416119,
        0.005563548445544193
      ],