{
  "schema": {
    "name": "full_qae_bundle",
    "version": "1.0"
  },
  "timestamp": "2025-09-08 11:46:28",
  "dataset": {
    "id": "MG_bench",
    "scale_low": 0.2,
    "scale_high": 0.8,
    "window_size": 4,
    "window_stride": 1
  },
  "run": {
    "tag": "inst5_L1",
    "instance_id": 5,
    "seed": 10027,
    "sigma_train": 0.1,
    "sigma_eval": 0.1
  },
  "architecture": {
    "n_qubits": 4,
    "n_layers": 1,
    "n_latent": 3,
    "n_trash": 1,
    "latent_wires": [
      0,
      1,
      2
    ],
    "trash_wires": [
      3
    ],
    "decoder_mode": "adjoint_encoder"
  },
  "training": {
    "stage1": {
      "lr_init": 0.0,
      "max_epochs": 0,
      "patience": 0,
      "lr_patience": 0,
      "best_val": NaN,
      "final_val": NaN,
      "best_epoch": -1,
      "epochs": 0,
      "train_curve": [],
      "val_curve": [],
      "lr_curve": [],
      "train_seconds": NaN
    },
    "stage3": {
      "lr_init": 0.5,
      "max_epochs": 120,
      "patience": 0,
      "plateau_steps": 0,
      "plateau_factor": 1.0,
      "best_val_mse": 0.004977417320834813,
      "final_val_mse": 0.005486183511282552,
      "best_epoch": 75,
      "epochs": 120,
      "train_curve": [
        0.07950714057070875,
        0.10024752923254512,
        0.04420303896026938,
        0.05418346216476998,
        0.03453000684643339,
        0.019698627120224306,
        0.030503399174143946,
        0.03600012011693056,
        0.024079640240058178,
        0.02157106793970717,
        0.02228999558744808,
        0.02362240310191302,
        0.022318248076971747,
        0.017127459679054057,
        0.012328465374095071,
        0.00920537891800444,
        0.01017427613373667,
        0.00926783033082037,
        0.008369194607548841,
        0.007809289523944419,
        0.0063539744079907975,
        0.00670037573126838,
        0.006153942169648919,
        0.006833713010221398,
        0.006304335546984022,
        0.0059922267620992715,
        0.007697300731013654,
        0.00614099312762566,
        0.007098040688517287,
        0.0072454327354265526,
        0.008025994469992125,
        0.0062973568259889956,
        0.00633673182398974,
        0.006142683246615179,
        0.005485009756764608,
        0.005850076317111331,
        0.005090459451933909,
        0.006098387405341347,
        0.005726763109743506,
        0.005535720584112635,
        0.006430856858657914,
        0.005815552596898265,
        0.006250896999916106,
        0.006375818249014195,
        0.005057285446108162,
        0.0057541254825387135,
        0.0056679849630560195,
        0.006665899918841614,
        0.0060293359138505346,
        0.005958107817678159,
        0.005795020605801322,
        0.0056849934519401365,
        0.005745266832424875,
        0.005366995359470375,
        0.005584901569034724,
        0.005484507016352012,
        0.006433416409012905,
        0.006146572761847957,
        0.005102364334274239,
        0.005457606702806155,
        0.00556558308739323,
        0.007257670324480134,
        0.005985137356051353,
        0.006627876990986948,
        0.006163763853986048,
        0.005977992418752381,
        0.0073161774206272935,
        0.005417054784664572,
        0.006109633252500103,
        0.006341555909745037,
        0.006126271992316967,
        0.005781390934024503,
        0.007126992402503355,
        0.005355822771833352,
        0.006504907124721192,
        0.004977417320834813,
        0.006230480280266275,
        0.005225566227773764,
        0.005994480464212578,
        0.005389846130020605,
        0.005972999734897428,
        0.005783801162028484,
        0.006007700362977444,
        0.0054454076022949225,
        0.005940760190037118,
        0.00546201496257118,
        0.005895318382702049,
        0.0063757934555556455,
        0.0062035581050348424,
        0.007492145577710078,
        0.005780592266894266,
        0.008372209196142557,
        0.0063591786322366225,
        0.006203331895508864,
        0.00602204278381329,
        0.0055867453097370795,
        0.005804425355599882,
        0.005115461108055885,
        0.005338717450723787,
        0.0056787903741461025,
        0.005619124080054271,
        0.006395869033352608,
        0.0058413866275368685,
        0.006364818333784412,
        0.005923002653904673,
        0.006464107308859215,
        0.005824869092184196,
        0.006273831120247566,
        0.005066945311312043,
        0.006726035001692158,
        0.006042644472546715,
        0.008380256825877699,
        0.005832169939134844,
        0.007099196067407445,
        0.0052408811578760145,
        0.007189840239596352,
        0.005625430437821991,
        0.006412972648376703,
        0.006818813361653465,
        0.005486183511282552
      ],