{
  "schema": {
    "name": "full_qae_bundle",
    "version": "1.0"
  },
  "timestamp": "2025-09-08 11:39:19",
  "dataset": {
    "id": "MG_bench",
    "scale_low": 0.2,
    "scale_high": 0.8,
    "window_size": 4,
    "window_stride": 1
  },
  "run": {
    "tag": "inst1_L1",
    "instance_id": 1,
    "seed": 10023,
    "sigma_train": 0.1,
    "sigma_eval": 0.1
  },
  "architecture": {
    "n_qubits": 4,
    "n_layers": 1,
    "n_latent": 3,
    "n_trash": 1,
    "latent_wires": [
      0,
      1,
      2
    ],
    "trash_wires": [
      3
    ],
    "decoder_mode": "adjoint_encoder"
  },
  "training": {
    "stage1": {
      "lr_init": 0.0,
      "max_epochs": 0,
      "patience": 0,
      "lr_patience": 0,
      "best_val": NaN,
      "final_val": NaN,
      "best_epoch": -1,
      "epochs": 0,
      "train_curve": [],
      "val_curve": [],
      "lr_curve": [],
      "train_seconds": NaN
    },
    "stage3": {
      "lr_init": 0.5,
      "max_epochs": 120,
      "patience": 0,
      "plateau_steps": 0,
      "plateau_factor": 1.0,
      "best_val_mse": 0.004891180045546435,
      "final_val_mse": 0.005349206107193279,
      "best_epoch": 103,
      "epochs": 120,
      "train_curve": [
        0.08724264771084236,
        0.1505352989023746,
        0.059541883557079955,
        0.04154993722670163,
        0.09529271276630254,
        0.0700671478791447,
        0.03314913346717287,
        0.03407873834069531,
        0.03740022940217761,
        0.019040473271866507,
        0.032755273355665325,
        0.02697738481713536,
        0.011022703940811852,
        0.01443336520712444,
        0.012455231368738487,
        0.009452855072741753,
        0.01815813466131081,
        0.016858943117084482,
        0.010010536227549348,
        0.015645397241779477,
        0.016224552181231533,
        0.01227558340353551,
        0.013929762988458485,
        0.01571575680592888,
        0.011623259424521292,
        0.011718648739732586,
        0.012214664517851364,
        0.010112652480785364,
        0.009820976078657364,
        0.012407804987752872,
        0.009845457504127693,
        0.007030501525347026,
        0.008883224203053989,
        0.008664939135182804,
        0.0070811683298736584,
        0.006781843599530725,
        0.007890388876701796,
        0.006378446043924239,
        0.00624307149852958,
        0.006424748972068746,
        0.006155809918826453,
        0.006162837969070782,
        0.007570079884718729,
        0.005877315241148585,
        0.005930273894873804,
        0.006043687499669518,
        0.00504706447771059,
        0.006267646757350556,
        0.005817562681051001,
        0.005732464827647413,
        0.006031273040606617,
        0.005418808718566946,
        0.004982547998827676,
        0.0062333617242084855,
        0.005463583784616547,
        0.005589855822447456,
        0.005985449674525908,
        0.005495074829288236,
        0.005820721182129057,
        0.005500876752254657,
        0.005356907145676634,
        0.006067860262186569,
        0.005755869967688624,
        0.006119719263499653,
        0.005652991443852392,
        0.005775120477379203,
        0.006490913229874236,
        0.0053647476158526775,
        0.0063728382838373334,
        0.005486656577011944,
        0.006126372241728309,
        0.0056271743365363894,
        0.005826494498692955,
        0.005681316084082294,
        0.005610958218199969,
        0.005167173798169559,
        0.006882755324341257,
        0.005308027834169861,
        0.006828780325676653,
        0.00558484610399069,
        0.006422078421414387,
        0.006409776597717873,
        0.0064582121979843725,
        0.005361654776767495,
        0.005427161448399602,
        0.005454760553787339,
        0.005499096366645957,
        0.0061029324350323445,
        0.00555692082826961,
        0.006207630940267675,
        0.005334589218987463,
        0.005593108754448549,
        0.005323176132359998,
        0.0053710165783473875,
        0.005531546164480844,
        0.005583776146522962,
        0.006286482858356258,
        0.005608995188868301,
        0.006010841310937749,
        0.005672938867426315,
        0.006073927170654919,
        0.006076730906587739,
        0.00600719822252608,
        0.004891180045546435,
        0.006232147417561392,
        0.0056062227571212495,
        0.007045503788658998,
        0.00590022064321912,
        0.006293704342590471,
        0.007538738575420578,
        0.006495739555916535,
        0.00778173601703861,
        0.005338776354212386,
        0.007486172242050177,
        0.005315000432106184,
        0.006904451523045841,
        0.0057684233765368615,
        0.005279739636666896,
        0.006425781861836638,
        0.005349206107193279
      ],