{
  "schema": {
    "name": "full_qae_bundle",
    "version": "1.0"
  },
  "timestamp": "2025-09-08 11:44:41",
  "dataset": {
    "id": "MG_bench",
    "scale_low": 0.2,
    "scale_high": 0.8,
    "window_size": 4,
    "window_stride": 1
  },
  "run": {
    "tag": "inst4_L1",
    "instance_id": 4,
    "seed": 10026,
    "sigma_train": 0.1,
    "sigma_eval": 0.1
  },
  "architecture": {
    "n_qubits": 4,
    "n_layers": 1,
    "n_latent": 3,
    "n_trash": 1,
    "latent_wires": [
      0,
      1,
      2
    ],
    "trash_wires": [
      3
    ],
    "decoder_mode": "adjoint_encoder"
  },
  "training": {
    "stage1": {
      "lr_init": 0.0,
      "max_epochs": 0,
      "patience": 0,
      "lr_patience": 0,
      "best_val": NaN,
      "final_val": NaN,
      "best_epoch": -1,
      "epochs": 0,
      "train_curve": [],
      "val_curve": [],
      "lr_curve": [],
      "train_seconds": NaN
    },
    "stage3": {
      "lr_init": 0.5,
      "max_epochs": 120,
      "patience": 0,
      "plateau_steps": 0,
      "plateau_factor": 1.0,
      "best_val_mse": 0.004799066170887892,
      "final_val_mse": 0.006305132498333491,
      "best_epoch": 82,
      "epochs": 120,
      "train_curve": [
        0.08512331775677079,
        0.08830718297409597,
        0.046159000664859236,
        0.05731971168769557,
        0.024327862554130348,
        0.039566751897190916,
        0.020855817881034956,
        0.024328601608316073,
        0.024334476872565156,
        0.009110254209203555,
        0.01686449839511979,
        0.01329245145471581,
        0.008200879274530786,
        0.017322309246551544,
        0.012196769142905137,
        0.007307855251664493,
        0.014991324409343995,
        0.009960686356936877,
        0.008119653917104843,
        0.012276171696063216,
        0.008838707528535026,
        0.007062318992893577,
        0.010772622257493447,
        0.00687419149223606,
        0.007482560555211211,
        0.008299797094974418,
        0.006158525967088161,
        0.007412324900234093,
        0.007029957201940992,
        0.006245643137593873,
        0.006787840604820298,
        0.006893382145118578,
        0.005340039080858775,
        0.007144321468210713,
        0.005978702787267334,
        0.0055882232323632465,
        0.005683187179169318,
        0.005551537434249734,
        0.0070994483775962585,
        0.005581866403918549,
        0.005278094624902894,
        0.005414285670248289,
        0.005950869610390668,
        0.005443280582088679,
        0.005680380554389563,
        0.00618895015409277,
        0.005396456952738286,
        0.005873069250608622,
        0.005770336099788236,
        0.005717273153426281,
        0.004981088978948821,
        0.005406232717978864,
        0.005143382216094557,
        0.005525549465216614,
        0.005893233664164408,
        0.005587764329693506,
        0.005478989858111595,
        0.005616129009035116,
        0.00579095106066875,
        0.007064543719198633,
        0.005677410613086934,
        0.00579051557934509,
        0.00486092560739016,
        0.0060921200718711144,
        0.005261740314658275,
        0.006226643307727905,
        0.006122064429706653,
        0.0057191372924307645,
        0.006060847424197008,
        0.006145411964248874,
        0.005445796851450586,
        0.005131353030581057,
        0.005307009052240566,
        0.005564839281303157,
        0.0054983953121225315,
        0.006039186192507163,
        0.0053163461124512215,
        0.005580034471484741,
        0.005051878371089835,
        0.00570343593387705,
        0.005584822415896927,
        0.005585781104768118,
        0.004799066170887892,
        0.005546732296523905,
        0.005039586365375289,
        0.00501474816925199,
        0.005284459861030118,
        0.00575317155007727,
        0.005638241860179362,
        0.0057136838381311155,
        0.006038832617717244,
        0.005980950467405386,
        0.005635149305396304,
        0.005506119353800571,
        0.006321948870809919,
        0.006698264262033516,
        0.006988666098059401,
        0.005716408182741726,
        0.0065348041571855805,
        0.006415794459605428,
        0.006627747478920078,
        0.005818851553476428,
        0.0064222063930532555,
        0.0062830796280008904,
        0.0057292341562423564,
        0.005246024669946718,
        0.005849950272193004,
        0.005798225025850565,
        0.0058378375089862735,
        0.005497370059624113,
        0.005233957406857389,
        0.005494977906886488,
        0.006414203594602704,
        0.00522106076251007,
        0.005475162724628247,
        0.0060631990120707455,
        0.0058311974097121615,
        0.005700131047836431,
        0.006348108148286688,
        0.006305132498333491
      ],