{
  "schema": {
    "name": "half_qae_bundle",
    "version": "1.0"
  },
  "timestamp": "2025-09-11 23:37:44",
  "dataset": {
    "id": "mackey_glass_tau30_n200",
    "scale_low": 0.2,
    "scale_high": 0.8,
    "window_size": 4,
    "window_stride": 1
  },
  "run": {
    "tag": "inst3_L3",
    "instance_id": 3,
    "seed": 3,
    "sigma_train": 0.2,
    "sigma_eval": 0.2
  },
  "architecture": {
    "n_qubits": 4,
    "n_layers": 3,
    "n_latent": 3,
    "n_trash": 1,
    "latent_wires": [
      0,
      1,
      2
    ],
    "trash_wires": [
      3
    ]
  },
  "training": {
    "stage1": {
      "lr_init": 0.01,
      "max_epochs": 120,
      "patience": 10,
      "lr_patience": 8,
      "best_val": 0.06272464762149492,
      "final_val": 0.06280870371402356,
      "best_epoch": 118,
      "epochs": 120,
      "train_curve": [
        0.4856413958757472,
        0.4549850709644351,
        0.425638434718525,
        0.3944775788321519,
        0.36419487624800195,
        0.33055528099938697,
        0.3013309613363838,
        0.2714302929630342,
        0.25604764548972847,
        0.2302509731490806,
        0.21344714268113896,
        0.19701258602351102,
        0.1842514064234898,
        0.17123310687283125,
        0.15815841702816613,
        0.14681907168530786,
        0.14075290740297125,
        0.13225546389846185,
        0.12503576074054626,
        0.12241196910548402,
        0.12058296575618918,
        0.11507124035013447,
        0.11292980623358324,
        0.11001339299388126,
        0.10955421227694756,
        0.10537674002313484,
        0.10352987509033998,
        0.1010648986294149,
        0.09972572428411142,
        0.09644977984714213,
        0.09711420897338123,
        0.09346231351633644,
        0.09247963153993599,
        0.09053039727918002,
        0.08977153460627152,
        0.08753317935096902,
        0.08675583517415282,
        0.08441982040943816,
        0.08355079238155352,
        0.08261449116007406,
        0.08135137124010154,
        0.07907118116553996,
        0.07962367829267561,
        0.07601718117199006,
        0.07503534538936364,
        0.07581003920371665,
        0.07409464244902261,
        0.07223627566049345,
        0.07375664664435896,
        0.07225357058352838,
        0.07195837473045695,
        0.07157367797755317,
        0.07016260384883363,
        0.06925142215737679,
        0.06966636023643095,
        0.06871371235039847,
        0.06852061087248472,
        0.06799012087595106,
        0.06949596670663064,
        0.0675689158340332,
        0.06621537815286932,
        0.06732329131327773,
        0.0682504890619702,
        0.06486950021397432,
        0.06494630642681744,
        0.06377483174490792,
        0.06454769728026165,
        0.06385915619012607,
        0.06321819750080505,
        0.06446553111935245,
        0.06289026096673753,
        0.0631154842929817,
        0.062294410777913624,
        0.062054322506589696,
        0.06262715186079276,
        0.06153068328045683,
        0.06100060068107477,
        0.05991942232480335,
        0.0610033004610645,
        0.06139429008970652,
        0.05994723097825676,
        0.060313821228336895,
        0.05928888722798904,
        0.05929425421059408,
        0.05903292450082198,
        0.05872717996906125,
        0.05843482185262397,
        0.056912037036145675,
        0.05703730844869587,
        0.056496817636163515,
        0.056583980316427425,
        0.055898560276399244,
        0.05621578169663401,
        0.056001703109801904,
        0.05577094514959315,
        0.05545684731272821,
        0.0552038110399653,
        0.05496531055773442,
        0.05574797852144792,
        0.05449933790955433,
        0.056184909883563505,
        0.05531784380498994,
        0.05412898361003848,
        0.054480690267762186,
        0.054712207492195394,
        0.05558569036356896,
        0.05366914942568006,
        0.05435262761298998,
        0.05537812950946873,
        0.05501210420484855,
        0.053872230158217474,
        0.05473497040140597,
        0.05406498096000301,
        0.05341214401083552,
        0.05437098484062672,
        0.05369758535051457,
        0.05306671108445078,
        0.05436732142375018,
        0.05448263097002707,
        0.05514939330132452
      ],
      "val_curve": [
        0.41261907760207495,
        0.3862637016365331,
        0.3609322240683962,
        0.3351744783320377,
        0.3096527819049286,
        0.2860313125404591,
        0.26427904861843177,
        0.2444159372927468,
        0.22736998005088332,
        0.21197873019137567,
        0.19840576930795897,
        0.1854079425052679,
        0.1730436472328768,
        0.16071864040250428,
        0.14877902686374814,
        0.1383061101905499,
        0.1297841280215258,
        0.12303170863230657,
        0.11831797442129795,
        0.11527567633641973,
        0.1129422457143355,
        0.11101332281815952,
        0.10947434299553256,
        0.10792847269719466,
        0.10640471059106707,
        0.1049752946479493,
        0.10363825769500967,
        0.10227924997228363,
        0.10094456859685268,
        0.09963806704236071,
        0.09830282501209094,
        0.09707488661002171,
        0.09602719617732461,
        0.09491977525309223,
        0.0938056850605478,
        0.09262182574078673,
        0.09121095728085693,
        0.08982276877549933,
        0.08865591163655968,
        0.08766238689972902,
        0.08661336020741454,
        0.08567647073659579,
        0.08501719414306588,
        0.08424193914445205,
        0.08353366815205736,
        0.08263138977298301,
        0.08186086851615682,
        0.08115011095018572,
        0.08053447782921541,
        0.08013556176964497,
        0.07999746037318729,
        0.07958860713343852,
        0.0791811399040812,
        0.07876812325854829,
        0.0782957451604734,
        0.07791596000356933,
        0.07759415324073905,
        0.07741704381253725,
        0.07716966047732568,
        0.07671299166836545,
        0.07642161495003685,
        0.07615406870562343,
        0.07581202685663506,
        0.07566086634659833,
        0.07557255683706404,
        0.07526271665238429,
        0.07500218441941042,
        0.07470624828300769,
        0.07447557809237867,
        0.07423270902387828,
        0.07410333836710739,
        0.07412246860344371,
        0.07390876486092719,
        0.07353019835723211,
        0.07322753739047667,
        0.07304471483309312,
        0.07264856050269486,
        0.07231290882781906,
        0.07207804438089009,
        0.07147154385643757,
        0.07108173571705131,
        0.07067663889386186,
        0.07015035415092366,
        0.06981656804804481,
        0.06920610171178213,
        0.0688631115790421,
        0.06849345467117327,
        0.06816939839610756,
        0.06755369252411272,
        0.06698834789419594,
        0.06655668235049288,
        0.06621201647696626,
        0.06593035028077723,
        0.06560525433614613,
        0.06537503002957866,
        0.06567576202301481,
        0.06507489361471744,
        0.06454197149683367,
        0.06437659856301925,
        0.06442530476586782,
        0.06473221401367493,
        0.0642808975470398,
        0.06402761976799194,
        0.06385788089815249,
        0.06372603260530274,
        0.06373379933483443,
        0.06374523349664982,
        0.06385803733742659,
        0.06369673692537683,
        0.06350632830998901,
        0.06344108176753241,
        0.06300520565538001,
        0.06320117411311717,
        0.06310692727153167,
        0.06313194572438433,
        0.06330770420609437,
        0.06301027217805436,
        0.06274281148834987,
        0.06272464762149492,
        0.06280870371402356
      ],