{
  "schema": {
    "name": "half_qae_bundle",
    "version": "1.0"
  },
  "timestamp": "2025-09-11 23:37:44",
  "dataset": {
    "id": "mackey_glass_tau30_n200",
    "scale_low": 0.2,
    "scale_high": 0.8,
    "window_size": 4,
    "window_stride": 1
  },
  "run": {
    "tag": "inst4_L3",
    "instance_id": 4,
    "seed": 4,
    "sigma_train": 0.2,
    "sigma_eval": 0.2
  },
  "architecture": {
    "n_qubits": 4,
    "n_layers": 3,
    "n_latent": 3,
    "n_trash": 1,
    "latent_wires": [
      0,
      1,
      2
    ],
    "trash_wires": [
      3
    ]
  },
  "training": {
    "stage1": {
      "lr_init": 0.01,
      "max_epochs": 120,
      "patience": 10,
      "lr_patience": 8,
      "best_val": 0.031643209143142316,
      "final_val": 0.031643209143142316,
      "best_epoch": 119,
      "epochs": 120,
      "train_curve": [
        0.5055850677226373,
        0.46814408137639957,
        0.43187844548366416,
        0.3942760036725557,
        0.35613056411777916,
        0.3256451704664416,
        0.2946750609826805,
        0.269883996354716,
        0.24900775663566904,
        0.22533040939808208,
        0.20748284587563856,
        0.1916475161646797,
        0.18032570258335523,
        0.16834527620874112,
        0.15952929968290014,
        0.15225350120576692,
        0.1415448186170197,
        0.1371978412805373,
        0.13509408978054255,
        0.1326825079150368,
        0.12681798345166626,
        0.12264865706686297,
        0.12062670580700695,
        0.11590427044845089,
        0.11714901419966921,
        0.11368873671060827,
        0.10979041935613633,
        0.10780870239215641,
        0.10585703472580368,
        0.10224290584512302,
        0.10035816029068688,
        0.09868897069623378,
        0.097081872824259,
        0.09689693879131855,
        0.0908973402151886,
        0.08858347383546963,
        0.08596001465064367,
        0.08430900422576698,
        0.08205303424852745,
        0.08023939731945862,
        0.07614344255718444,
        0.0740530047236807,
        0.07229538136724264,
        0.06847628941704856,
        0.06786038537445713,
        0.06509940647812078,
        0.06319652956417798,
        0.06071543040534326,
        0.05900845751812903,
        0.055726059560928444,
        0.05519424929518937,
        0.05295004242809176,
        0.05197109163234574,
        0.04943226662851717,
        0.049826973232431904,
        0.04954532689057612,
        0.048021422400386225,
        0.0467550991862253,
        0.04594855165638943,
        0.04612574853205824,
        0.04484163741167617,
        0.04420307814928551,
        0.04458952191243574,
        0.043796015746335425,
        0.04361677545568361,
        0.043102359498536864,
        0.04351404912361538,
        0.042261934232893435,
        0.041999250086129966,
        0.04107516281913394,
        0.041258476032951547,
        0.04107042883600634,
        0.04098435573518403,
        0.03988900398322068,
        0.041484792207200666,
        0.03922772912119712,
        0.039227802532195946,
        0.03932749780953271,
        0.038962548234493535,
        0.038488039447364855,
        0.038384156028638705,
        0.038931087066772854,
        0.038763090087174434,
        0.03891725683090518,
        0.037666801866412546,
        0.037084664631422584,
        0.03751473236343626,
        0.03811792979143193,
        0.03744853549121074,
        0.03619213396320633,
        0.03724200230514021,
        0.03708220884800854,
        0.03624381822184457,
        0.036588104562198874,
        0.03617740720342885,
        0.03632484599890692,
        0.03679109949042124,
        0.03598630386935471,
        0.036082073209142126,
        0.035406973845144796,
        0.03588247729719635,
        0.035798203392972974,
        0.03636415207130697,
        0.035878192652506136,
        0.03513364245866977,
        0.03619264868964647,
        0.035879732306312646,
        0.036358074656583216,
        0.03489017464503552,
        0.03507439908670687,
        0.03493145410160424,
        0.03417224244008985,
        0.03373309116579165,
        0.03461743300806758,
        0.03389214911556096,
        0.03347353427386755,
        0.03314186820727152,
        0.03360785374881931,
        0.03337072949111469,
        0.03296244007719813
      ],
      "val_curve": [
        0.46538897918165817,
        0.42706293983035043,
        0.3883327640739956,
        0.35002056855895325,
        0.3149058418632264,
        0.2847790413997526,
        0.25897180035572054,
        0.2366576329067996,
        0.21741661328290954,
        0.20082504323411143,
        0.1864042187922042,
        0.17414915965133357,
        0.16413768519325442,
        0.1560736775469723,
        0.14962481252985965,
        0.1443464760733677,
        0.13961301071817725,
        0.13551564226448645,
        0.13174088711217408,
        0.12831518192371974,
        0.125206101310878,
        0.12238957322352406,
        0.11997241183408783,
        0.11745494659068356,
        0.11508118632480849,
        0.11259669678617419,
        0.10998417203099926,
        0.10751054249192968,
        0.10485244630199438,
        0.10246360385437296,
        0.10004769443925336,
        0.09752668059331907,
        0.0949010212030626,
        0.09237876549051255,
        0.09008229536058963,
        0.08772900380376629,
        0.08549735501320914,
        0.0832209197535606,
        0.08084785984296762,
        0.07840366198833608,
        0.07615942065912781,
        0.07386743970188253,
        0.0717466575302208,
        0.06965526320338727,
        0.06727947667746256,
        0.06495590153166,
        0.06279195999562912,
        0.060990632175454154,
        0.0587617320190571,
        0.05696853218649298,
        0.05502472858122685,
        0.053429678667272426,
        0.05204028269520864,
        0.05126503772686912,
        0.04994719144753405,
        0.04903478617049148,
        0.04836577865744899,
        0.047854786413795335,
        0.047474585582407816,
        0.04694833121896219,
        0.04632777543528098,
        0.04569320043419216,
        0.04530140252545466,
        0.04518726133973467,
        0.04468324168275303,
        0.04425966042681177,
        0.04402995567296646,
        0.04395726298726739,
        0.04357872639886856,
        0.04320750290672688,
        0.04280677795046608,
        0.04261533252667005,
        0.042674508940582195,
        0.04234251246964695,
        0.04173998343829379,
        0.041713555439452654,
        0.04156855766215205,
        0.0411027699204282,
        0.04087323895240643,
        0.040655880630938016,
        0.040518426930579644,
        0.04021186327484866,
        0.0399035006239567,
        0.039713033398860904,
        0.039561951794778095,
        0.03959499023238591,
        0.03922947229856337,
        0.03883372259273155,
        0.03865361375883052,
        0.03887199433765233,
        0.03875861919708197,
        0.03824740837061069,
        0.03808710511300906,
        0.03788993604883707,
        0.037818602172457354,
        0.0377291666044539,
        0.03751196086882762,
        0.03738915227722902,
        0.037200463788923645,
        0.03686144183369842,
        0.03670319124410325,
        0.036750739908050035,
        0.036485795257737506,
        0.036261888115208654,
        0.03590384140200222,
        0.035704889496851556,
        0.0357745297431039,
        0.03533155301191503,
        0.03527001457577923,
        0.03528211701176811,
        0.034843719318463674,
        0.034526346759897304,
        0.034271151860494786,
        0.03404875748148855,
        0.03379158500839573,
        0.03321793716032365,
        0.032785580991817956,
        0.032359904653155205,
        0.03180629199538435,
        0.031643209143142316
      ],