{
  "schema": {
    "name": "half_qae_bundle",
    "version": "1.0"
  },
  "timestamp": "2025-09-11 23:37:43",
  "dataset": {
    "id": "mackey_glass_tau30_n200",
    "scale_low": 0.2,
    "scale_high": 0.8,
    "window_size": 4,
    "window_stride": 1
  },
  "run": {
    "tag": "inst1_L3",
    "instance_id": 1,
    "seed": 1,
    "sigma_train": 0.2,
    "sigma_eval": 0.2
  },
  "architecture": {
    "n_qubits": 4,
    "n_layers": 3,
    "n_latent": 3,
    "n_trash": 1,
    "latent_wires": [
      0,
      1,
      2
    ],
    "trash_wires": [
      3
    ]
  },
  "training": {
    "stage1": {
      "lr_init": 0.01,
      "max_epochs": 120,
      "patience": 10,
      "lr_patience": 8,
      "best_val": 0.04176503672691202,
      "final_val": 0.04182226829699538,
      "best_epoch": 99,
      "epochs": 110,
      "train_curve": [
        0.42337739673742747,
        0.38430479526478545,
        0.35312155138474566,
        0.3275324796654122,
        0.30323011969263125,
        0.28620845809169854,
        0.27062991688425525,
        0.2468762681616958,
        0.24055090702996745,
        0.22233332979575718,
        0.21249664277918648,
        0.19481279128288193,
        0.18359299427347875,
        0.17566858951504602,
        0.16405950823904797,
        0.15624230746043738,
        0.1498769466501806,
        0.137653262534942,
        0.13180291153392693,
        0.12205873747336196,
        0.11997746325535742,
        0.1132483019979362,
        0.10992365787403915,
        0.10218731988695846,
        0.09828906738917709,
        0.0946983640018443,
        0.09155205789630629,
        0.08696984790406585,
        0.08590186692991576,
        0.08251651202972132,
        0.0810871847498901,
        0.0807712185587694,
        0.07795328598735932,
        0.07618229524685512,
        0.07308027733042083,
        0.07371200938942424,
        0.07130582618449362,
        0.07054252280695461,
        0.06735520910628995,
        0.06634950276963608,
        0.06464568159223819,
        0.06385130196105461,
        0.06085719993401117,
        0.061558540981749274,
        0.059322806338690054,
        0.05862419676838099,
        0.057136537483664755,
        0.057104922343709064,
        0.05595102918277214,
        0.054979534589866735,
        0.053784603390776585,
        0.05365324539067336,
        0.05315240049623923,
        0.05251516400568288,
        0.05208400442340956,
        0.051776669257463805,
        0.05036480855972817,
        0.05193449205070045,
        0.05076925492250445,
        0.05232926973371047,
        0.04973649070834409,
        0.04942562338561285,
        0.04973642722961523,
        0.05007620105907608,
        0.04841329502692145,
        0.04934683138578569,
        0.048302421994190846,
        0.04893216595153885,
        0.04761332329809,
        0.04641450826549473,
        0.0480492290005198,
        0.04808409799741675,
        0.048258443900501505,
        0.045856866750967076,
        0.04727728215475459,
        0.0463627652407155,
        0.04699810945766382,
        0.04550344455662987,
        0.04642643277378614,
        0.04426596117832969,
        0.04596685385711857,
        0.0452942481805816,
        0.04598178829757534,
        0.04500585011869836,
        0.04417567582627935,
        0.04500414412461644,
        0.043495841466227904,
        0.043578698436056065,
        0.04217698388065918,
        0.041104689545751555,
        0.04273261952582081,
        0.04350688957922718,
        0.042455048731526106,
        0.041579983308752094,
        0.04262819088017495,
        0.040956611815561726,
        0.041165779588157134,
        0.04207034187783502,
        0.041248070916949806,
        0.04128914817058093,
        0.04098642014768889,
        0.041413099357725316,
        0.04155701332352414,
        0.04208263708969781,
        0.04126204493069022,
        0.04096536536421989,
        0.04094449080360712,
        0.042418365357290565,
        0.04127786879027184,
        0.04111442779247834
      ],
      "val_curve": [
        0.3945838469863224,
        0.35432212049862455,
        0.3230404220419006,
        0.29876604643803245,
        0.2796724635813797,
        0.26314201958768835,
        0.24809448853110938,
        0.23435578737862534,
        0.22226416353171335,
        0.21126801980806315,
        0.20142462060543304,
        0.1919025641001708,
        0.1834906218062431,
        0.17605366192194008,
        0.16903692766820808,
        0.16245156037511455,
        0.15558314041806245,
        0.14847084722878248,
        0.14153045106595674,
        0.13459496376367605,
        0.12806287207140798,
        0.12189754551308588,
        0.11623597883929042,
        0.11101904060342585,
        0.10625028938018041,
        0.10192834062451847,
        0.09819404150941995,
        0.09496849839287591,
        0.092195725579019,
        0.08968179005654274,
        0.08746624557234886,
        0.08543056495034287,
        0.0834152238808337,
        0.0814844164531843,
        0.07959130122497077,
        0.07794373762170528,
        0.07612223728865739,
        0.07437365437043449,
        0.07261936030030398,
        0.07099629954953793,
        0.06946262538021122,
        0.06797790072137047,
        0.06659104513266807,
        0.06517305373781244,
        0.06397516571141013,
        0.06292301107470373,
        0.06202723090009073,
        0.061187219030176786,
        0.060430183695430836,
        0.05959249456070085,
        0.05889836158725753,
        0.05824228469701078,
        0.05760579411150747,
        0.05710918150206921,
        0.056655955084923805,
        0.056100943079249,
        0.055660042945772356,
        0.055204783845189384,
        0.054667111751189476,
        0.05419043727699273,
        0.05387536214985963,
        0.05349187258755752,
        0.05316746948474038,
        0.052851394995830636,
        0.05255177407805547,
        0.05235145601172447,
        0.05215053636802571,
        0.051769095565436365,
        0.051557418074048636,
        0.051310137424987246,
        0.050913842706769276,
        0.05053552289788034,
        0.05031858083738803,
        0.05027070282944286,
        0.04988197566890054,
        0.04948130282267134,
        0.048895670458333367,
        0.048503820343935314,
        0.04824814199507148,
        0.047975389213116164,
        0.04747265945177576,
        0.047075956408263384,
        0.04672270273814268,
        0.04622845912975039,
        0.04577977886130961,
        0.045490672891269957,
        0.04516700458164078,
        0.04462235114046102,
        0.04405638550999399,
        0.04355779935421703,
        0.04312719050701269,
        0.042708838414315956,
        0.042686633336796884,
        0.04288422605467249,
        0.04286744558096945,
        0.04250454287406129,
        0.04220713112151909,
        0.04204330083166451,
        0.04185174493846156,
        0.04176503672691202,
        0.0419770613152957,
        0.0420106688971875,
        0.04196346641387163,
        0.041988849178437954,
        0.04197791048494182,
        0.04209505545599324,
        0.04219501992567173,
        0.04209212832921272,
        0.041902481967017555,
        0.04182226829699538
      ],