{
  "schema": {
    "name": "half_qae_bundle",
    "version": "1.0"
  },
  "timestamp": "2025-09-11 23:37:44",
  "dataset": {
    "id": "mackey_glass_tau30_n200",
    "scale_low": 0.2,
    "scale_high": 0.8,
    "window_size": 4,
    "window_stride": 1
  },
  "run": {
    "tag": "inst2_L3",
    "instance_id": 2,
    "seed": 2,
    "sigma_train": 0.2,
    "sigma_eval": 0.2
  },
  "architecture": {
    "n_qubits": 4,
    "n_layers": 3,
    "n_latent": 3,
    "n_trash": 1,
    "latent_wires": [
      0,
      1,
      2
    ],
    "trash_wires": [
      3
    ]
  },
  "training": {
    "stage1": {
      "lr_init": 0.01,
      "max_epochs": 120,
      "patience": 10,
      "lr_patience": 8,
      "best_val": 0.022187880037197554,
      "final_val": 0.02219669396170667,
      "best_epoch": 97,
      "epochs": 108,
      "train_curve": [
        0.4562471854164909,
        0.41446315182682003,
        0.37219254403071367,
        0.33119619385921706,
        0.2941197778763085,
        0.26324004523623656,
        0.2349364251926937,
        0.21350050388215935,
        0.1915506546233317,
        0.17880047649858927,
        0.1682928794487997,
        0.15524489027352079,
        0.14536103854950605,
        0.13545825529858888,
        0.12896867862478134,
        0.12073851211815517,
        0.11222607362198991,
        0.10755344482585812,
        0.10261490619288761,
        0.09711473052285591,
        0.09198460925112398,
        0.08773188994341188,
        0.08469875280471485,
        0.0822862403913839,
        0.08006813619493124,
        0.07808268206888827,
        0.0740841776510128,
        0.07332782422638247,
        0.070580392753658,
        0.06988598581044275,
        0.06789309902568641,
        0.06800444630501978,
        0.06471634293128686,
        0.06352514926793319,
        0.06279530419575528,
        0.06051377459355813,
        0.05954254180441307,
        0.05851597522200029,
        0.05796202327271946,
        0.05577588959181853,
        0.05485410332619644,
        0.05418120554856993,
        0.05367773404519163,
        0.052432112838339096,
        0.05191561859498165,
        0.05157937471896553,
        0.050298356519633124,
        0.04917150035129508,
        0.047611913615423745,
        0.046823519935992056,
        0.04648277368503316,
        0.044950973508230505,
        0.04450682135973462,
        0.044309525056657945,
        0.0429587065433929,
        0.04225986932575661,
        0.041109678054784236,
        0.03970790362283168,
        0.039343806721170646,
        0.037959272397675214,
        0.03688662423775642,
        0.03690344839743324,
        0.034944071676220954,
        0.03426696006175124,
        0.033830498377753114,
        0.032710952043903146,
        0.03242217674205489,
        0.031836135031128046,
        0.030651978404460746,
        0.030630194240221745,
        0.0302925455525596,
        0.02935174884830958,
        0.029410259065304034,
        0.028397974331014764,
        0.027889218544459606,
        0.02740776123370149,
        0.02757375077379174,
        0.02649657032239741,
        0.026027431819363366,
        0.025299571928138472,
        0.024823761438123988,
        0.024276619338834286,
        0.02450428710961216,
        0.024033565615022626,
        0.023766338587496,
        0.023239829353362898,
        0.023611479979990226,
        0.02277885135019029,
        0.02283170998971545,
        0.022615050156516846,
        0.02223732462984392,
        0.022110648846970036,
        0.021710678508315092,
        0.022023497040207576,
        0.022060851643324803,
        0.021578030103008298,
        0.021298661138500444,
        0.02171936675069235,
        0.021316359928567702,
        0.021516464090883446,
        0.021756284103462788,
        0.021340416870054398,
        0.02105806602954263,
        0.021191873882141228,
        0.021377831352997295,
        0.02122329247443713,
        0.021824426080322302,
        0.020840733461763555
      ],
      "val_curve": [
        0.43975468338189183,
        0.3927126147136235,
        0.34870718852024996,
        0.30946217861979736,
        0.2756458187385231,
        0.2477636120027073,
        0.22538668322251323,
        0.20768058274090198,
        0.19311579638480242,
        0.18038976103611182,
        0.16873446637873415,
        0.15695231549052563,
        0.14593100279772359,
        0.13521508635291918,
        0.12521942903147726,
        0.11579691313789713,
        0.10773890104204539,
        0.10082392831315445,
        0.09470026956091751,
        0.08949437884594985,
        0.08491729634915479,
        0.08119712046141787,
        0.0779083326231991,
        0.07517055991980548,
        0.0727219933955563,
        0.07041383526438896,
        0.06829311922307621,
        0.06636473640629972,
        0.06460161267293071,
        0.0631997912433923,
        0.06166017878650883,
        0.06047612818132577,
        0.05897385360383345,
        0.05773601434406672,
        0.05647536629933279,
        0.05546032911079999,
        0.05451518943339018,
        0.05341149053213858,
        0.05227239695058252,
        0.05139480515827168,
        0.05038288777547647,
        0.04959073093795249,
        0.048938160224020026,
        0.048136374027417224,
        0.04706643107225107,
        0.046216796985550264,
        0.045780029994107393,
        0.04524826412029949,
        0.04448934871606739,
        0.043771259433618516,
        0.04273575164711255,
        0.041707141724453396,
        0.04099282810269528,
        0.04077089896586862,
        0.0402128161393448,
        0.03901390685624524,
        0.037641888682382656,
        0.03656280010994548,
        0.03601419848723868,
        0.035503596183730966,
        0.03481399406172206,
        0.03346829978458128,
        0.03267596773105334,
        0.03181825999734069,
        0.0312964553582861,
        0.030903751125522783,
        0.030292373197754425,
        0.02981778699529918,
        0.029296035081811934,
        0.029038207688453492,
        0.02889629017777669,
        0.028328361456842022,
        0.027765081152776788,
        0.027391363143026325,
        0.027070460328129382,
        0.027055327785271116,
        0.026382819281963225,
        0.02590166077219745,
        0.025543152893348048,
        0.025122540149374196,
        0.024526485638587104,
        0.02424933020573945,
        0.02406319204651828,
        0.02389746133059267,
        0.023652151695270678,
        0.023309375713393216,
        0.023173357882271678,
        0.02300013130129188,
        0.022900415827541227,
        0.022890656464214513,
        0.02299226767927018,
        0.022602809898891678,
        0.022368845877644393,
        0.022334988826279885,
        0.022429100236776845,
        0.022525790359229685,
        0.02224119581339752,
        0.022187880037197554,
        0.022242049904507278,
        0.022452717454862832,
        0.022374724733909872,
        0.022314339698388683,
        0.022300999225179818,
        0.022247375139139935,
        0.022217436977680704,
        0.022259174691182427,
        0.02248159562084049,
        0.02219669396170667
      ],