{
  "schema": {
    "name": "half_qae_bundle",
    "version": "1.0"
  },
  "timestamp": "2025-09-11 23:37:44",
  "dataset": {
    "id": "mackey_glass_tau30_n200",
    "scale_low": 0.2,
    "scale_high": 0.8,
    "window_size": 4,
    "window_stride": 1
  },
  "run": {
    "tag": "inst5_L3",
    "instance_id": 5,
    "seed": 5,
    "sigma_train": 0.2,
    "sigma_eval": 0.2
  },
  "architecture": {
    "n_qubits": 4,
    "n_layers": 3,
    "n_latent": 3,
    "n_trash": 1,
    "latent_wires": [
      0,
      1,
      2
    ],
    "trash_wires": [
      3
    ]
  },
  "training": {
    "stage1": {
      "lr_init": 0.01,
      "max_epochs": 120,
      "patience": 10,
      "lr_patience": 8,
      "best_val": 0.053545564478048056,
      "final_val": 0.05417223639839801,
      "best_epoch": 76,
      "epochs": 87,
      "train_curve": [
        0.5810057097451891,
        0.5317237758794644,
        0.4817143949543241,
        0.42486274498164633,
        0.3739097168764784,
        0.33124522398554734,
        0.28937712245679326,
        0.2621818142671347,
        0.2403158515237516,
        0.22526266391523656,
        0.21275808363363147,
        0.19901354119552747,
        0.18595725651042688,
        0.17624367339858577,
        0.1630493826555882,
        0.15241517685007466,
        0.14106182174434123,
        0.13310665186569418,
        0.12489516870383388,
        0.11775841478392222,
        0.11238690276700715,
        0.10643036988509544,
        0.10156191005606238,
        0.09485667654393064,
        0.09112942032132873,
        0.08800047262189667,
        0.08438645465460938,
        0.0817721573689798,
        0.08054901046607607,
        0.07721492251050653,
        0.07525735273899076,
        0.07232694645000548,
        0.07167606664152833,
        0.07073344846422747,
        0.06976974670002067,
        0.06702833626228526,
        0.06509977960403168,
        0.06529189719793413,
        0.06318171763134948,
        0.06304366868323985,
        0.06169965655142007,
        0.061059559659474016,
        0.06029184720120008,
        0.06073264168029689,
        0.06062684517976348,
        0.05837531172228316,
        0.059610899539503256,
        0.05956692789247308,
        0.05670832590072458,
        0.0568871222575507,
        0.05737511518395438,
        0.055914240815794554,
        0.055319992767904044,
        0.05499265477023012,
        0.05451373027336675,
        0.053530447256493446,
        0.05340719193650728,
        0.05215345961210609,
        0.05460003446383692,
        0.053188363591607446,
        0.05127861135928133,
        0.051264447504460936,
        0.05015333225248197,
        0.05033628518044475,
        0.05034656690691512,
        0.0503616589862665,
        0.048643965239808316,
        0.0494664221719864,
        0.04986978307546766,
        0.04840674445338876,
        0.04780337652259218,
        0.047341756521364894,
        0.04758484629408684,
        0.04689755785347767,
        0.04661862270891172,
        0.04677256563368828,
        0.046433973893511074,
        0.04724853769510312,
        0.04635343134854257,
        0.04650656807646824,
        0.04551657108262279,
        0.045927756573909295,
        0.046406040649209016,
        0.04737433185213083,
        0.045109739757293814,
        0.04655413732450389,
        0.046532087574308684
      ],
      "val_curve": [
        0.5573184971029571,
        0.5049232570275473,
        0.4488945546709148,
        0.3936770044225941,
        0.342300953899651,
        0.2979088719390851,
        0.26191164202797307,
        0.23470895489502155,
        0.21501722469106427,
        0.20049635877262095,
        0.18839109729621692,
        0.17763849471942572,
        0.167504626783202,
        0.15815885287842818,
        0.14929873250313955,
        0.14092276040293855,
        0.13371041668578632,
        0.12716613085568354,
        0.12127100271741723,
        0.1161727874527878,
        0.11121369439512938,
        0.10658958482197094,
        0.10240724805709629,
        0.09869985381965947,
        0.09525925868483517,
        0.09209754640365511,
        0.08936999302657063,
        0.08695502286258679,
        0.08480612094060307,
        0.08268399152760045,
        0.08078491387946214,
        0.07918937977622834,
        0.077564001826635,
        0.07592832535563533,
        0.07430037983652835,
        0.0731215897172413,
        0.07182372885129333,
        0.07069115133685029,
        0.06953371145201456,
        0.06848668462339,
        0.0677345512618263,
        0.06698925886211919,
        0.06625507899954977,
        0.06561336406527421,
        0.0649623362494822,
        0.06451112067629114,
        0.06400695024510115,
        0.06366078994522216,
        0.06342225826088958,
        0.06292201458489126,
        0.062298574055363674,
        0.061883202857363186,
        0.06138431161924338,
        0.06085593154486415,
        0.06030786466169839,
        0.059651714577993474,
        0.05925653166684401,
        0.058815564098773934,
        0.05811561945746585,
        0.05764868350143335,
        0.0574693189032683,
        0.0570547016711734,
        0.05663234024265995,
        0.05623285324536884,
        0.05562246321453925,
        0.05544406355346303,
        0.05522562841992035,
        0.05504431786815541,
        0.05446488508312364,
        0.05415283450105857,
        0.05380938958779914,
        0.05389017966289646,
        0.053929775286061535,
        0.054096578406169625,
        0.05394151584320702,
        0.05387050174860518,
        0.053545564478048056,
        0.05358911520876368,
        0.05390478596302506,
        0.05408674729970144,
        0.05378969171248106,
        0.053873914944482806,
        0.053980507994082716,
        0.054333058671133104,
        0.054338308208324346,
        0.053925312103494584,
        0.05417223639839801
      ],
      "lr_curve": [
        0.01,
        0.01,
        0.01,
        0.01,
        0.01,
        0.01,
        0.01,
        0.01,
        0.01,
        0.01,
        0.01,
        0.01,
        0.01,
        0.01,
        0.01,
        0.01,
        0.01,
        0.01,
        0.01,
        0.01,
        0.01,
        0.01,
        0.01,
        0.01,
        0.01,
        0.01,
        0.01,
        0.01,
        0.01,
        0.01,
        0.01,
        0.01,
        0.01,
        0.01,
        0.01,
        0.01,
        0.01,
        0.01,
        0.01,
        0.01,
        0.01,
        0.01,
        0.01,
        0.01,
        0.01,
        0.01,
        0.01,
        0.01,
        0.01,
        0.01,
        0.01,
        0.01,
        0.01,
        0.01,
        0.01,
        0.01,
        0.01,
        0.01,
        0.01,
        0.01,
        0.01,
        0.01,
        0.01,
        0.01,
        0.01,
        0.01,
        0.01,
        0.01,
        0.01,
        0.01,
        0.01,
        0.01,
        0.01,
        0.01,
        0.01,
        0.01,
        0.01,
        0.01,
        0.01,
        0.01,
        0.01,
        0.01,
        0.01,
        0.01,
        0.01,
        0.005,
        0.005
      ],
      "train_seconds": 177.47399187088013
    },
    "stage3": {
      "lr_init": 0.003,
      "max_epochs": 60,
      "patience": 10,
      "plateau_steps": 5,
      "plateau_factor": 0.5,
      "best_val_mse": 0.008009777712112523,
      "final_val_mse": 0.008325018611247815,
      "best_epoch": 21,
      "epochs": 32,