{
  "schema": {
    "name": "full_qae_bundle",
    "version": "1.0"
  },
  "timestamp": "2025-09-08 11:43:19",
  "dataset": {
    "id": "MG_bench",
    "scale_low": 0.2,
    "scale_high": 0.8,
    "window_size": 6,
    "window_stride": 1
  },
  "run": {
    "tag": "inst2_L1",
    "instance_id": 2,
    "seed": 10024,
    "sigma_train": 0.1,
    "sigma_eval": 0.1
  },
  "architecture": {
    "n_qubits": 6,
    "n_layers": 1,
    "n_latent": 4,
    "n_trash": 2,
    "latent_wires": [
      0,
      1,
      2,
      3
    ],
    "trash_wires": [
      4,
      5
    ],
    "decoder_mode": "adjoint_encoder"
  },
  "training": {
    "stage1": {
      "lr_init": 0.0,
      "max_epochs": 0,
      "patience": 0,
      "lr_patience": 0,
      "best_val": NaN,
      "final_val": NaN,
      "best_epoch": -1,
      "epochs": 0,
      "train_curve": [],
      "val_curve": [],
      "lr_curve": [],
      "train_seconds": NaN
    },
    "stage3": {
      "lr_init": 0.5,
      "max_epochs": 120,
      "patience": 0,
      "plateau_steps": 0,
      "plateau_factor": 1.0,
      "best_val_mse": 0.0077789872759021885,
      "final_val_mse": 0.00891737310361188,
      "best_epoch": 111,
      "epochs": 120,
      "train_curve": [
        0.14308330256308852,
        0.0830123466813428,
        0.0449989441594793,
        0.05804339541406394,
        0.02954632364058598,
        0.02138801369659233,
        0.022444235924007,
        0.03552097132349145,
        0.022124114892466847,
        0.021239587444954657,
        0.0158412392332505,
        0.017885974086743275,
        0.014418475253674429,
        0.016310757730960232,
        0.01541912197343338,
        0.011335484807989783,
        0.015548033531917907,
        0.012726222428783268,
        0.014548425956073113,
        0.012428026978239897,
        0.010602818631499809,
        0.011752407271604667,
        0.011794240157593014,
        0.011932001555357523,
        0.010330241140041597,
        0.009252488858162307,
        0.009389436842096609,
        0.009645753618169139,
        0.010249588142019019,
        0.009531170978663723,
        0.008773696084989298,
        0.009179471074737372,
        0.009340306642768024,
        0.009193275996989263,
        0.009320930429610753,
        0.00876395048543604,
        0.008584930319422637,
        0.009470909633373372,
        0.009513889943192357,
        0.009314073667303918,
        0.00906627727707299,
        0.008636905457415063,
        0.009464448642358058,
        0.009212137437609208,
        0.008688376093004109,
        0.009288362321021646,
        0.008494668735085255,
        0.010038833639050828,
        0.008993664537304625,
        0.009018676105438687,
        0.008391670374305136,
        0.009300435768951,
        0.009100848966973198,
        0.008611959330516535,
        0.008629417508480846,
        0.008299927031328081,
        0.00919612515557339,
        0.008400670427155392,
        0.00861044983913907,
        0.00940236537285856,
        0.00903387398229144,
        0.008123221365787607,
        0.00896680064595052,
        0.008706655332023255,
        0.008627134897021483,
        0.009184798850318717,
        0.008826797126167319,
        0.008995671114261411,
        0.008693960109586178,
        0.008634183801125619,
        0.008309543326739548,
        0.008670998644538535,
        0.008657831721797658,
        0.008692211327476286,
        0.007855341319677932,
        0.008766241807239578,
        0.008464604344144002,
        0.008777853585327908,
        0.008691053903868946,
        0.008857064002363298,
        0.00836630055179603,
        0.008330976266249127,
        0.008346536572693415,
        0.008203106259038542,
        0.008433670980473155,
        0.008420643400975158,
        0.008107495198038297,
        0.00878610570636513,
        0.00830996803730967,
        0.00835579505597545,
        0.00851927820087089,
        0.008750544580192032,
        0.008739977467809306,
        0.008673937193406069,
        0.008084192476189562,
        0.008532234036192259,
        0.008762548654951323,
        0.008795402295952522,
        0.008280929784270552,
        0.008394173267157266,
        0.008630754737257664,
        0.008019761404049468,
        0.008679870702042299,
        0.008189117324922899,
        0.008514955510096931,
        0.008124238892510394,
        0.008328586655373425,
        0.008667807732607577,
        0.008134936703281562,
        0.009234453155917111,
        0.008339563877894883,
        0.0077789872759021885,
        0.0080605918040404,
        0.00883388601782333,
        0.008309170606472413,
        0.00859255634100466,
        0.00875192056889323,
        0.008722493087405525,
        0.008910129873632764,
        0.00891737310361188
      ],