{
  "schema": {
    "name": "full_qae_bundle",
    "version": "1.0"
  },
  "timestamp": "2025-09-08 11:45:58",
  "dataset": {
    "id": "MG_bench",
    "scale_low": 0.2,
    "scale_high": 0.8,
    "window_size": 6,
    "window_stride": 1
  },
  "run": {
    "tag": "inst3_L1",
    "instance_id": 3,
    "seed": 10025,
    "sigma_train": 0.1,
    "sigma_eval": 0.1
  },
  "architecture": {
    "n_qubits": 6,
    "n_layers": 1,
    "n_latent": 4,
    "n_trash": 2,
    "latent_wires": [
      0,
      1,
      2,
      3
    ],
    "trash_wires": [
      4,
      5
    ],
    "decoder_mode": "adjoint_encoder"
  },
  "training": {
    "stage1": {
      "lr_init": 0.0,
      "max_epochs": 0,
      "patience": 0,
      "lr_patience": 0,
      "best_val": NaN,
      "final_val": NaN,
      "best_epoch": -1,
      "epochs": 0,
      "train_curve": [],
      "val_curve": [],
      "lr_curve": [],
      "train_seconds": NaN
    },
    "stage3": {
      "lr_init": 0.5,
      "max_epochs": 120,
      "patience": 0,
      "plateau_steps": 0,
      "plateau_factor": 1.0,
      "best_val_mse": 0.007819438626951484,
      "final_val_mse": 0.009040031392958538,
      "best_epoch": 73,
      "epochs": 120,
      "train_curve": [
        0.13211764580186788,
        0.08689347129874303,
        0.02818189810270292,
        0.06469515028526192,
        0.03172754102327018,
        0.019243472570054723,
        0.02580673954881625,
        0.030372917255493816,
        0.02502046158309765,
        0.01610581858880356,
        0.014770117459160223,
        0.014518021200105305,
        0.017837422338353524,
        0.018451108152247483,
        0.013510649569113221,
        0.014260269587394615,
        0.014179469294837333,
        0.014903148682185997,
        0.015230995604227115,
        0.012692985513712856,
        0.011604010514624657,
        0.010768036147208518,
        0.010468062674879928,
        0.011908443967566277,
        0.009730752527352457,
        0.010251064069442747,
        0.009905200253299532,
        0.010123175470715954,
        0.011279480687948946,
        0.010517891924230542,
        0.011086553614358384,
        0.009230080631148649,
        0.010128451612591417,
        0.010165005238500219,
        0.009092631900627429,
        0.009177432756161315,
        0.009252935479495515,
        0.008937062082976269,
        0.009266816174722208,
        0.009113311939689749,
        0.00869109962940508,
        0.009074455886391199,
        0.009224838493442225,
        0.00875304788294576,
        0.009036113173804245,
        0.008969962842156369,
        0.009121663144950831,
        0.008596175174935392,
        0.008631077127235787,
        0.00841655378333627,
        0.00808885282380541,
        0.008572332140862528,
        0.00857144296283398,
        0.008703126097794318,
        0.008652694416462476,
        0.008409131748719418,
        0.008543177571981538,
        0.008546946710235799,
        0.008493131070447708,
        0.009104560702212581,
        0.008415897181701857,
        0.008496417088269106,
        0.00826705676113948,
        0.009001783571774967,
        0.00841243144278441,
        0.00858556059390523,
        0.008382813651978538,
        0.008375482071042911,
        0.008359776408188944,
        0.008246334857286127,
        0.00890464893696795,
        0.008314104455685095,
        0.008514449763469663,
        0.007819438626951484,
        0.008601059512152153,
        0.008600200965339195,
        0.008400724672778798,
        0.008504118160626416,
        0.008257601245524788,
        0.008400946543783585,
        0.008374760835917225,
        0.00811538575149926,
        0.008184384297294693,
        0.00884392479911358,
        0.008490420116696106,
        0.008657702080313173,
        0.008730565613032586,
        0.009019961908691664,
        0.008937799544238055,
        0.008528906365447009,
        0.007908015445808528,
        0.008352090785617959,
        0.00877513857164381,
        0.008639275290250983,
        0.008129928745602293,
        0.00898599707388662,
        0.009146148427366928,
        0.008314886572076262,
        0.008621422958846419,
        0.008279596937911556,
        0.009466134427530545,
        0.008063241021129982,
        0.008461886095837633,
        0.008078315490832908,
        0.007942839505690797,
        0.008603142094063397,
        0.008988192547810175,
        0.008025362571127088,
        0.008426848953579796,
        0.008580987526958609,
        0.008081643410476945,
        0.008516683380628134,
        0.00882444842127483,
        0.008650456868975885,
        0.009771183876007571,
        0.00853154362847834,
        0.009603082524493288,
        0.010200881051257025,
        0.00890459544248511,
        0.009040031392958538
      ],