{
  "schema": {
    "name": "half_qae_bundle",
    "version": "1.0"
  },
  "timestamp": "2025-09-14 16:11:28",
  "dataset": {
    "id": "mackey_glass_tau30_n200",
    "scale_low": 0.2,
    "scale_high": 0.8,
    "window_size": 6,
    "window_step": 2,
    "split": 0.75
  },
  "run": {
    "instance_id": 5,
    "layer": 3,
    "sigma_eval": 0.2,
    "test_seed_fixed": 99123
  },
  "environment": {
    "device": "default.qubit",
    "reset_mode": "swap"
  },
  "architecture": {
    "n_qubits": 6,
    "n_latent": 4,
    "n_trash": 2
  },
  "parameters": {
    "phi": [
      -1.67851079079001,
      -1.4621356931144593,
      0.16166162302474188,
      0.17476232486082094,
      0.20859750095427712,
      -0.1693622021295195,
      -0.6588694251876456,
      -0.06427073279487497,
      0.05320938393112769,
      -1.3892732348016035,
      0.1000106406622786,
      -0.6332076488994834,
      0.25184578292601434,
      0.11096949225123258,
      -1.1975867261226076,
      0.22590002662959313,
      -0.313419252706717,
      -0.08383019855263024,
      -0.233050221138666,
      -0.49500192750677696,
      0.012319638890154049,
      0.4324482422088412,
      -0.3715865215231001,
      -0.06676966777044023,
      0.2854286988729977,
      0.2975767160454084,
      0.11036135983425527,
      -0.9419833373288936,
      -0.4208347060219607,
      1.1989309521596934,
      -0.08165461904204235,
      0.3365007255821163,
      0.5016538500453678,
      -0.14368650940248318,
      -0.45372807512840485,
      0.19289649540867404,
      0.7349033447545207,
      -1.6063870025868918,
      -0.5523501387381029,
      0.9446258735509188,
      -1.3817635744469807,
      0.9354605095186371,
      0.6675522589607409,
      1.3846160526588183,
      0.4220162939544366,
      0.2958864825197444,
      1.289955831022404,
      -0.0029969203156287216,
      -1.1454903555916718,
      -1.534527664950583,
      0.7194920593417051,
      -0.05028601210442483,
      -1.3456036864920282,
      0.11662810228674476
    ],
    "psi": [
      -1.7808197242502228,
      -1.4483709614785127,
      0.2184019419813662,
      0.19862684276733916,
      0.1890622064108235,
      -0.14249908148704235,
      -0.6419839965922076,
      -0.058357961267323226,
      0.04909917705130976,
      -1.322361365535114,
      0.12723212701206857,
      -0.637824296841419,
      0.129372463511636,
      0.16683970795897513,
      -1.215348531493597,
      0.20130072228206392,
      -0.3005976746796186,
      -0.09216928699774106,
      -0.14277014005442942,
      -0.5177535116825842,
      0.0025404792111394896,
      0.41475878338826816,
      -0.3619519611067745,
      -0.03017741266772643,
      0.24678994037654295,
      0.36829996507161905,
      0.11957093644953488,
      -1.035612008594038,
      -0.49516479628295246,
      1.1715071549530904,
      -0.0025497242341144663,
      0.3448667750522672,
      0.41977336127800674,
      -0.07979951524842177,
      -0.49904455943617987,
      0.12105019211851813,
      0.8387171205114872,
      -1.5786170088713092,
      -0.6809647114833175,
      0.9851125940274422,
      -1.4105538926007346,
      0.9792079043624883,
      0.6653410105835916,
      1.3417672413781512,
      0.28643290071993305,
      0.23231435919096072,
      1.2706411246222478,
      0.02431454866778966,
      -1.1686400902436869,
      -1.5180367305579388,
      0.7013778688822916,
      -0.00942022440857676,
      -1.3574266908550654,
      0.15295696899600814
    ]
  },
  "metrics_series": {
    "mse_train_noise": 0.019067164300121137,
    "mse_train_recovered": 0.016128475017222674,
    "delta_train_pct": 15.412303773350256,
    "mse_test_noise": 0.01895794215292774,
    "mse_test_recovered": 0.014762977785055852,
    "delta_test_pct": 22.127741154775304
  }
}