{
  "schema": {
    "name": "half_qae_bundle",
    "version": "1.0"
  },
  "timestamp": "2025-09-14 16:11:27",
  "dataset": {
    "id": "mackey_glass_tau30_n200",
    "scale_low": 0.2,
    "scale_high": 0.8,
    "window_size": 6,
    "window_step": 2,
    "split": 0.75
  },
  "run": {
    "instance_id": 4,
    "layer": 3,
    "sigma_eval": 0.2,
    "test_seed_fixed": 99123
  },
  "environment": {
    "device": "default.qubit",
    "reset_mode": "swap"
  },
  "architecture": {
    "n_qubits": 6,
    "n_latent": 4,
    "n_trash": 2
  },
  "parameters": {
    "phi": [
      -1.0852017034980406,
      -1.5860243364278421,
      -0.21664846825800477,
      1.1391123309913285,
      -1.511213292112917,
      0.5471860929688288,
      1.4094685313058968,
      -0.4786100531618396,
      -0.7396115284122438,
      -0.29664457445871556,
      1.433799156193928,
      -1.6804021007225816,
      -0.11817222845934437,
      -0.3966058892599758,
      0.04180340741881197,
      -0.3232823648088534,
      -0.34750942377375493,
      -0.37728239135300456,
      -0.25616480985413503,
      -1.4867286480451976,
      0.3295609977713152,
      -0.5310072565344799,
      1.561403397744621,
      -1.0074018125258766,
      -0.2683883426574776,
      -0.31657431394615926,
      -0.8602151687152022,
      -0.8758956187296398,
      -1.101534020708671,
      0.720566998995004,
      -0.7962031996497942,
      0.03988546477565522,
      0.032906720077808774,
      -0.9743599629852627,
      -1.3351713367977338,
      0.9859694697850834,
      0.6492323799476869,
      -1.4682463030075552,
      -0.41781893120801494,
      -0.4450969027829597,
      -0.5786014965647743,
      1.146553820230697,
      0.23968495214512142,
      -0.6620049227070312,
      0.3620431061740453,
      -1.491562618718527,
      -1.467599777860901,
      -0.13798318186084285,
      -0.2771424887863399,
      -1.517873533044409,
      -0.5911702220000912,
      -1.2558894066495792,
      -1.5584522802096128,
      -1.5493904634642501
    ],
    "psi": [
      -1.0168692261148495,
      -1.6029604521675123,
      -0.187400871192406,
      1.1193265020828675,
      -1.5103318380647013,
      0.5481307769532137,
      1.4316475340831554,
      -0.4626778166062352,
      -0.7917594740815223,
      -0.32256526709937444,
      1.4895587929947334,
      -1.5959286052792878,
      -0.12031204469818672,
      -0.413707226455545,
      0.09779129730919543,
      -0.36131624299584125,
      -0.3487299341901898,
      -0.4077335619464533,
      -0.22180598260612305,
      -1.467393820233246,
      0.24589989590286732,
      -0.4781873538535965,
      1.5608803052331,
      -0.9631395857864713,
      -0.25305705116240584,
      -0.31161536615005325,
      -0.8876308566121985,
      -0.9293804129611702,
      -1.120004311143364,
      0.7029345037870411,
      -0.8041688763951094,
      0.09845155369575449,
      0.05545433718257801,
      -0.9426775317453144,
      -1.3539394608781397,
      1.0997179643844397,
      0.6307125227228418,
      -1.4702706018231824,
      -0.4325382362799786,
      -0.42381113030792783,
      -0.619914069125563,
      1.2222760809265574,
      0.301391126704266,
      -0.7075327365082328,
      0.2923254212503783,
      -1.4670050361670244,
      -1.434710243950022,
      -0.1547779846718106,
      -0.2958596837940988,
      -1.486125777413775,
      -0.5742299194254437,
      -1.18233273321841,
      -1.5953457050315354,
      -1.523499370019096
    ]
  },
  "metrics_series": {
    "mse_train_noise": 0.019067164300121137,
    "mse_train_recovered": 0.012177028037216708,
    "delta_train_pct": 36.136135161224026,
    "mse_test_noise": 0.01895794215292774,
    "mse_test_recovered": 0.01049494730923357,
    "delta_test_pct": 44.64089390834648
  }
}