{
  "schema": {
    "name": "half_qae_bundle",
    "version": "1.0"
  },
  "timestamp": "2025-09-14 16:11:23",
  "dataset": {
    "id": "mackey_glass_tau30_n200",
    "scale_low": 0.2,
    "scale_high": 0.8,
    "window_size": 6,
    "window_step": 2,
    "split": 0.75
  },
  "run": {
    "instance_id": 2,
    "layer": 3,
    "sigma_eval": 0.2,
    "test_seed_fixed": 99123
  },
  "environment": {
    "device": "default.qubit",
    "reset_mode": "swap"
  },
  "architecture": {
    "n_qubits": 6,
    "n_latent": 4,
    "n_trash": 2
  },
  "parameters": {
    "phi": [
      -0.4305162860499644,
      0.8893178197133608,
      -0.7083234726409255,
      -0.467090754222611,
      -0.8599969445304931,
      -0.540891608562307,
      -0.19220967096507297,
      0.22372313611435005,
      1.8485828208039843,
      1.0411751320093963,
      -0.35585643912863857,
      -0.571569049220574,
      1.2689466722342997,
      -0.3477474599843804,
      1.1929620081089554,
      -1.0683175701931453,
      0.17464106711535404,
      0.05738803644588278,
      0.4974821675925194,
      0.03666252849190339,
      0.2238948903546705,
      0.0910428806070848,
      -0.9881833527276644,
      0.06911510229890118,
      0.10133030451207146,
      0.7063825061380654,
      -0.261230097639459,
      1.4590470871287864,
      -0.13872687061770206,
      -1.5046477647504768,
      -0.12423636124524705,
      -0.0304957670137861,
      0.0423982947628875,
      0.06759409238741,
      0.011481183096304042,
      0.06278767477124973,
      1.2091516250216197,
      -1.2529224171593976,
      -0.07153468961867088,
      0.2466942693354764,
      -0.9054256106038925,
      -0.10641668029182397,
      -1.7194069910212422,
      1.2763600166210258,
      0.4227990297295237,
      0.02118346720103691,
      0.2692386434171856,
      0.654475014313316,
      1.5409704437023501,
      -0.9611672522927545,
      0.044414923825552975,
      0.06950180692895042,
      -0.24810044713994,
      0.531283984058308
    ],
    "psi": [
      -0.5314003452416751,
      0.8514816062095026,
      -0.7851263585317503,
      -0.45484552606537415,
      -0.8497260057061633,
      -0.59742408843603,
      -0.25160517772491586,
      0.1900708897136397,
      1.8366575507015384,
      1.042832991606662,
      -0.3717656349648924,
      -0.6111533463003209,
      1.2397408410640671,
      -0.26965668039210977,
      1.1685571139845867,
      -1.143008756856897,
      0.09064809540338183,
      0.07221215611330821,
      0.5340561992552607,
      0.06064927518372304,
      0.21260257720438225,
      0.14040362751857233,
      -1.0337305157893182,
      0.05276093556795201,
      0.11343060264838414,
      0.7467941464675129,
      -0.21303202128200843,
      1.4809494436391222,
      -0.14047875417875383,
      -1.5147448346572239,
      -0.08340810341129903,
      -0.06525461012947194,
      -0.007592685546171152,
      0.020224884902276655,
      -0.05383530409205592,
      0.03992166864606597,
      1.2184879561390258,
      -1.3216463583111646,
      -0.14662879283976457,
      0.1529144424186774,
      -0.9228489913283262,
      -0.13069622017244462,
      -1.7295878016163326,
      1.3627208472470045,
      0.39652757692517815,
      0.019527847447259782,
      0.2764033824667255,
      0.7056071075519106,
      1.563049683900351,
      -0.9083477777479948,
      0.048380717830156295,
      0.10682231496101183,
      -0.13809997576465458,
      0.5594379929530374
    ]
  },
  "metrics_series": {
    "mse_train_noise": 0.019067164300121137,
    "mse_train_recovered": 0.01837095264999038,
    "delta_train_pct": 3.6513644041255455,
    "mse_test_noise": 0.01895794215292774,
    "mse_test_recovered": 0.01646047603301135,
    "delta_test_pct": 13.173719487959811
  }
}