{
  "schema": {
    "name": "half_qae_bundle",
    "version": "1.0"
  },
  "timestamp": "2025-09-14 16:11:20",
  "dataset": {
    "id": "mackey_glass_tau30_n200",
    "scale_low": 0.2,
    "scale_high": 0.8,
    "window_size": 6,
    "window_step": 2,
    "split": 0.75
  },
  "run": {
    "instance_id": 1,
    "layer": 3,
    "sigma_eval": 0.2,
    "test_seed_fixed": 99123
  },
  "environment": {
    "device": "default.qubit",
    "reset_mode": "swap"
  },
  "architecture": {
    "n_qubits": 6,
    "n_latent": 4,
    "n_trash": 2
  },
  "parameters": {
    "phi": [
      0.8608710956779226,
      0.3494541849049821,
      1.4116486588338306,
      -0.3706706251105088,
      0.36854380109243434,
      -1.4203798470293931,
      -0.44271031064682453,
      -0.8707737132626399,
      -0.7763742197108979,
      1.4335936995030054,
      -0.3907223884010453,
      -0.9414851142316868,
      0.1476913175793409,
      -0.7351635560273514,
      1.5160773061405437,
      -0.11077481157425924,
      -0.4424536645395723,
      0.011936168149729417,
      -0.5211541428541743,
      0.020203457472871854,
      1.21330581847307,
      -1.4457300794461174,
      0.32527312615392645,
      0.34889503612188955,
      -1.415273860024455,
      0.49679948771180454,
      -1.0640742026482575,
      -0.9436344283728472,
      -0.0344296275388251,
      -0.11403080348643084,
      -0.8340890898360175,
      -0.10479832612014327,
      -0.10004441666682055,
      1.0108691008423925,
      0.2254678158268413,
      1.0627948658205082,
      -0.11151863533772892,
      0.1476147586087462,
      0.7106165138840607,
      1.1716560147486481,
      -0.011585033412333995,
      0.2699456602404323,
      0.0130045311443328,
      0.00016892755484646936,
      -0.3399927475149814,
      0.4038369667672551,
      1.5571456574016613,
      0.08588831758407164,
      -0.004808472493801768,
      0.025235620248522356,
      -0.20406587968076934,
      0.6548448113700296,
      0.8024256193191647,
      -0.19447002641138683
    ],
    "psi": [
      0.8435961346133529,
      0.3155344318409361,
      1.398653314264758,
      -0.3559179927801911,
      0.3732658199485863,
      -1.3461284191978473,
      -0.43879117525130495,
      -0.9037036230025176,
      -0.6936325329132356,
      1.3997573374774415,
      -0.4104581663856959,
      -0.9517426162835733,
      0.11403265401706991,
      -0.8129890963544251,
      1.5918822897445615,
      -0.11146833515324514,
      -0.43029134263642493,
      0.02051112220362441,
      -0.5650231779677202,
      0.08413294845085113,
      1.1961373462669207,
      -1.379910760540062,
      0.3540271833909563,
      0.3732929830015868,
      -1.4214653719895234,
      0.45218103983909064,
      -1.069552319392303,
      -0.9952843995003292,
      -0.08760778015981946,
      -0.08815231558009999,
      -0.8445311082457666,
      -0.1565813821164432,
      -0.15742903361078828,
      1.049463454059556,
      0.23165085783169514,
      1.0631585422630092,
      -0.14325496898147322,
      0.1841486289594603,
      0.7074966262663257,
      1.2253017514973261,
      0.01966966524493466,
      0.3132994870771577,
      0.02033367209895952,
      0.0053117521037748085,
      -0.3452178141080361,
      0.5021698829380724,
      1.625911693492037,
      0.050131768619927755,
      -0.010196729654271562,
      0.033119218221025926,
      -0.24379302862152327,
      0.6393050155498551,
      0.8172547887770132,
      -0.249539970435576
    ]
  },
  "metrics_series": {
    "mse_train_noise": 0.019067164300121137,
    "mse_train_recovered": 0.01729634352830194,
    "delta_train_pct": 9.287279135723125,
    "mse_test_noise": 0.01895794215292774,
    "mse_test_recovered": 0.015627861163425263,
    "delta_test_pct": 17.56562480589804
  }
}