{
  "schema": {
    "name": "half_qae_bundle",
    "version": "1.0"
  },
  "timestamp": "2025-09-14 16:11:25",
  "dataset": {
    "id": "mackey_glass_tau30_n200",
    "scale_low": 0.2,
    "scale_high": 0.8,
    "window_size": 6,
    "window_step": 2,
    "split": 0.75
  },
  "run": {
    "instance_id": 3,
    "layer": 3,
    "sigma_eval": 0.2,
    "test_seed_fixed": 99123
  },
  "environment": {
    "device": "default.qubit",
    "reset_mode": "swap"
  },
  "architecture": {
    "n_qubits": 6,
    "n_latent": 4,
    "n_trash": 2
  },
  "parameters": {
    "phi": [
      1.086715087115102,
      0.12700337626551944,
      1.2975273033260522,
      -0.4719158344727281,
      -0.25225456834832743,
      1.347999048708736,
      -1.2206889008794006,
      1.5677478022500682,
      0.3231254070976713,
      -0.10229535976060507,
      -1.0588201880329389,
      0.09516008713840188,
      -0.9531287899485792,
      -1.4974302471851915,
      -0.6552366754076566,
      -0.47240265266542,
      1.0794735141244918,
      -0.46349128125985123,
      0.6772391764668426,
      -0.007171148111619436,
      0.3692369225362909,
      1.7642400951568726,
      -0.6602590782480662,
      -0.10052147416513944,
      -1.1249932227676427,
      -0.11364155197123137,
      -0.01287296523681546,
      1.0702127322678132,
      0.026072194182213314,
      -1.5720009013290885,
      1.8800972414301849,
      -0.002063725925671814,
      0.0027623008424674756,
      1.6019170291115332,
      0.012838066925323412,
      0.13018764098817864,
      -0.03771784398304291,
      -0.0024214632147440103,
      0.3144577246096304,
      0.17050616375065314,
      1.56981944466856,
      0.016360053026933545,
      -0.019696177754469912,
      -0.00028827915076910804,
      -0.7617639362469837,
      1.5585066203154492,
      -0.023675408058891366,
      0.2953366515939525,
      -0.01769538857781152,
      -0.005993849704345567,
      -0.40414225054117536,
      0.008322585289539186,
      -0.009566832615198776,
      0.41614459605097787
    ],
    "psi": [
      1.053250807374231,
      0.12546749315244773,
      1.3045423650257966,
      -0.42487192773341587,
      -0.21013736526903062,
      1.3729695021268207,
      -1.2260775324207134,
      1.598130644416559,
      0.3511264923132606,
      -0.13056317628349767,
      -1.1381504755700897,
      0.18079870291222708,
      -1.0330746437547693,
      -1.515614616758076,
      -0.614885934935406,
      -0.4939636124735647,
      1.1348751661879752,
      -0.43236875393568586,
      0.6502709761785201,
      -0.04755126686283609,
      0.2545794647933097,
      1.7484362053396376,
      -0.6790531289881379,
      -0.09658661039836222,
      -1.124042896441787,
      -0.11736909318339248,
      -0.05943028965343141,
      1.0683682049843348,
      0.10036244732801256,
      -1.5068475829907622,
      1.8450750742101523,
      -0.01271314061763707,
      0.018434841719818112,
      1.5827381026629332,
      -0.017690575592130296,
      0.17315594530540646,
      -0.04236100734126154,
      0.032184600025903565,
      0.3586155185659011,
      0.16036160981587397,
      1.5152040423928177,
      0.10570536189757006,
      -0.019895452916656547,
      -0.014649509460980991,
      -0.751181464949957,
      1.575455321648655,
      0.07786906116211018,
      0.37153121592463123,
      0.023716634943290172,
      -0.016920930884611815,
      -0.3818909074249881,
      0.08460606034885977,
      0.010756204137435773,
      0.44968170644469113
    ]
  },
  "metrics_series": {
    "mse_train_noise": 0.019067164300121137,
    "mse_train_recovered": 0.014167022407452204,
    "delta_train_pct": 25.699374146777565,
    "mse_test_noise": 0.01895794215292774,
    "mse_test_recovered": 0.014155140623067154,
    "delta_test_pct": 25.333981352606205
  }
}