{
  "schema": {
    "name": "full_qae_bundle",
    "version": "1.0"
  },
  "timestamp": "2025-09-08 12:09:00",
  "dataset": {
    "id": "MG_bench",
    "scale_low": 0.2,
    "scale_high": 0.8,
    "window_size": 4,
    "window_stride": 1
  },
  "run": {
    "tag": "inst5_L3",
    "instance_id": 5,
    "seed": 10027,
    "sigma_train": 0.1,
    "sigma_eval": 0.1
  },
  "architecture": {
    "n_qubits": 4,
    "n_layers": 3,
    "n_latent": 2,
    "n_trash": 2,
    "latent_wires": [
      0,
      1
    ],
    "trash_wires": [
      2,
      3
    ],
    "decoder_mode": "adjoint_encoder"
  },
  "training": {
    "stage1": {
      "lr_init": 0.0,
      "max_epochs": 0,
      "patience": 0,
      "lr_patience": 0,
      "best_val": NaN,
      "final_val": NaN,
      "best_epoch": -1,
      "epochs": 0,
      "train_curve": [],
      "val_curve": [],
      "lr_curve": [],
      "train_seconds": NaN
    },
    "stage3": {
      "lr_init": 0.5,
      "max_epochs": 120,
      "patience": 0,
      "plateau_steps": 0,
      "plateau_factor": 1.0,
      "best_val_mse": 0.0029977593423616074,
      "final_val_mse": 0.009080055151064519,
      "best_epoch": 65,
      "epochs": 120,
      "train_curve": [
        0.07587568511915792,
        0.4096607765523739,
        0.27084546928182435,
        0.11592666973836104,
        0.1621349214138962,
        0.11881776318787736,
        0.09493055747833472,
        0.0722263565217064,
        0.05198515608707043,
        0.02915259805543908,
        0.05893720356424395,
        0.03562201068935909,
        0.05258321708969423,
        0.028112015960469874,
        0.05751570021790111,
        0.03412840422522244,
        0.03183436324322781,
        0.03137219737798845,
        0.021144601502615542,
        0.019663788330226636,
        0.019170719044397235,
        0.021339475151475988,
        0.017911796484796967,
        0.014878141073264517,
        0.014068691626492272,
        0.011164336877846402,
        0.012245839618445857,
        0.011750739066802065,
        0.011016228284011824,
        0.009619169602043379,
        0.008288622597433749,
        0.006203206282378574,
        0.0056613771981654515,
        0.005479495936003375,
        0.005889522748604427,
        0.005669415032049149,
        0.0046778560531382,
        0.005227461727621032,
        0.004971155135184749,
        0.005186913256189196,
        0.005221656337238156,
        0.004910480256819932,
        0.004521106753805433,
        0.003897718137717313,
        0.004025693680542467,
        0.0038023762174460582,
        0.0038747092346615676,
        0.0035829904039727323,
        0.0033614466449279467,
        0.003398571186784304,
        0.0036374896693138455,
        0.0038532040764187865,
        0.004389049415591413,
        0.003427209164494575,
        0.004664774900519675,
        0.0057050947493964155,
        0.0034206195767981684,
        0.00439468865827081,
        0.0038553992283218096,
        0.003359074643805018,
        0.004160066195765604,
        0.003399333502963008,
        0.0037321957153005378,
        0.0034530651387564048,
        0.003067710203145001,
        0.0029977593423616074,
        0.003379092661950951,
        0.0037077596078234957,
        0.0038741354919709595,
        0.003124440519468942,
        0.0031753702981458538,
        0.0034012244916581265,
        0.00320777542061564,
        0.0035947958189460577,
        0.006382319665308622,
        0.007147584358495929,
        0.11056619062242277,
        0.025941505537704513,
        0.0688918858521345,
        0.24522461142522214,
        0.14407309042847877,
        0.18798360250616647,
        0.17560384797118947,
        0.1825602746368088,
        0.2532880665321279,
        0.30028496514106046,
        0.21526079527182057,
        0.26616893845418577,
        0.17624437546350802,
        0.06955911886625402,
        0.03713749002104499,
        0.08926102937154591,
        0.079264730246714,
        0.0405215670879225,
        0.03929924680812108,
        0.0359683806629972,
        0.031831022251163854,
        0.022209558737747395,
        0.03082960090489893,
        0.02757388673023318,
        0.02043427823528442,
        0.016434760498167365,
        0.023459440291694902,
        0.01309978354073347,
        0.013483334207925005,
        0.017727797743475004,
        0.01035454477374026,
        0.00971049200345725,
        0.010713191251768216,
        0.009091874055301156,
        0.0067193712983102715,
        0.005304375364658558,
        0.009550997570970627,
        0.01078684084093949,
        0.005451068309262555,
        0.0088850954956074,
        0.011389277597366304,
        0.004628131416417218,
        0.011681970513742484,
        0.009080055151064519
      ],