{
  "schema": {
    "name": "full_qae_bundle",
    "version": "1.0"
  },
  "timestamp": "2025-09-08 11:54:55",
  "dataset": {
    "id": "MG_bench",
    "scale_low": 0.2,
    "scale_high": 0.8,
    "window_size": 4,
    "window_stride": 1
  },
  "run": {
    "tag": "inst2_L3",
    "instance_id": 2,
    "seed": 10024,
    "sigma_train": 0.1,
    "sigma_eval": 0.1
  },
  "architecture": {
    "n_qubits": 4,
    "n_layers": 3,
    "n_latent": 2,
    "n_trash": 2,
    "latent_wires": [
      0,
      1
    ],
    "trash_wires": [
      2,
      3
    ],
    "decoder_mode": "adjoint_encoder"
  },
  "training": {
    "stage1": {
      "lr_init": 0.0,
      "max_epochs": 0,
      "patience": 0,
      "lr_patience": 0,
      "best_val": NaN,
      "final_val": NaN,
      "best_epoch": -1,
      "epochs": 0,
      "train_curve": [],
      "val_curve": [],
      "lr_curve": [],
      "train_seconds": NaN
    },
    "stage3": {
      "lr_init": 0.5,
      "max_epochs": 120,
      "patience": 0,
      "plateau_steps": 0,
      "plateau_factor": 1.0,
      "best_val_mse": 0.0036722404130285994,
      "final_val_mse": 0.0040021786698404005,
      "best_epoch": 118,
      "epochs": 120,
      "train_curve": [
        0.08263667880932703,
        0.2221144069962581,
        0.35638134942086713,
        0.3515864197199252,
        0.22758246041651867,
        0.23757123868238145,
        0.29459102568669315,
        0.2200270843527351,
        0.16665277824375777,
        0.10508360249924417,
        0.08503048835280577,
        0.07092339600779542,
        0.04800393256481842,
        0.02323321481641818,
        0.019356886959395993,
        0.023849635567021542,
        0.02798196646060992,
        0.025178204855544044,
        0.022069814837815404,
        0.020948963654844985,
        0.017922254826815347,
        0.019290632628821986,
        0.01431576253994114,
        0.011876387676747629,
        0.01389458138973664,
        0.011681319729490615,
        0.010854379837146244,
        0.011607158151179417,
        0.010911889518057947,
        0.010231361295794956,
        0.010260996375772533,
        0.009174667985397532,
        0.009009550101746719,
        0.008798238117950212,
        0.008186086800937393,
        0.008234519149307935,
        0.007988536992480866,
        0.008091162625739926,
        0.007690367082398348,
        0.0075428437654566135,
        0.0075855922812489394,
        0.007039477480763218,
        0.006819546636295918,
        0.0063851258134596705,
        0.0059811848090293145,
        0.005757630386595166,
        0.005486425079211003,
        0.004858704651018039,
        0.005089413312673405,
        0.004651162333982742,
        0.004351183828615938,
        0.004978166167188504,
        0.0053835438259819375,
        0.005636961083369436,
        0.005742374885657564,
        0.004595476849932993,
        0.0037914782762119457,
        0.004949476943540577,
        0.0042733042187032486,
        0.004044974271465643,
        0.0048040761557350585,
        0.004931077240848488,
        0.005368661147637237,
        0.006716777848453048,
        0.009914941672731306,
        0.02389936913656898,
        0.006568416725120976,
        0.1169502652162684,
        0.12967833423666988,
        0.06502268155545733,
        0.05217023654164505,
        0.034622499592509896,
        0.07698574663080882,
        0.02264839900413258,
        0.13369180648443568,
        0.03660818360857798,
        0.032751052940838264,
        0.05484211353146034,
        0.030217886908748257,
        0.015960356072381884,
        0.020145620040267,
        0.017602414079774534,
        0.012824817381067078,
        0.013424528053319564,
        0.013130581596340939,
        0.012700484459279137,
        0.013549433956342356,
        0.013342033650462413,
        0.011952906857728512,
        0.0106912939827522,
        0.00944949025928984,
        0.008942691611979461,
        0.00800981068079481,
        0.0077968973538452375,
        0.007680334219552825,
        0.00703509000490337,
        0.006312563297328626,
        0.006631713306027713,
        0.006478771928403382,
        0.0059646517843425,
        0.0057538941555182995,
        0.005665542954625915,
        0.005427586622569904,
        0.004676749298649512,
        0.005015272279575258,
        0.004724875290733415,
        0.004579459929579225,
        0.004597639759476847,
        0.00433626064406164,
        0.004210768543873059,
        0.004794673650794008,
        0.004387212212218088,
        0.004371309056976248,
        0.004401159418474373,
        0.004873941955783048,
        0.00441311737257457,
        0.0037812883295712764,
        0.003758416860292998,
        0.0036722404130285994,
        0.0040021786698404005
      ],