{
  "schema": {
    "name": "full_qae_bundle",
    "version": "1.0"
  },
  "timestamp": "2025-09-08 11:59:37",
  "dataset": {
    "id": "MG_bench",
    "scale_low": 0.2,
    "scale_high": 0.8,
    "window_size": 4,
    "window_stride": 1
  },
  "run": {
    "tag": "inst3_L3",
    "instance_id": 3,
    "seed": 10025,
    "sigma_train": 0.1,
    "sigma_eval": 0.1
  },
  "architecture": {
    "n_qubits": 4,
    "n_layers": 3,
    "n_latent": 2,
    "n_trash": 2,
    "latent_wires": [
      0,
      1
    ],
    "trash_wires": [
      2,
      3
    ],
    "decoder_mode": "adjoint_encoder"
  },
  "training": {
    "stage1": {
      "lr_init": 0.0,
      "max_epochs": 0,
      "patience": 0,
      "lr_patience": 0,
      "best_val": NaN,
      "final_val": NaN,
      "best_epoch": -1,
      "epochs": 0,
      "train_curve": [],
      "val_curve": [],
      "lr_curve": [],
      "train_seconds": NaN
    },
    "stage3": {
      "lr_init": 0.5,
      "max_epochs": 120,
      "patience": 0,
      "plateau_steps": 0,
      "plateau_factor": 1.0,
      "best_val_mse": 0.003330615502968357,
      "final_val_mse": 0.0033950525683917373,
      "best_epoch": 101,
      "epochs": 120,
      "train_curve": [
        0.09353873716818639,
        0.379176356547498,
        0.20901131199470627,
        0.2512962509078682,
        0.18040238719177346,
        0.060236782955246135,
        0.058358279912205886,
        0.04767621191427024,
        0.031467856637064015,
        0.03144608344355731,
        0.042205566064588404,
        0.029177287119441585,
        0.023961837864893247,
        0.023705797742583537,
        0.023145327221534943,
        0.025318935733106604,
        0.02527896376784984,
        0.023707997889810838,
        0.02029166067467391,
        0.014873503982328907,
        0.012128445980973963,
        0.010859984363465464,
        0.011348769321403255,
        0.010665499794486805,
        0.008995033926487374,
        0.007333198654929002,
        0.009738824098684337,
        0.011188317701943439,
        0.009105195300323356,
        0.008012209221124144,
        0.007547306463231808,
        0.006539830636933888,
        0.006400918649819256,
        0.008005497285250247,
        0.0062611330567391675,
        0.007119825640426554,
        0.007327292205228241,
        0.0168301248315796,
        0.08811778904398758,
        0.5549130072154352,
        0.19382925855197985,
        0.20875264357839451,
        0.10051179384874931,
        0.05133856132602101,
        0.030264205311558774,
        0.06124671113526726,
        0.04487332520471151,
        0.035573824868936926,
        0.03884776452719514,
        0.03925183544184982,
        0.03491464537845607,
        0.027532110783759875,
        0.026482586719569354,
        0.024629552343656762,
        0.023933625699082053,
        0.01968744860015696,
        0.018673716627921336,
        0.019324767558291038,
        0.018347448815375852,
        0.016519949424809596,
        0.016093926043915678,
        0.01306142928434755,
        0.012329433869718933,
        0.011704214216456751,
        0.010836455978140773,
        0.009081758828428746,
        0.008740208596558075,
        0.007391575932008133,
        0.007005518819395363,
        0.007280515747881454,
        0.006148921216848748,
        0.00530657870728565,
        0.005145763553359806,
        0.004793681116731436,
        0.004387657710053875,
        0.004143732945459454,
        0.004197910909211415,
        0.00404132576378874,
        0.0038241922958832946,
        0.003958993296250529,
        0.003988994127371887,
        0.0038650335899624603,
        0.0038735074488708754,
        0.003727549701198175,
        0.0038325450164521813,
        0.003520610080326835,
        0.004077040350763268,
        0.003666539282104249,
        0.0039889668752428956,
        0.004082912430017262,
        0.003608198832060582,
        0.0034954396809411046,
        0.003517229850885939,
        0.0036645734700578476,
        0.0036630900598734165,
        0.004085694726888952,
        0.0037350049608212642,
        0.004187383941154639,
        0.0038716482358237487,
        0.003515980417162002,
        0.003513381199903594,
        0.003330615502968357,
        0.0036680436064032455,
        0.003394869770281881,
        0.003539938528378404,
        0.003603621517622104,
        0.003369775417570701,
        0.003437068993807803,
        0.0033689318271454757,
        0.0036109194840057007,
        0.0035894862486161895,
        0.0034652375970651928,
        0.0033784095102830725,
        0.003693178401883738,
        0.003498255766123452,
        0.0035342646501609503,
        0.0036521659296076133,
        0.003987430330622247,
        0.003502759128434407,
        0.0033950525683917373
      ],