{
  "schema": {
    "name": "half_qae_bundle",
    "version": "1.0"
  },
  "timestamp": "2025-09-20 15:10:40",
  "dataset": {
    "id": "mackey_glass_tau30_n200",
    "scale_low": 0.2,
    "scale_high": 0.8,
    "window_size": 4,
    "window_step": 2,
    "split": 0.75
  },
  "run": {
    "instance_id": 5,
    "layer": 3,
    "sigma_eval": 0.2,
    "test_seed_fixed": 99123
  },
  "environment": {
    "device": "default.qubit",
    "reset_mode": "none"
  },
  "architecture": {
    "n_qubits": 4,
    "n_latent": 3,
    "n_trash": 1
  },
  "parameters": {
    "phi": [
      -0.354426723454079,
      -0.24201253050603547,
      0.057291626415386404,
      0.19608214106493996,
      -0.4614702656010692,
      -0.2765396413867605,
      -1.0985096374430823,
      -0.39334297646945804,
      0.10715892942390284,
      -0.07517379526151613,
      0.24027686534725376,
      -0.551412493102725,
      -0.3707424101495464,
      -0.01634543558650012,
      0.006822782155146231,
      0.04222808418460047,
      -0.5129134717965903,
      0.27555716770394656,
      0.39661898983586263,
      1.4353506554831814,
      0.9545552706183028,
      0.20706994747132762,
      0.3844520128087228,
      -0.3168184773686429,
      0.35741233448010923,
      -0.0071813464875946555,
      -0.051385613053010266,
      0.32152469775806364,
      0.06549188268177598,
      -0.022786697933166802,
      -1.6334463118542275,
      1.590400547402037,
      0.010566125249323472,
      0.46965192385688714,
      -0.012477556794990104,
      -0.6707360056730981
    ],
    "psi": [
      -0.035281222289948774,
      -0.05018695101728638,
      -0.028252047887972507,
      0.004927012215773762,
      -0.08126102362611053,
      -0.025189690932016333,
      -0.1347379393702722,
      -0.02048877995827735,
      0.016439209198800313,
      -0.08835667280422915,
      -0.042220220512726066,
      -0.026268304623342963,
      -0.04995638072957655,
      0.022148974687554328,
      -0.08167284964827742,
      0.027519861394789222,
      -0.010553369565986485,
      0.012511327333464507,
      0.03710806165378113,
      -0.0158032963062623,
      0.06638626212420037,
      0.004485993119940818,
      0.014321739151851953,
      0.05417164791295472,
      -0.034800670501468324,
      -0.05741497393176319,
      0.049778870930677226,
      -0.049398099768192226,
      -0.028429735380780165,
      -0.03171462004961614,
      -0.04253333034276541,
      0.03556792055913407,
      0.009998638631819188,
      0.07064027182665884,
      -0.03159108309364859,
      -0.05301934160617048
    ]
  },
  "metrics_series": {
    "mse_train_noise": 0.019268069867485593,
    "mse_train_recovered": 0.02405895695394129,
    "delta_train_pct": -24.864385065056283,
    "mse_test_noise": 0.018957942152927745,
    "mse_test_recovered": 0.02342662580692799,
    "delta_test_pct": -23.571564982912086
  }
}