{
  "schema": {
    "name": "half_qae_bundle",
    "version": "1.0"
  },
  "timestamp": "2025-09-20 15:10:26",
  "dataset": {
    "id": "mackey_glass_tau30_n200",
    "scale_low": 0.2,
    "scale_high": 0.8,
    "window_size": 4,
    "window_step": 2,
    "split": 0.75
  },
  "run": {
    "instance_id": 2,
    "layer": 3,
    "sigma_eval": 0.2,
    "test_seed_fixed": 99123
  },
  "environment": {
    "device": "default.qubit",
    "reset_mode": "none"
  },
  "architecture": {
    "n_qubits": 4,
    "n_latent": 3,
    "n_trash": 1
  },
  "parameters": {
    "phi": [
      0.2008434019681487,
      -0.16309720414722445,
      0.06513407904888678,
      -0.67792300955148,
      -0.14773024352267541,
      0.03256562406635367,
      0.5826338925671811,
      0.20308251815990325,
      1.0658141383023965,
      0.3578795865531219,
      -0.6195700338633702,
      -0.9228357124535819,
      0.31303664314310975,
      0.048887284170686766,
      -0.00025578494037956524,
      -0.33364256191157077,
      -0.20592075322497158,
      0.6058712784728841,
      -0.008561593194715264,
      -0.19004635452651983,
      -1.4961913135059264,
      -0.07436999794036536,
      1.006513285267699,
      0.5078618642083995,
      -0.17001389367813197,
      -0.01099172067420496,
      -0.025522469477967654,
      0.7562735231283733,
      0.04119740485604325,
      -0.045176698225644796,
      0.6155741487915052,
      -0.9903395335107518,
      -1.2195419386178379,
      0.8736591901760185,
      0.10460427455357446,
      -0.6295957329594629
    ],
    "psi": [
      -0.020405748987411515,
      -0.02982118445172383,
      -0.024495623881565145,
      -0.10308663939663718,
      -0.04730861623422368,
      -0.004690750543480884,
      0.024178845279710034,
      -0.016498023043265784,
      0.06615449485761497,
      -0.020827238137926182,
      -0.12947439861417773,
      -0.10118495579767298,
      -0.01531134693393522,
      0.01660339088724168,
      -0.0028279481702226167,
      -0.024041196246503048,
      0.009865004405987815,
      0.08212195803014284,
      -0.04131778015361783,
      -0.020352102951290262,
      -0.04492341848956071,
      -0.068589367279856,
      -0.009859284442045044,
      0.021869684530940316,
      -0.05158997183526952,
      -0.04395016076467584,
      -0.05693817913140836,
      -0.00533468408755704,
      -0.047741918920508365,
      -0.025072583712039406,
      0.03149566219664928,
      -0.01537625030217025,
      0.05018850883495919,
      -0.004595947879494248,
      0.04916625986711435,
      0.06147806903431618
    ]
  },
  "metrics_series": {
    "mse_train_noise": 0.019268069867485593,
    "mse_train_recovered": 0.02622639063857366,
    "delta_train_pct": -36.11322160934276,
    "mse_test_noise": 0.018957942152927745,
    "mse_test_recovered": 0.023683531819903444,
    "delta_test_pct": -24.926701584253475
  }
}