{
  "schema": {
    "name": "half_qae_bundle",
    "version": "1.0"
  },
  "timestamp": "2025-09-20 15:10:35",
  "dataset": {
    "id": "mackey_glass_tau30_n200",
    "scale_low": 0.2,
    "scale_high": 0.8,
    "window_size": 4,
    "window_step": 2,
    "split": 0.75
  },
  "run": {
    "instance_id": 4,
    "layer": 3,
    "sigma_eval": 0.2,
    "test_seed_fixed": 99123
  },
  "environment": {
    "device": "default.qubit",
    "reset_mode": "none"
  },
  "architecture": {
    "n_qubits": 4,
    "n_latent": 3,
    "n_trash": 1
  },
  "parameters": {
    "phi": [
      -1.0044542458060552,
      -0.8932135637478196,
      -0.1472119735285206,
      0.4495971954476093,
      -0.17893166192515988,
      1.0154399046366303,
      0.5402475822705994,
      -0.027539344331744403,
      -0.2654686618718704,
      -0.5201244389836897,
      0.3507251267956619,
      -0.5985137951301148,
      0.38684660720558994,
      -0.1347169062675722,
      -0.044145837689385965,
      0.4625948688925297,
      0.22895994509023138,
      0.28558609231363247,
      -0.8193594396988898,
      -0.5319025841806733,
      0.9608075194470849,
      1.0857072697912749,
      0.8539388717422404,
      -0.4486005642294953,
      0.13004289329201693,
      0.04100872441880851,
      -0.019125079662172792,
      0.2561830085809109,
      -0.16048687096751602,
      -0.06604687415326393,
      -0.9050348809517065,
      0.20913939981273857,
      0.8934964163362588,
      0.5000403886741506,
      -1.005169701063613,
      0.45690170609442404
    ],
    "psi": [
      -0.06435318859629344,
      -0.1283693845165766,
      0.025281645055283925,
      0.012581062089487038,
      -0.05748947976051815,
      0.13163749268464867,
      0.022443244494219697,
      -0.03239028783327778,
      -0.030102612147522842,
      -0.025893928814691266,
      0.015580392095719936,
      -0.03543321911103591,
      0.00581170363802096,
      -0.04799299835259581,
      0.05140610710207017,
      0.028077791155596013,
      0.0007418386575565697,
      -0.010074855349455689,
      -0.1258113150938184,
      -0.05910592200353085,
      0.07912917833746194,
      0.012198198745603668,
      0.07907829762129746,
      -0.032143406744104534,
      0.006946156390663268,
      0.016067373758910264,
      0.03472858345997086,
      -0.06685174130174137,
      -0.039063376898566544,
      0.06888312971458149,
      -0.01369016526734847,
      -0.0314050501113737,
      -0.006309280915138844,
      -0.016316049935741254,
      -0.034787369504573167,
      -0.0025654899246912105
    ]
  },
  "metrics_series": {
    "mse_train_noise": 0.019268069867485593,
    "mse_train_recovered": 0.024709938075945764,
    "delta_train_pct": -28.242933754580136,
    "mse_test_noise": 0.018957942152927745,
    "mse_test_recovered": 0.02462980601422652,
    "delta_test_pct": -29.918140985691565
  }
}