{
  "schema": {
    "name": "sidekick_bundle",
    "version": "1.0"
  },
  "timestamp": "2025-10-02 17:08:27",
  "dataset": {
    "id": "mackey_glass_tau30_n200",
    "scale_low": 0.2,
    "scale_high": 0.8,
    "window_size": 4,
    "window_step": 2,
    "split": 0.75
  },
  "run": {
    "instance_id": 2,
    "layer": 1,
    "sigma_eval": 0.2,
    "test_seed_fixed": 99123
  },
  "environment": {
    "stage1_backend": "lightning.qubit",
    "stage1_diff": "adjoint",
    "stage3_backend": "lightning.qubit",
    "stage3_diff": "adjoint"
  },
  "architecture": {
    "n_qubits": 4,
    "n_latent": 3,
    "n_trash": 1,
    "rot": "Rxyz"
  },
  "parameters": {
    "phi": [
      [
        [
          7.012274501195279e-06,
          1.1453824485058768,
          0.058748918150014026
        ],
        [
          4.996110163722993e-07,
          0.9741529199790574,
          0.007153431691649037
        ],
        [
          -7.685114458609533e-06,
          0.9504694742945479,
          0.19241098689811864
        ],
        [
          -1.0038427369776266e-05,
          1.05963721348342,
          0.014713768667678817
        ]
      ]
    ],
    "psi": [
      [
        [
          -0.0021729730004410035,
          1.0750469680300165,
          0.02836408909511835
        ],
        [
          0.00029962347648527924,
          0.9868233462481668,
          0.0042099482832903545
        ],
        [
          -2.3861091127908136e-06,
          0.9400986451760577,
          0.192407372907872
        ],
        [
          -0.001447093733816755,
          0.9765819705159119,
          0.008852436802911656
        ]
      ]
    ]
  },
  "metrics_series": {
    "mse_train_noise": 0.019268069867485593,
    "mse_train_recovered": 0.018752794793249195,
    "delta_train_pct": 2.6742433351142902,
    "mse_test_noise": 0.018957942152927745,
    "mse_test_recovered": 0.014937999753735625,
    "delta_test_pct": 21.20452930367923
  },
  "times_seconds": {
    "stage1": 51.747941832989454,
    "stage3": 105.86817683302797,
    "total": 157.61611866601743
  }
}