{
  "schema": {
    "name": "sidekick_bundle",
    "version": "1.0"
  },
  "timestamp": "2025-10-02 17:08:27",
  "dataset": {
    "id": "mackey_glass_tau30_n200",
    "scale_low": 0.2,
    "scale_high": 0.8,
    "window_size": 4,
    "window_step": 2,
    "split": 0.75
  },
  "run": {
    "instance_id": 5,
    "layer": 1,
    "sigma_eval": 0.2,
    "test_seed_fixed": 99123
  },
  "environment": {
    "stage1_backend": "lightning.qubit",
    "stage1_diff": "adjoint",
    "stage3_backend": "lightning.qubit",
    "stage3_diff": "adjoint"
  },
  "architecture": {
    "n_qubits": 4,
    "n_latent": 3,
    "n_trash": 1,
    "rot": "Rxyz"
  },
  "parameters": {
    "phi": [
      [
        [
          -2.399121390042824e-05,
          1.1452001078361556,
          0.3016927179795902
        ],
        [
          2.9375246497261394e-05,
          0.9741323906592632,
          0.05620192979367315
        ],
        [
          1.5041245019144968e-05,
          0.9505611407930785,
          0.30886638188494286
        ],
        [
          -2.4782227278577287e-07,
          1.0598303175445922,
          0.000978176459281273
        ]
      ]
    ],
    "psi": [
      [
        [
          -0.0092521098913712,
          1.0787497189838244,
          0.1715822628415753
        ],
        [
          0.002166220505773816,
          0.9861136890417955,
          0.03339769500318115
        ],
        [
          5.31398982496553e-06,
          0.938442438781021,
          0.30887187154245177
        ],
        [
          -0.00013101594688322255,
          0.9794242692238,
          0.0006143332177215227
        ]
      ]
    ]
  },
  "metrics_series": {
    "mse_train_noise": 0.019268069867485593,
    "mse_train_recovered": 0.018741256073861196,
    "delta_train_pct": 2.7341285206432753,
    "mse_test_noise": 0.018957942152927745,
    "mse_test_recovered": 0.014922433748913904,
    "delta_test_pct": 21.28663739693194
  },
  "times_seconds": {
    "stage1": 51.67864058399573,
    "stage3": 111.45266524993349,
    "total": 163.13130583392922
  }
}