{
  "schema": {
    "name": "sidekick_bundle",
    "version": "1.0"
  },
  "timestamp": "2025-10-02 17:08:27",
  "dataset": {
    "id": "mackey_glass_tau30_n200",
    "scale_low": 0.2,
    "scale_high": 0.8,
    "window_size": 4,
    "window_step": 2,
    "split": 0.75
  },
  "run": {
    "instance_id": 3,
    "layer": 1,
    "sigma_eval": 0.2,
    "test_seed_fixed": 99123
  },
  "environment": {
    "stage1_backend": "lightning.qubit",
    "stage1_diff": "adjoint",
    "stage3_backend": "lightning.qubit",
    "stage3_diff": "adjoint"
  },
  "architecture": {
    "n_qubits": 4,
    "n_latent": 3,
    "n_trash": 1,
    "rot": "Rxyz"
  },
  "parameters": {
    "phi": [
      [
        [
          -8.230575154296291e-06,
          1.1454085256512527,
          0.17394272170714617
        ],
        [
          4.3512295475163535e-06,
          0.9741876521605699,
          0.2497799127754344
        ],
        [
          -4.021097085817607e-06,
          0.9504821672548925,
          0.23214443423579362
        ],
        [
          -4.545055852506481e-06,
          1.0596524303529231,
          0.2966243253914973
        ]
      ]
    ],
    "psi": [
      [
        [
          -0.0058057963376015025,
          1.0759151841103067,
          0.10273934584264507
        ],
        [
          0.011520071813149993,
          0.9837980698699209,
          0.13846094529892608
        ],
        [
          -1.4873189240027067e-06,
          0.9384206313346807,
          0.23214318885121352
        ],
        [
          -0.021843599648370383,
          0.9817830921626847,
          0.1781673186344698
        ]
      ]
    ]
  },
  "metrics_series": {
    "mse_train_noise": 0.019268069867485593,
    "mse_train_recovered": 0.018736513535689232,
    "delta_train_pct": 2.7587419780605416,
    "mse_test_noise": 0.018957942152927745,
    "mse_test_recovered": 0.014918536502318015,
    "delta_test_pct": 21.307194726226708
  },
  "times_seconds": {
    "stage1": 52.46337766596116,
    "stage3": 112.0952608329244,
    "total": 164.55863849888556
  }
}