{
  "schema": {
    "name": "sidekick_bundle",
    "version": "1.0"
  },
  "timestamp": "2025-10-02 17:08:27",
  "dataset": {
    "id": "mackey_glass_tau30_n200",
    "scale_low": 0.2,
    "scale_high": 0.8,
    "window_size": 4,
    "window_step": 2,
    "split": 0.75
  },
  "run": {
    "instance_id": 1,
    "layer": 1,
    "sigma_eval": 0.2,
    "test_seed_fixed": 99123
  },
  "environment": {
    "stage1_backend": "lightning.qubit",
    "stage1_diff": "adjoint",
    "stage3_backend": "lightning.qubit",
    "stage3_diff": "adjoint"
  },
  "architecture": {
    "n_qubits": 4,
    "n_latent": 3,
    "n_trash": 1,
    "rot": "Rxyz"
  },
  "parameters": {
    "phi": [
      [
        [
          1.8080431251376043e-06,
          1.1453717888031079,
          0.27318408831100777
        ],
        [
          -3.640408851925706e-07,
          0.9741596486940253,
          0.004709711533340409
        ],
        [
          3.329847001140179e-06,
          0.9504891809511835,
          0.027122650812902625
        ],
        [
          3.0938425271776725e-06,
          1.0596877281603456,
          0.28175133133935376
        ]
      ]
    ],
    "psi": [
      [
        [
          -0.007558893448384771,
          1.0758603336214596,
          0.15791107242120175
        ],
        [
          0.00019278357924488017,
          0.9859744751149484,
          0.002857838398639647
        ],
        [
          1.340869742410696e-06,
          0.9376033282071046,
          0.027123735852125904
        ],
        [
          -0.021325377381315184,
          0.9808115780025316,
          0.16865347843051418
        ]
      ]
    ]
  },
  "metrics_series": {
    "mse_train_noise": 0.019268069867485593,
    "mse_train_recovered": 0.018732633411235572,
    "delta_train_pct": 2.778879565687875,
    "mse_test_noise": 0.018957942152927745,
    "mse_test_recovered": 0.014911652200564071,
    "delta_test_pct": 21.343508275969658
  },
  "times_seconds": {
    "stage1": 53.70149320794735,
    "stage3": 112.02512962499168,
    "total": 165.72662283293903
  }
}