{
  "schema": {
    "name": "half_qae_bundle",
    "version": "1.0"
  },
  "timestamp": "2025-09-20 15:10:11",
  "dataset": {
    "id": "mackey_glass_tau30_n200",
    "scale_low": 0.2,
    "scale_high": 0.8,
    "window_size": 4,
    "window_step": 2,
    "split": 0.75
  },
  "run": {
    "instance_id": 3,
    "layer": 1,
    "sigma_eval": 0.2,
    "test_seed_fixed": 99123
  },
  "environment": {
    "device": "default.qubit",
    "reset_mode": "none"
  },
  "architecture": {
    "n_qubits": 4,
    "n_latent": 3,
    "n_trash": 1
  },
  "parameters": {
    "phi": [
      0.45131474272816274,
      0.06013793045505055,
      0.6113810032701631,
      0.2625830607553406,
      -1.0428684507243458,
      0.13492093606333624,
      -0.3517257185520061,
      0.7107501863491392,
      0.2036532807718098,
      1.4502452161899142,
      0.053789998157111024,
      -0.47149909926472966
    ],
    "psi": [
      0.07727838604890083,
      -0.03302177165850377,
      0.09614414573030129,
      -0.01449762572568649,
      -0.10963146105917823,
      -0.023183646251567352,
      -0.07997139824752438,
      0.03264708825622988,
      0.04643241191601131,
      0.004963254908416089,
      -0.041192201557490954,
      -0.04360433917442558
    ]
  },
  "metrics_series": {
    "mse_train_noise": 0.019268069867485593,
    "mse_train_recovered": 0.02505675789361871,
    "delta_train_pct": -30.042905521644325,
    "mse_test_noise": 0.018957942152927745,
    "mse_test_recovered": 0.029030390116133627,
    "delta_test_pct": -53.13049212807286
  }
}