{
  "schema": {
    "name": "sidekick_bundle",
    "version": "1.0"
  },
  "timestamp": "2025-10-02 17:08:27",
  "dataset": {
    "id": "mackey_glass_tau30_n200",
    "scale_low": 0.2,
    "scale_high": 0.8,
    "window_size": 4,
    "window_step": 2,
    "split": 0.75
  },
  "run": {
    "instance_id": 4,
    "layer": 1,
    "sigma_eval": 0.2,
    "test_seed_fixed": 99123
  },
  "environment": {
    "stage1_backend": "lightning.qubit",
    "stage1_diff": "adjoint",
    "stage3_backend": "lightning.qubit",
    "stage3_diff": "adjoint"
  },
  "architecture": {
    "n_qubits": 4,
    "n_latent": 3,
    "n_trash": 1,
    "rot": "Rxyz"
  },
  "parameters": {
    "phi": [
      [
        [
          -2.2720079878859464e-06,
          1.1453873408839264,
          0.2764250309476805
        ],
        [
          -1.1577819366205252e-06,
          0.9741820256059704,
          0.14766508688690042
        ],
        [
          0.001095647935149198,
          0.9505066522464366,
          0.1511115982326303
        ],
        [
          3.4109235670423117e-06,
          1.059692803346835,
          0.058525618127882366
        ]
      ]
    ],
    "psi": [
      [
        [
          -0.00897338049145362,
          1.0778141888820745,
          0.1578192235928781
        ],
        [
          0.005566601877159838,
          0.9844563060347258,
          0.08702563707688027
        ],
        [
          0.00030604088690002254,
          0.9427805838579101,
          0.15140058192574693
        ],
        [
          -0.005189430730514534,
          0.9795041975348889,
          0.03608026220575115
        ]
      ]
    ]
  },
  "metrics_series": {
    "mse_train_noise": 0.019268069867485593,
    "mse_train_recovered": 0.01877241610936333,
    "delta_train_pct": 2.5724100106086167,
    "mse_test_noise": 0.018957942152927745,
    "mse_test_recovered": 0.014964840668254896,
    "delta_test_pct": 21.06294793212131
  },
  "times_seconds": {
    "stage1": 52.62367916596122,
    "stage3": 110.217245250009,
    "total": 162.84092441597022
  }
}