{
  "schema": {
    "name": "half_qae_bundle",
    "version": "1.0"
  },
  "timestamp": "2025-09-20 14:47:22",
  "dataset": {
    "id": "mackey_glass_tau30_n200",
    "scale_low": 0.2,
    "scale_high": 0.8,
    "window_size": 4,
    "window_step": 2,
    "split": 0.75
  },
  "run": {
    "instance_id": 3,
    "layer": 1,
    "sigma_eval": 0.2,
    "test_seed_fixed": 99123
  },
  "environment": {
    "device": "default.qubit",
    "reset_mode": "none"
  },
  "architecture": {
    "n_qubits": 4,
    "n_latent": 2,
    "n_trash": 2
  },
  "parameters": {
    "phi": [
      0.4513147428567746,
      0.06013793037484037,
      0.6113810032195255,
      0.2625830607888846,
      -1.0428684507980337,
      0.13492093600408417,
      -1.4300394516650383,
      -0.07581964742170393,
      -0.4572553094661467,
      1.5050483288771133,
      0.03376352058797669,
      -0.47347389904841863
    ],
    "psi": [
      0.06744130417259156,
      -0.03495037866811535,
      0.09410395965280459,
      -0.0050427322368436405,
      -0.10807953425623514,
      -0.0024502251750277665,
      -0.07979949256173455,
      0.03291808277965972,
      0.04623837244817321,
      0.049984496732415486,
      -0.11996372807542952,
      -0.008964450143838098
    ]
  },
  "metrics_series": {
    "mse_train_noise": 0.019268069867485593,
    "mse_train_recovered": 0.02453564876555102,
    "delta_train_pct": -27.33838383549947,
    "mse_test_noise": 0.018957942152927745,
    "mse_test_recovered": 0.02808712016532378,
    "delta_test_pct": -48.15489961280519
  }
}