{
  "schema": {
    "name": "half_qae_bundle",
    "version": "1.0"
  },
  "timestamp": "2025-09-20 14:47:24",
  "dataset": {
    "id": "mackey_glass_tau30_n200",
    "scale_low": 0.2,
    "scale_high": 0.8,
    "window_size": 4,
    "window_step": 2,
    "split": 0.75
  },
  "run": {
    "instance_id": 4,
    "layer": 1,
    "sigma_eval": 0.2,
    "test_seed_fixed": 99123
  },
  "environment": {
    "device": "default.qubit",
    "reset_mode": "none"
  },
  "architecture": {
    "n_qubits": 4,
    "n_latent": 2,
    "n_trash": 2
  },
  "parameters": {
    "phi": [
      -1.0044542458827308,
      -0.8932135636869959,
      -0.1472119735063948,
      0.44959719544942056,
      -0.17893166201220173,
      1.0154399046442963,
      0.1901182293716657,
      -0.4554721654498178,
      0.08387695790986727,
      0.22545900786529371,
      0.4644402142271749,
      -0.10306864378573505
    ],
    "psi": [
      -0.12341727398678204,
      -0.12702471115557384,
      0.02527028522433712,
      0.017980826020724542,
      -0.04446879821394091,
      0.06552082970628394,
      0.0782484722397948,
      -0.0288461843331125,
      -0.023990189103036238,
      -0.013330752605978035,
      0.02003393513948388,
      -0.05628706735404089
    ]
  },
  "metrics_series": {
    "mse_train_noise": 0.019268069867485593,
    "mse_train_recovered": 0.0270894617713679,
    "delta_train_pct": -40.592503336728704,
    "mse_test_noise": 0.018957942152927745,
    "mse_test_recovered": 0.02999903878594427,
    "delta_test_pct": -58.23995317609621
  }
}