{
  "schema": {
    "name": "sidekick_bundle",
    "version": "1.0"
  },
  "timestamp": "2025-10-02 22:44:44",
  "dataset": {
    "id": "mackey_glass_tau30_n200",
    "scale_low": 0.2,
    "scale_high": 0.8,
    "window_size": 4,
    "window_step": 2,
    "split": 0.75
  },
  "run": {
    "instance_id": 4,
    "layer": 1,
    "sigma_eval": 0.2,
    "test_seed_fixed": 99123
  },
  "environment": {
    "stage1_backend": "lightning.qubit",
    "stage1_diff": "adjoint",
    "stage3_backend": "lightning.qubit",
    "stage3_diff": "adjoint"
  },
  "architecture": {
    "n_qubits": 4,
    "n_latent": 2,
    "n_trash": 2,
    "rot": "Rxyz"
  },
  "parameters": {
    "phi": [
      [
        [
          -4.157970007360343e-06,
          -2.0240041396959008,
          0.2764250311648922
        ],
        [
          -6.244474892792259e-06,
          -2.136376940801057,
          0.1476650868669279
        ],
        [
          -1.873896440745808e-06,
          -2.0562172126558287,
          0.15111159818208214
        ],
        [
          5.322668697530876e-06,
          -1.8935126997134326,
          0.05852561807590487
        ]
      ]
    ],
    "psi": [
      [
        [
          0.004891878929773525,
          1.0309468083672217,
          -0.0847517678157924
        ],
        [
          -0.012803803542603721,
          1.034985052107215,
          -0.04613554080802174
        ],
        [
          0.003999810170551858,
          1.0255625325538233,
          -0.016954205557493596
        ],
        [
          -3.111896123695198e-07,
          -1.9660664150678082,
          0.05852561809058809
        ]
      ]
    ]
  },
  "metrics_series": {
    "mse_train_noise": 0.019268069867485593,
    "mse_train_recovered": 0.02061463493477087,
    "delta_train_pct": -6.988583062788112,
    "mse_test_noise": 0.018957942152927745,
    "mse_test_recovered": 0.017067500056106858,
    "delta_test_pct": 9.971768462902176
  },
  "times_seconds": {
    "stage1": 76.01864625001326,
    "stage3": 146.44597341690678,
    "total": 222.46461966692004
  }
}