{
  "schema": {
    "name": "sidekick_bundle",
    "version": "1.0"
  },
  "timestamp": "2025-10-02 22:44:44",
  "dataset": {
    "id": "mackey_glass_tau30_n200",
    "scale_low": 0.2,
    "scale_high": 0.8,
    "window_size": 4,
    "window_step": 2,
    "split": 0.75
  },
  "run": {
    "instance_id": 1,
    "layer": 1,
    "sigma_eval": 0.2,
    "test_seed_fixed": 99123
  },
  "environment": {
    "stage1_backend": "lightning.qubit",
    "stage1_diff": "adjoint",
    "stage3_backend": "lightning.qubit",
    "stage3_diff": "adjoint"
  },
  "architecture": {
    "n_qubits": 4,
    "n_latent": 2,
    "n_trash": 2,
    "rot": "Rxyz"
  },
  "parameters": {
    "phi": [
      [
        [
          -1.5985041142249963e-05,
          -2.024053272919782,
          0.2731840885026918
        ],
        [
          -1.3002730811494086e-05,
          -2.1364165544676803,
          0.004709711532268646
        ],
        [
          -1.3559899807724558e-05,
          -2.056291097779653,
          0.027122650796659705
        ],
        [
          9.38226051147642e-06,
          -1.8934479372755877,
          0.2817513313891479
        ]
      ]
    ],
    "psi": [
      [
        [
          0.005314309059811438,
          1.0247171970857303,
          -0.08293958636200366
        ],
        [
          -0.0004224447819010526,
          1.0372369486054913,
          -0.0014996636601489546
        ],
        [
          -2.8843161224372904e-05,
          1.0255850704804823,
          -0.003340517194446865
        ],
        [
          -3.686721453077038e-07,
          -1.9819369008815977,
          0.28175133140604336
        ]
      ]
    ]
  },
  "metrics_series": {
    "mse_train_noise": 0.019268069867485593,
    "mse_train_recovered": 0.020609522070878347,
    "delta_train_pct": -6.962047639532498,
    "mse_test_noise": 0.018957942152927745,
    "mse_test_recovered": 0.017065548397485444,
    "delta_test_pct": 9.98206313837735
  },
  "times_seconds": {
    "stage1": 79.15574820805341,
    "stage3": 158.6533902499359,
    "total": 237.80913845798932
  }
}