{
  "schema": {
    "name": "sidekick_bundle",
    "version": "1.0"
  },
  "timestamp": "2025-10-02 22:44:44",
  "dataset": {
    "id": "mackey_glass_tau30_n200",
    "scale_low": 0.2,
    "scale_high": 0.8,
    "window_size": 4,
    "window_step": 2,
    "split": 0.75
  },
  "run": {
    "instance_id": 3,
    "layer": 1,
    "sigma_eval": 0.2,
    "test_seed_fixed": 99123
  },
  "environment": {
    "stage1_backend": "lightning.qubit",
    "stage1_diff": "adjoint",
    "stage3_backend": "lightning.qubit",
    "stage3_diff": "adjoint"
  },
  "architecture": {
    "n_qubits": 4,
    "n_latent": 2,
    "n_trash": 2,
    "rot": "Rxyz"
  },
  "parameters": {
    "phi": [
      [
        [
          1.4180420747977047e-05,
          -2.024034245423829,
          0.17394272179576442
        ],
        [
          3.297025749563702e-05,
          -2.136378218862094,
          0.2497799128011489
        ],
        [
          7.303912835255437e-06,
          -2.0562434201723985,
          0.2321444344646538
        ],
        [
          2.4519643958349705e-06,
          -1.8935651227402792,
          0.29662432531543054
        ]
      ]
    ],
    "psi": [
      [
        [
          0.003113216014979106,
          1.0255526221768567,
          -0.05452752765302337
        ],
        [
          -0.014505735308623643,
          1.036817712111443,
          -0.07969239895158106
        ],
        [
          -0.0016424076079380968,
          1.0262054152276745,
          -0.031058587653853546
        ],
        [
          1.7723855304389368e-07,
          -1.9802782234275944,
          0.2966243253754115
        ]
      ]
    ]
  },
  "metrics_series": {
    "mse_train_noise": 0.019268069867485593,
    "mse_train_recovered": 0.020611376073608127,
    "delta_train_pct": -6.971669790285184,
    "mse_test_noise": 0.018957942152927745,
    "mse_test_recovered": 0.017067666418714662,
    "delta_test_pct": 9.970890927743238
  },
  "times_seconds": {
    "stage1": 74.64701466704719,
    "stage3": 154.65055333299097,
    "total": 229.29756800003815
  }
}