{
  "schema": {
    "name": "sidekick_bundle",
    "version": "1.0"
  },
  "timestamp": "2025-10-02 22:44:44",
  "dataset": {
    "id": "mackey_glass_tau30_n200",
    "scale_low": 0.2,
    "scale_high": 0.8,
    "window_size": 4,
    "window_step": 2,
    "split": 0.75
  },
  "run": {
    "instance_id": 5,
    "layer": 1,
    "sigma_eval": 0.2,
    "test_seed_fixed": 99123
  },
  "environment": {
    "stage1_backend": "lightning.qubit",
    "stage1_diff": "adjoint",
    "stage3_backend": "lightning.qubit",
    "stage3_diff": "adjoint"
  },
  "architecture": {
    "n_qubits": 4,
    "n_latent": 2,
    "n_trash": 2,
    "rot": "Rxyz"
  },
  "parameters": {
    "phi": [
      [
        [
          -3.3312976372275452e-06,
          -2.0240413914622564,
          0.301692717666994
        ],
        [
          4.183452038574514e-06,
          -2.1364195405589927,
          0.056201929409239376
        ],
        [
          -9.090303761645024e-07,
          -2.0562789763291858,
          0.3088663818322188
        ],
        [
          2.2307587703630646e-06,
          -1.8935284562016896,
          0.0009781765405907322
        ]
      ]
    ],
    "psi": [
      [
        [
          0.005292953593564451,
          1.030449899803956,
          -0.09270485356063769
        ],
        [
          -0.004830264110083976,
          1.0359284422497992,
          -0.017972279598575502
        ],
        [
          -0.002797577054732336,
          1.0278437073795217,
          -0.043031060818155914
        ],
        [
          -2.1662694769519402e-06,
          -1.955093277862801,
          0.0009781765382052374
        ]
      ]
    ]
  },
  "metrics_series": {
    "mse_train_noise": 0.019268069867485593,
    "mse_train_recovered": 0.02062224677636572,
    "delta_train_pct": -7.028088013970035,
    "mse_test_noise": 0.018957942152927745,
    "mse_test_recovered": 0.01707521378349352,
    "delta_test_pct": 9.931079830536726
  },
  "times_seconds": {
    "stage1": 72.25651570898481,
    "stage3": 145.19029966602102,
    "total": 217.44681537500583
  }
}