{
  "schema": {
    "name": "half_qae_bundle",
    "version": "1.0"
  },
  "timestamp": "2025-09-20 14:47:27",
  "dataset": {
    "id": "mackey_glass_tau30_n200",
    "scale_low": 0.2,
    "scale_high": 0.8,
    "window_size": 4,
    "window_step": 2,
    "split": 0.75
  },
  "run": {
    "instance_id": 5,
    "layer": 1,
    "sigma_eval": 0.2,
    "test_seed_fixed": 99123
  },
  "environment": {
    "device": "default.qubit",
    "reset_mode": "none"
  },
  "architecture": {
    "n_qubits": 4,
    "n_latent": 2,
    "n_trash": 2
  },
  "parameters": {
    "phi": [
      -0.3544267234455771,
      -0.2420125306038775,
      0.05729162636439755,
      0.19608214116942177,
      -0.46147026558322607,
      -0.27653964142763804,
      -0.7464178091347856,
      -0.350670745761404,
      -0.3076742910616675,
      -1.045244083609911,
      0.2515427959014524,
      0.4061187938259056
    ],
    "psi": [
      0.0001833795328304634,
      -0.06399913142692659,
      0.006812132672602135,
      0.02038134491343183,
      -0.0658662179290069,
      -0.032408222694717825,
      -0.14952126922897196,
      -0.07009037376356234,
      0.028896849970838634,
      -0.046470528076150465,
      -0.05954256137036324,
      0.0037415503935884983
    ]
  },
  "metrics_series": {
    "mse_train_noise": 0.019268069867485593,
    "mse_train_recovered": 0.024762786168342984,
    "delta_train_pct": -28.51721183619742,
    "mse_test_noise": 0.018957942152927745,
    "mse_test_recovered": 0.024887835135334158,
    "delta_test_pct": -31.279201796122358
  }
}