{
  "schema": {
    "name": "half_qae_bundle",
    "version": "1.0"
  },
  "timestamp": "2025-09-20 14:47:16",
  "dataset": {
    "id": "mackey_glass_tau30_n200",
    "scale_low": 0.2,
    "scale_high": 0.8,
    "window_size": 4,
    "window_step": 2,
    "split": 0.75
  },
  "run": {
    "instance_id": 1,
    "layer": 1,
    "sigma_eval": 0.2,
    "test_seed_fixed": 99123
  },
  "environment": {
    "device": "default.qubit",
    "reset_mode": "none"
  },
  "architecture": {
    "n_qubits": 4,
    "n_latent": 2,
    "n_trash": 2
  },
  "parameters": {
    "phi": [
      0.617612078865872,
      -0.6001804046591285,
      0.19790118575739854,
      0.32625060130614475,
      -0.10532918573771927,
      -0.3747524377032047,
      -0.1948124592656337,
      -0.4548970269311039,
      -0.0867262824716424,
      0.6363541495509752,
      0.39282168788494526,
      -0.27542511483574017
    ],
    "psi": [
      0.08461971355719106,
      -0.09665219083501074,
      -0.01871070830918808,
      0.02839248104109381,
      -0.03776163349103269,
      -0.00859597978178301,
      0.015981166533903156,
      -0.025712596992548804,
      -0.015126934512565431,
      0.027271275043520636,
      0.007269753253532319,
      -0.04219459235466114
    ]
  },
  "metrics_series": {
    "mse_train_noise": 0.019268069867485593,
    "mse_train_recovered": 0.026554520579421866,
    "delta_train_pct": -37.816194159810394,
    "mse_test_noise": 0.018957942152927745,
    "mse_test_recovered": 0.025917696135202242,
    "delta_test_pct": -36.71154773093173
  }
}