{
  "schema": {
    "name": "sidekick_bundle",
    "version": "1.0"
  },
  "timestamp": "2025-10-02 22:44:44",
  "dataset": {
    "id": "mackey_glass_tau30_n200",
    "scale_low": 0.2,
    "scale_high": 0.8,
    "window_size": 4,
    "window_step": 2,
    "split": 0.75
  },
  "run": {
    "instance_id": 2,
    "layer": 1,
    "sigma_eval": 0.2,
    "test_seed_fixed": 99123
  },
  "environment": {
    "stage1_backend": "lightning.qubit",
    "stage1_diff": "adjoint",
    "stage3_backend": "lightning.qubit",
    "stage3_diff": "adjoint"
  },
  "architecture": {
    "n_qubits": 4,
    "n_latent": 2,
    "n_trash": 2,
    "rot": "Rxyz"
  },
  "parameters": {
    "phi": [
      [
        [
          1.8237173100569735e-06,
          -2.0240267995442394,
          0.058748918295611054
        ],
        [
          -6.531641661929849e-06,
          -2.1364033171670593,
          0.007153431859093637
        ],
        [
          3.288762445547493e-06,
          -2.0562614131361574,
          0.19241098710913884
        ],
        [
          -8.805950604721153e-06,
          -1.8935761978594445,
          0.014713768665698873
        ]
      ]
    ],
    "psi": [
      [
        [
          0.005896949460755653,
          1.0245286689927586,
          -0.01580718005408209
        ],
        [
          -0.0006918133722955504,
          1.036722344943498,
          -0.0023758442683229106
        ],
        [
          0.0018284435794917139,
          1.0292974022622805,
          -0.022127796028588304
        ],
        [
          -5.347049191762498e-06,
          -1.9381052953605866,
          0.014713768609271519
        ]
      ]
    ]
  },
  "metrics_series": {
    "mse_train_noise": 0.019268069867485593,
    "mse_train_recovered": 0.0206211304599044,
    "delta_train_pct": -7.02229440584532,
    "mse_test_noise": 0.018957942152927745,
    "mse_test_recovered": 0.017078261203711816,
    "delta_test_pct": 9.915005194409476
  },
  "times_seconds": {
    "stage1": 73.61016066698357,
    "stage3": 145.08435029210523,
    "total": 218.6945109590888
  }
}