{
  "schema": {
    "name": "sidekick_bundle",
    "version": "1.0"
  },
  "timestamp": "2025-10-03 14:13:08",
  "dataset": {
    "id": "mackey_glass_tau30_n200",
    "scale_low": 0.2,
    "scale_high": 0.8,
    "window_size": 6,
    "window_step": 2,
    "split": 0.75
  },
  "run": {
    "instance_id": 2,
    "layer": 1,
    "sigma_eval": 0.2,
    "test_seed_fixed": 99123
  },
  "environment": {
    "stage1_backend": "lightning.qubit",
    "stage1_diff": "adjoint",
    "stage3_backend": "lightning.qubit",
    "stage3_diff": "adjoint"
  },
  "architecture": {
    "n_qubits": 6,
    "n_latent": 2,
    "n_trash": 4,
    "rot": "Rxyz"
  },
  "parameters": {
    "phi": [
      [
        [
          -3.799450103059962e-06,
          1.2572602534682193,
          0.05874891830919193
        ],
        [
          0.00017879503103921947,
          1.0745277636909394,
          0.0071534318603947
        ],
        [
          -4.623156057200592e-05,
          -2.0621978875555174,
          0.19241098690592856
        ],
        [
          -0.00010082970922976292,
          -1.9888587787283822,
          0.014713768559564567
        ],
        [
          -5.984480221791137e-05,
          -2.035025797864218,
          0.12996277493554179
        ],
        [
          6.236573994147238e-05,
          -2.0253639781390547,
          0.26682814089646123
        ]
      ]
    ],
    "psi": [
      [
        [
          -0.004964582401225729,
          1.1675545846556672,
          0.00531491993138961
        ],
        [
          0.0007891673213736771,
          1.0948216707041143,
          0.0013907708223090866
        ],
        [
          2.7333515512227193,
          -1.1434946067806921,
          0.20067166131851794
        ],
        [
          -2.9872557701800673e-07,
          1.0168532106472479,
          0.014713768614226736
        ],
        [
          2.3691560346517595e-08,
          0.997803140169241,
          0.12996277500341516
        ],
        [
          -2.817357437507239e-08,
          0.922044324090865,
          0.2668281408912101
        ]
      ]
    ]
  },
  "metrics_series": {
    "mse_train_noise": 0.019067164300121137,
    "mse_train_recovered": 0.02280412077219747,
    "delta_train_pct": -19.598910531507773,
    "mse_test_noise": 0.01895794215292774,
    "mse_test_recovered": 0.01913906874972897,
    "delta_test_pct": -0.955412751764606
  },
  "times_seconds": {
    "stage1": 78.176276500104,
    "stage3": 211.76307124993764,
    "total": 289.93934775004163
  }
}