{
  "schema": {
    "name": "half_qae_bundle",
    "version": "1.0"
  },
  "timestamp": "2025-09-23 06:19:55",
  "dataset": {
    "id": "mackey_glass_tau30_n200",
    "scale_low": 0.2,
    "scale_high": 0.8,
    "window_size": 6,
    "window_step": 2,
    "split": 0.75
  },
  "run": {
    "instance_id": 1,
    "layer": 1,
    "sigma_eval": 0.2,
    "test_seed_fixed": 99123
  },
  "environment": {
    "device": "default.qubit",
    "reset_mode": "none"
  },
  "architecture": {
    "n_qubits": 6,
    "n_latent": 2,
    "n_trash": 4
  },
  "parameters": {
    "phi": [
      0.6176120788754172,
      -0.6001804047773828,
      0.19790118565857387,
      0.32625060131492584,
      -0.10532918574815421,
      -0.3747524377018929,
      -0.1713723389094035,
      -0.1502395330706792,
      -0.025415799833970593,
      0.8155301847656703,
      0.14722552760831714,
      -0.1549338947833236,
      0.035074942279427895,
      -0.3964842789288483,
      0.014602833065478205,
      1.0560088025377914,
      0.2849345356750133,
      -0.45773745340229316
    ],
    "psi": [
      0.09147430228574079,
      -0.10013919237424171,
      -0.018277078088021825,
      0.0548545248728124,
      -0.04910011320277903,
      -0.04265869581363212,
      0.015688727029814015,
      -0.026076018684909927,
      -0.015050370683692112,
      0.0714446402897384,
      0.0652050422161295,
      -0.042194592355835926,
      -0.04766793290683899,
      0.022015052780705428,
      0.04934612865169653,
      0.04585283924458138,
      -0.05812092379144769,
      -0.007747494712690319
    ]
  },
  "metrics_series": {
    "mse_train_noise": 0.019067164300121137,
    "mse_train_recovered": 0.025031288563628625,
    "delta_train_pct": -31.279555625739253,
    "mse_test_noise": 0.01895794215292774,
    "mse_test_recovered": 0.02403982594864416,
    "delta_test_pct": -26.80609400916232
  }
}