{
  "schema": {
    "name": "sidekick_bundle",
    "version": "1.0"
  },
  "timestamp": "2025-10-03 14:13:08",
  "dataset": {
    "id": "mackey_glass_tau30_n200",
    "scale_low": 0.2,
    "scale_high": 0.8,
    "window_size": 6,
    "window_step": 2,
    "split": 0.75
  },
  "run": {
    "instance_id": 4,
    "layer": 1,
    "sigma_eval": 0.2,
    "test_seed_fixed": 99123
  },
  "environment": {
    "stage1_backend": "lightning.qubit",
    "stage1_diff": "adjoint",
    "stage3_backend": "lightning.qubit",
    "stage3_diff": "adjoint"
  },
  "architecture": {
    "n_qubits": 6,
    "n_latent": 2,
    "n_trash": 4,
    "rot": "Rxyz"
  },
  "parameters": {
    "phi": [
      [
        [
          -4.50455940474669e-06,
          -1.8842863963819199,
          0.27642503090275405
        ],
        [
          -4.110988896627745e-06,
          -2.0671977772635217,
          0.14766508675099746
        ],
        [
          -4.93048911108174e-06,
          -2.062368095640199,
          0.15111159808267657
        ],
        [
          -3.789055106048252e-06,
          -1.9889983707447783,
          0.05852561788075161
        ],
        [
          -6.722740856929013e-06,
          -2.035238945043866,
          0.08826361168652976
        ],
        [
          -1.6780045464099728e-05,
          -2.025743014364248,
          0.19651153401516788
        ]
      ]
    ],
    "psi": [
      [
        [
          0.012688633498950122,
          1.1636315177382501,
          -0.054108269922722815
        ],
        [
          -0.01304426865368447,
          1.1169303321675943,
          -0.03145656847446815
        ],
        [
          0.0008118197359475262,
          1.1059176408524851,
          -0.005531676911955092
        ],
        [
          1.1100504704949161e-06,
          -2.130192075682092,
          0.05852561808974747
        ],
        [
          0.0005966384428643519,
          0.9489217655036749,
          0.08826361189973676
        ],
        [
          0.006197924084568652,
          0.8973319127136732,
          0.1965115340749058
        ]
      ]
    ]
  },
  "metrics_series": {
    "mse_train_noise": 0.019067164300121137,
    "mse_train_recovered": 0.0228541625953733,
    "delta_train_pct": -19.861360796204508,
    "mse_test_noise": 0.01895794215292774,
    "mse_test_recovered": 0.019112454619192237,
    "delta_test_pct": -0.8150276280943114
  },
  "times_seconds": {
    "stage1": 76.71834633406252,
    "stage3": 208.21359104197472,
    "total": 284.93193737603724
  }
}