{
  "schema": {
    "name": "half_qae_bundle",
    "version": "1.0"
  },
  "timestamp": "2025-09-23 06:20:01",
  "dataset": {
    "id": "mackey_glass_tau30_n200",
    "scale_low": 0.2,
    "scale_high": 0.8,
    "window_size": 6,
    "window_step": 2,
    "split": 0.75
  },
  "run": {
    "instance_id": 3,
    "layer": 1,
    "sigma_eval": 0.2,
    "test_seed_fixed": 99123
  },
  "environment": {
    "device": "default.qubit",
    "reset_mode": "none"
  },
  "architecture": {
    "n_qubits": 6,
    "n_latent": 2,
    "n_trash": 4
  },
  "parameters": {
    "phi": [
      0.45131474280071715,
      0.06013793035715463,
      0.6113810032523324,
      0.2625830607633913,
      -1.042868450819579,
      0.13492093602561148,
      -1.2334734413430324,
      -0.052885502784720866,
      -0.14411544652834216,
      1.4760787591787885,
      0.02038156149014933,
      -0.2088934762663303,
      -0.9108464486305763,
      -0.2541225003689604,
      -0.31358605428913167,
      -0.6249890537965943,
      0.4457923391864392,
      0.30168322676772413
    ],
    "psi": [
      0.06847145252886348,
      -0.03406106666577322,
      0.09380363920962935,
      0.05816705798916994,
      -0.1288982675230945,
      0.040329383075987324,
      -0.07964851890326319,
      0.03304025759946977,
      0.046201708146074445,
      0.03511793432449868,
      -0.062359633566066,
      -0.008964450144077698,
      -0.12471395406097255,
      -0.05983319759203055,
      -0.06652049636704811,
      -0.01862600626635454,
      0.0134779755895265,
      0.03048714365285702
    ]
  },
  "metrics_series": {
    "mse_train_noise": 0.019067164300121137,
    "mse_train_recovered": 0.024471720549307557,
    "delta_train_pct": -28.34483494303388,
    "mse_test_noise": 0.01895794215292774,
    "mse_test_recovered": 0.026486263796324107,
    "delta_test_pct": -39.71064782594953
  }
}