{
  "schema": {
    "name": "sidekick_bundle",
    "version": "1.0"
  },
  "timestamp": "2025-10-03 14:13:08",
  "dataset": {
    "id": "mackey_glass_tau30_n200",
    "scale_low": 0.2,
    "scale_high": 0.8,
    "window_size": 6,
    "window_step": 2,
    "split": 0.75
  },
  "run": {
    "instance_id": 5,
    "layer": 1,
    "sigma_eval": 0.2,
    "test_seed_fixed": 99123
  },
  "environment": {
    "stage1_backend": "lightning.qubit",
    "stage1_diff": "adjoint",
    "stage3_backend": "lightning.qubit",
    "stage3_diff": "adjoint"
  },
  "architecture": {
    "n_qubits": 6,
    "n_latent": 2,
    "n_trash": 4,
    "rot": "Rxyz"
  },
  "parameters": {
    "phi": [
      [
        [
          -6.195945956766624e-05,
          -1.884334514819191,
          0.3016927177773906
        ],
        [
          -0.00040458865219515384,
          -2.0674434860843087,
          0.05620192950088579
        ],
        [
          9.024941714213657e-05,
          -2.062172166837982,
          0.3088663816966908
        ],
        [
          3.5271159937151164e-05,
          -1.9883171134702065,
          0.000978176301967436
        ],
        [
          0.00010355274882497693,
          -2.0343942475281778,
          0.04825804824591212
        ],
        [
          -0.0003272456011293711,
          -2.0252593219890715,
          0.1826718233671833
        ]
      ]
    ],
    "psi": [
      [
        [
          0.01419061069510252,
          1.160635321363421,
          -0.05766056429151048
        ],
        [
          -0.005511648948245956,
          1.1160057229243738,
          -0.012284782832169775
        ],
        [
          -0.0003768343363729186,
          1.101890579816234,
          -0.016348872732411663
        ],
        [
          -8.789563256573699e-05,
          0.9928276265165004,
          0.000978176575366579
        ],
        [
          0.00040010335498877125,
          0.9476216132505577,
          0.04825804835751638
        ],
        [
          -4.025660073707187e-05,
          -2.2326875858271458,
          0.18267182340379196
        ]
      ]
    ]
  },
  "metrics_series": {
    "mse_train_noise": 0.019067164300121137,
    "mse_train_recovered": 0.022830901063834202,
    "delta_train_pct": -19.739362940765947,
    "mse_test_noise": 0.01895794215292774,
    "mse_test_recovered": 0.01910327586003841,
    "delta_test_pct": -0.7666111961852851
  },
  "times_seconds": {
    "stage1": 77.39533783285879,
    "stage3": 206.28482087492011,
    "total": 283.6801587077789
  }
}