{
  "schema": {
    "name": "sidekick_bundle",
    "version": "1.0"
  },
  "timestamp": "2025-10-03 14:13:08",
  "dataset": {
    "id": "mackey_glass_tau30_n200",
    "scale_low": 0.2,
    "scale_high": 0.8,
    "window_size": 6,
    "window_step": 2,
    "split": 0.75
  },
  "run": {
    "instance_id": 1,
    "layer": 1,
    "sigma_eval": 0.2,
    "test_seed_fixed": 99123
  },
  "environment": {
    "stage1_backend": "lightning.qubit",
    "stage1_diff": "adjoint",
    "stage3_backend": "lightning.qubit",
    "stage3_diff": "adjoint"
  },
  "architecture": {
    "n_qubits": 6,
    "n_latent": 2,
    "n_trash": 4,
    "rot": "Rxyz"
  },
  "parameters": {
    "phi": [
      [
        [
          -0.000108343265955691,
          1.257240580416694,
          0.2731840885116954
        ],
        [
          0.00011534309081221357,
          1.0743257949324816,
          0.004709711531248692
        ],
        [
          9.278255243665684e-06,
          -2.062477996175374,
          0.02712265097780254
        ],
        [
          -5.742602566340529e-06,
          -1.9890349092263786,
          0.28175133139817937
        ],
        [
          1.2105734261448843e-05,
          -2.0352500119581323,
          0.07792492555499775
        ],
        [
          2.215129343518825e-05,
          -2.0256038991032708,
          0.20730638148585298
        ]
      ]
    ],
    "psi": [
      [
        [
          -0.013335966077858872,
          1.1690040546502827,
          0.042599326651279135
        ],
        [
          0.0004441049545948855,
          1.0977058741486727,
          0.0009141361539563506
        ],
        [
          2.8319783904004523,
          -1.138907202678368,
          0.15196747132673388
        ],
        [
          5.0970313274014526e-05,
          1.0170009653458427,
          0.2817513314172304
        ],
        [
          -8.490576779335034e-08,
          0.9980192425725065,
          0.07792492557077124
        ],
        [
          -5.609482751566331e-09,
          0.925759308761442,
          0.2073063815155377
        ]
      ]
    ]
  },
  "metrics_series": {
    "mse_train_noise": 0.019067164300121137,
    "mse_train_recovered": 0.022820478110690132,
    "delta_train_pct": -19.68469852932011,
    "mse_test_noise": 0.01895794215292774,
    "mse_test_recovered": 0.019139222462634425,
    "delta_test_pct": -0.9562235618420845
  },
  "times_seconds": {
    "stage1": 80.69478004192933,
    "stage3": 212.800052333856,
    "total": 293.49483237578534
  }
}