{
  "schema": {
    "name": "sidekick_bundle",
    "version": "1.0"
  },
  "timestamp": "2025-10-03 14:13:08",
  "dataset": {
    "id": "mackey_glass_tau30_n200",
    "scale_low": 0.2,
    "scale_high": 0.8,
    "window_size": 6,
    "window_step": 2,
    "split": 0.75
  },
  "run": {
    "instance_id": 3,
    "layer": 1,
    "sigma_eval": 0.2,
    "test_seed_fixed": 99123
  },
  "environment": {
    "stage1_backend": "lightning.qubit",
    "stage1_diff": "adjoint",
    "stage3_backend": "lightning.qubit",
    "stage3_diff": "adjoint"
  },
  "architecture": {
    "n_qubits": 6,
    "n_latent": 2,
    "n_trash": 4,
    "rot": "Rxyz"
  },
  "parameters": {
    "phi": [
      [
        [
          -5.2386400970590826e-05,
          1.2572309039695426,
          0.17394272198108238
        ],
        [
          0.002935717546556638,
          1.0743087184637734,
          0.2497799129379235
        ],
        [
          2.549138804438429e-06,
          -2.062458798711642,
          0.2321444344749657
        ],
        [
          -5.636633301023389e-07,
          -1.9890155823447146,
          0.29662432536025435
        ],
        [
          -1.3444728746308936e-05,
          -2.0352369690190106,
          0.1480315054132523
        ],
        [
          4.590922157502217e-06,
          -2.025726131587001,
          0.13617820831838945
        ]
      ]
    ],
    "psi": [
      [
        [
          -0.0073964115056298725,
          1.1691175652401764,
          0.02520525469417946
        ],
        [
          0.01807083248117711,
          1.0956637159808997,
          0.05290545947268593
        ],
        [
          2.778942695968522,
          -1.1407971538638229,
          0.17137663405067988
        ],
        [
          0.0005969021636913545,
          1.0177904077408546,
          0.29662432535240585
        ],
        [
          -1.4174889098350253e-08,
          0.999063096493423,
          0.14803150542619575
        ],
        [
          4.042268812601445e-05,
          0.9237102339758768,
          0.136178208266788
        ]
      ]
    ]
  },
  "metrics_series": {
    "mse_train_noise": 0.019067164300121137,
    "mse_train_recovered": 0.022813520422075056,
    "delta_train_pct": -19.648208107852284,
    "mse_test_noise": 0.01895794215292774,
    "mse_test_recovered": 0.01914018463143291,
    "delta_test_pct": -0.9612988426437763
  },
  "times_seconds": {
    "stage1": 79.3236890421249,
    "stage3": 212.1893173751887,
    "total": 291.5130064173136
  }
}