{
  "schema": {
    "name": "half_qae_bundle",
    "version": "1.0"
  },
  "timestamp": "2025-09-02 21:05:33",
  "dataset": {
    "id": "mackey_glass_n100",
    "scale_low": 0.2,
    "scale_high": 0.8,
    "window_size": 4,
    "window_stride": 1
  },
  "run": {
    "tag": "inst4_L3",
    "instance_id": 4,
    "seed": 4,
    "sigma_train": 0.1,
    "sigma_eval": 0.1
  },
  "architecture": {
    "n_qubits": 4,
    "n_layers": 3,
    "n_latent": 3,
    "n_trash": 1,
    "latent_wires": [
      0,
      1,
      2
    ],
    "trash_wires": [
      3
    ]
  },
  "training": {
    "stage1": {
      "lr_init": 0.01,
      "max_epochs": 120,
      "patience": 10,
      "lr_patience": 8,
      "best_val": 0.0456087774137729,
      "final_val": 0.0456087774137729,
      "best_epoch": 119,
      "epochs": 120,
      "train_curve": [
        0.5104382456376888,
        0.49419475968240434,
        0.4711752727169786,
        0.4552498424802187,
        0.4296010566082855,
        0.4119916939992717,
        0.3906114207471204,
        0.37249851392668337,
        0.3509758361729398,
        0.33154798944753194,
        0.31436711146845475,
        0.29700366571362957,
        0.282354952534042,
        0.26733463782289024,
        0.2528037918968872,
        0.23914388089533967,
        0.23047845278988083,
        0.22007095578461935,
        0.20833172665808988,
        0.19735800641390927,
        0.19027309531855896,
        0.18086016268917193,
        0.1710791295855431,
        0.16482939915408146,
        0.15596882993971928,
        0.15134357234392365,
        0.1429287965853053,
        0.13983455512392892,
        0.13378681808948453,
        0.1311394317252021,
        0.12747507069169942,
        0.1242999873039497,
        0.1208675450769756,
        0.11687709380343073,
        0.11430931753088551,
        0.11104530741789859,
        0.10845904660900885,
        0.10618056023748973,
        0.10404154285808566,
        0.10138121550008736,
        0.10032735043540436,
        0.09657685029215249,
        0.09628494853064795,
        0.09492581096777238,
        0.09289454639169736,
        0.09146509466899796,
        0.08996999988614754,
        0.08882389362268046,
        0.08719896437795453,
        0.08529054470819962,
        0.08412642655284874,
        0.0852315038126453,
        0.08290778414241903,
        0.08177674579521998,
        0.07901012005927514,
        0.07911610587754514,
        0.07857977551417897,
        0.07631941230076979,
        0.07658862726223226,
        0.07495285393052435,
        0.0746470921086187,
        0.07198778113150732,
        0.07254861649501612,
        0.07133478857727278,
        0.07044887277364836,
        0.06988867770077085,
        0.06953598284213049,
        0.06936069885642795,
        0.06692824057411992,
        0.06748009826195892,
        0.06752997256358836,
        0.06457996246842163,
        0.06680360343019753,
        0.06421830462545536,
        0.0632721039603501,
        0.06259430113620233,
        0.060954648985523274,
        0.06188908191458048,
        0.060853984859712766,
        0.061407893507189504,
        0.05924171398865146,
        0.058949752164764814,
        0.05811218023185771,
        0.05729752557481963,
        0.055604340338528555,
        0.05611482673428869,
        0.05548070294392305,
        0.054917493417309074,
        0.055017075042468624,
        0.053147527327011626,
        0.05360486660491767,
        0.053668125333499996,
        0.053735439054098555,
        0.05170751206153039,
        0.05165204277448764,
        0.05238374448218154,
        0.05064603853218217,
        0.05072545489316714,
        0.05064112387109056,
        0.05079633181903205,
        0.04979962549765331,
        0.04959056242854722,
        0.0486143981315513,
        0.049175301716687124,
        0.04826510801816812,
        0.04970014105841481,
        0.04888057424452467,
        0.04819781926784625,
        0.04776337742393495,
        0.04785949313620101,
        0.04743039436309051,
        0.04719329708121556,
        0.04587586924945522,
        0.04603863073773455,
        0.04661251621977757,
        0.04648168719226992,
        0.046404643094099474,
        0.045954619688523476,
        0.04554405448033341,
        0.04633673598930123
      ],
      "val_curve": [
        0.4924505699411898,
        0.471825487143653,
        0.4516603663328299,
        0.43133893800542167,
        0.410581074639581,
        0.38899814442990743,
        0.367063820767784,
        0.3453574869564703,
        0.3247033791110573,
        0.3049781441558061,
        0.2867316367915038,
        0.27040920105416744,
        0.2555902527493171,
        0.24212932003736531,
        0.2299754902064667,
        0.21880416823180457,
        0.20837236132994005,
        0.19851505360287966,
        0.18935968233064387,
        0.18043252605547097,
        0.17192102156468203,
        0.16395809004187975,
        0.1565031115662435,
        0.14934243360830407,
        0.14292128665032383,
        0.13722999047360973,
        0.13210987543606192,
        0.12750943437171874,
        0.1234638823579138,
        0.11967422195513766,
        0.1162387152701256,
        0.11289840650852727,
        0.10970342520013579,
        0.10660665606511861,
        0.10368135875859678,
        0.1007143359912623,
        0.09787447656828652,
        0.09510408860206297,
        0.09249403275802759,
        0.08986811080002619,
        0.08751432320898041,
        0.08546833816332984,
        0.08368532499871309,
        0.08212051613629859,
        0.08058928307338678,
        0.0790881205854391,
        0.07772289304451627,
        0.07645251841461496,
        0.07521510127420052,
        0.07389054267438724,
        0.0727194277321497,
        0.07162342928103971,
        0.07069722494770067,
        0.06976053764991133,
        0.06884007690007599,
        0.06781207929962425,
        0.06695817114120788,
        0.06600002379667169,
        0.06495793392839835,
        0.06394106417288473,
        0.06293461681726592,
        0.06224206750233287,
        0.06139400761116589,
        0.060727815618082756,
        0.06013723526248395,
        0.05947373400388376,
        0.058905001383015354,
        0.05833765623625771,
        0.05787042698289774,
        0.05746224096163971,
        0.057069277877248505,
        0.05671910542239815,
        0.05617429530528275,
        0.05577738700384236,
        0.05542579341741053,
        0.054955923921180636,
        0.054563010005384015,
        0.054011809246670206,
        0.05364996511640172,
        0.053234573197205315,
        0.05291217950402738,
        0.05255407935761351,
        0.052292447223877714,
        0.052002558921639276,
        0.05165296818144592,
        0.05116356761222533,
        0.050900245377153285,
        0.050622661433056236,
        0.050400009190274986,
        0.05035718511105749,
        0.050164128719003845,
        0.04994631181538907,
        0.04979050191877756,
        0.04965657659163288,
        0.04941678029407237,
        0.049216871806749496,
        0.049082174010292655,
        0.04891615606388932,
        0.04881131843620647,
        0.04860486028023762,
        0.04853034729174956,
        0.048527553985789916,
        0.04842504557634554,
        0.04826865689651331,
        0.048167919969486404,
        0.048087444733553086,
        0.04797160682876085,
        0.04785161137532779,
        0.04769172071753865,
        0.04756357858721427,
        0.04742733031732131,
        0.047186224902130064,
        0.047005156360005795,
        0.04676226361804407,
        0.04655613681142621,
        0.04641471004238701,
        0.0462576139210555,
        0.04607779946626299,
        0.04587367941572469,
        0.0456087774137729
      ],