layer,runs,mse_test_noise_mean,mse_test_recovered_mean,delta_test_pct_mean
1,1,0.0189579421529277,0.0153597756022278,18.97973166957985
3,1,0.0189579421529277,0.007827517516867,58.71114357389147
