{
  "schema": {
    "name": "full_qae_bundle",
    "version": "1.0"
  },
  "timestamp": "2025-09-08 12:13:30",
  "dataset": {
    "id": "MG_bench",
    "scale_low": 0.2,
    "scale_high": 0.8,
    "window_size": 6,
    "window_stride": 1
  },
  "run": {
    "tag": "inst3_L3",
    "instance_id": 3,
    "seed": 10025,
    "sigma_train": 0.1,
    "sigma_eval": 0.1
  },
  "architecture": {
    "n_qubits": 6,
    "n_layers": 3,
    "n_latent": 2,
    "n_trash": 4,
    "latent_wires": [
      0,
      1
    ],
    "trash_wires": [
      2,
      3,
      4,
      5
    ],
    "decoder_mode": "adjoint_encoder"
  },
  "training": {
    "stage1": {
      "lr_init": 0.0,
      "max_epochs": 0,
      "patience": 0,
      "lr_patience": 0,
      "best_val": NaN,
      "final_val": NaN,
      "best_epoch": -1,
      "epochs": 0,
      "train_curve": [],
      "val_curve": [],
      "lr_curve": [],
      "train_seconds": NaN
    },
    "stage3": {
      "lr_init": 0.5,
      "max_epochs": 120,
      "patience": 0,
      "plateau_steps": 0,
      "plateau_factor": 1.0,
      "best_val_mse": 0.007467733291365453,
      "final_val_mse": 0.008416644721501653,
      "best_epoch": 87,
      "epochs": 120,
      "train_curve": [
        0.09897857952988912,
        0.16273924211577842,
        0.06399836989609808,
        0.03011542808695463,
        0.030106053609483697,
        0.02640351416733766,
        0.02577699922502542,
        0.02087439234100041,
        0.020461984439793607,
        0.02160968615189811,
        0.02033263620990711,
        0.017608424502339525,
        0.015726023440091406,
        0.014776041469231362,
        0.014862478437627112,
        0.014999722461437864,
        0.013935169303503815,
        0.013332258715521595,
        0.012910764234362831,
        0.01219555518824906,
        0.012047605299078931,
        0.011150688010037157,
        0.011277159201774365,
        0.011202187443345148,
        0.010897636146886361,
        0.01040886608619717,
        0.0104346271403444,
        0.010872731115618402,
        0.010448461298281652,
        0.01060246856418828,
        0.009999546199540849,
        0.010370421897345659,
        0.010047650096811021,
        0.00962935787704143,
        0.010019220797744179,
        0.010166179116140935,
        0.009780417996519965,
        0.009556409833641822,
        0.009477788959826181,
        0.009027654778799438,
        0.009256749339871705,
        0.009378237191291888,
        0.009919612653744019,
        0.009103496865766229,
        0.008939602210244743,
        0.009240001026126165,
        0.00956387155419606,
        0.008732835017346653,
        0.009123095545283464,
        0.009623123088945973,
        0.008664388985531386,
        0.009040543791358319,
        0.00985879591744742,
        0.008773838226438168,
        0.008517516257387649,
        0.008791459645461828,
        0.00875380571740136,
        0.008463708505966498,
        0.009473995303885735,
        0.009285014773169582,
        0.008159849276985662,
        0.008657441301990863,
        0.008691666728772798,
        0.008270711584318443,
        0.008810566690250418,
        0.00936656224547835,
        0.008466903890879049,
        0.00815036458310307,
        0.009279114749116694,
        0.009185075750369302,
        0.008277619591766795,
        0.009492024125635476,
        0.00854795030788346,
        0.008180748708103187,
        0.008286125254013786,
        0.008211696087274303,
        0.008048076040498776,
        0.007954540302682191,
        0.008212499859034737,
        0.007698254818709925,
        0.0078082997592537,
        0.007895412241953307,
        0.007841161762551258,
        0.007950366067407887,
        0.008285445799024372,
        0.007854965549129532,
        0.007648599648369182,
        0.007467733291365453,
        0.007679728154760047,
        0.008005276398379219,
        0.009249123870356115,
        0.010074896054059809,
        0.008116247663302868,
        0.00858731303661786,
        0.009908319264905282,
        0.011793197001923952,
        0.01779360357541842,
        0.011656662968530152,
        0.009633043034812263,
        0.0160999747335419,
        0.012983040485982741,
        0.011120179973765406,
        0.014440601112455828,
        0.010351342167323642,
        0.011910430877940616,
        0.010524926230520846,
        0.011703438595262291,
        0.010855247752102276,
        0.009922903811405143,
        0.011627435173381953,
        0.009455645316841253,
        0.009550333405838057,
        0.010086494381230859,
        0.009266076994686583,
        0.009458065744001076,
        0.008873375832073633,
        0.00885221336369091,
        0.008562661465337757,
        0.008188313649219039,
        0.008416644721501653
      ],