{
  "schema": {
    "name": "full_qae_bundle",
    "version": "1.0"
  },
  "timestamp": "2025-09-08 12:20:36",
  "dataset": {
    "id": "MG_bench",
    "scale_low": 0.2,
    "scale_high": 0.8,
    "window_size": 6,
    "window_stride": 1
  },
  "run": {
    "tag": "inst4_L3",
    "instance_id": 4,
    "seed": 10026,
    "sigma_train": 0.1,
    "sigma_eval": 0.1
  },
  "architecture": {
    "n_qubits": 6,
    "n_layers": 3,
    "n_latent": 2,
    "n_trash": 4,
    "latent_wires": [
      0,
      1
    ],
    "trash_wires": [
      2,
      3,
      4,
      5
    ],
    "decoder_mode": "adjoint_encoder"
  },
  "training": {
    "stage1": {
      "lr_init": 0.0,
      "max_epochs": 0,
      "patience": 0,
      "lr_patience": 0,
      "best_val": NaN,
      "final_val": NaN,
      "best_epoch": -1,
      "epochs": 0,
      "train_curve": [],
      "val_curve": [],
      "lr_curve": [],
      "train_seconds": NaN
    },
    "stage3": {
      "lr_init": 0.5,
      "max_epochs": 120,
      "patience": 0,
      "plateau_steps": 0,
      "plateau_factor": 1.0,
      "best_val_mse": 0.007076433513715629,
      "final_val_mse": 0.008419200393603391,
      "best_epoch": 81,
      "epochs": 120,
      "train_curve": [
        0.12817644053928853,
        0.19039090689807595,
        0.05659248538593197,
        0.044082234453362366,
        0.03814988090576502,
        0.047442395400345484,
        0.03609200645767034,
        0.019151074522947405,
        0.022402932716151434,
        0.0185297297431372,
        0.02813077612030472,
        0.025865840790779138,
        0.01841104133141101,
        0.020295100247008667,
        0.020845588240835506,
        0.01803860642755803,
        0.018247759763945104,
        0.016513810995751933,
        0.015005039316849432,
        0.013654040836026345,
        0.014326731981385768,
        0.014470238113090084,
        0.012763483134102055,
        0.012426022079578049,
        0.011847169781363314,
        0.011234662785735787,
        0.011068399434009751,
        0.01111278495950444,
        0.010571023343278816,
        0.01037804103264767,
        0.010883927613190932,
        0.010140334849454757,
        0.010418074716088063,
        0.010523473277695988,
        0.010533203339681578,
        0.010166008146525306,
        0.010069176161468237,
        0.010247508812387625,
        0.00980187364699542,
        0.009702856475018444,
        0.009364744475232204,
        0.009473072141234289,
        0.009443607660430767,
        0.009328073033951691,
        0.009304037576897812,
        0.008660684561316962,
        0.009015878687567012,
        0.00886165575788382,
        0.008923297630529778,
        0.008998154152414853,
        0.008504192541085961,
        0.008356778232284479,
        0.008589025178568393,
        0.008023011653896411,
        0.008064375538724503,
        0.008270892719550742,
        0.008105475543935443,
        0.008108737119505346,
        0.008511073834121504,
        0.008142475729705858,
        0.008129979753244322,
        0.007998198128262416,
        0.007991574987994863,
        0.008014239089264484,
        0.007847205297245297,
        0.00799528386664348,
        0.007929011253669757,
        0.008522102311636599,
        0.00789221118695856,
        0.007920544406856151,
        0.008286480683397553,
        0.00759523617677662,
        0.008050765044937246,
        0.008132540969847613,
        0.007563720568929379,
        0.007694023114470934,
        0.007418570823768845,
        0.007705625946684734,
        0.007493528449445909,
        0.007389287907780703,
        0.007135365886532854,
        0.007076433513715629,
        0.007224116817600111,
        0.007515346748129472,
        0.00844622868265727,
        0.00995424774173944,
        0.010645231997787729,
        0.009119229971136057,
        0.013703829378702211,
        0.012507015981719986,
        0.017186097619047238,
        0.0125304714262422,
        0.012655071645477465,
        0.012661242262184465,
        0.011345645867531742,
        0.012606394920660902,
        0.011849315769492563,
        0.010963573542567395,
        0.011512342626067472,
        0.010715319578050362,
        0.010279239160881271,
        0.010890423836079981,
        0.010447779081477154,
        0.009839714029567162,
        0.01046272695810127,
        0.010608861611456633,
        0.00985028308266674,
        0.010299634857923023,
        0.010538151293035732,
        0.009419995214244416,
        0.009592662628627142,
        0.010084459264872251,
        0.009534486435083965,
        0.009209490290894592,
        0.009289328869585488,
        0.009079972396400581,
        0.009763735534754138,
        0.009638341264555381,
        0.008696136772458065,
        0.008419200393603391
      ],