{
  "schema": {
    "name": "half_qae_bundle",
    "version": "1.0"
  },
  "timestamp": "2025-09-20 23:53:29",
  "dataset": {
    "id": "mackey_glass_tau17_n200",
    "scale_low": 0.2,
    "scale_high": 0.8,
    "window_size": 4,
    "window_step": 2,
    "split": 0.75
  },
  "run": {
    "instance_id": 5,
    "layer": 1,
    "sigma_eval": 0.2,
    "test_seed_fixed": 99123
  },
  "environment": {
    "device": "default.qubit",
    "reset_mode": "none"
  },
  "architecture": {
    "n_qubits": 4,
    "n_latent": 2,
    "n_trash": 2
  },
  "parameters": {
    "phi": [
      -0.3544267234887227,
      -0.2420125305811364,
      0.057291626423912924,
      0.19608214112596478,
      -0.46147026561956994,
      -0.2765396413932493,
      -0.7637903967086742,
      -0.3333420688164113,
      -0.3017012022504854,
      -1.0674580742938935,
      0.2617298698885091,
      0.44170786423495345
    ],
    "psi": [
      -0.0013760858442390571,
      -0.06270217488407963,
      -0.0017800211344926576,
      0.03809829490711256,
      -0.06646951766599266,
      -0.049815943627562136,
      -0.15271025268657373,
      -0.0739548720075602,
      0.03281924554054504,
      -0.08312235123512356,
      -0.05909586510061118,
      0.0037415504041523333
    ]
  },
  "metrics_series": {
    "mse_train_noise": 0.019268069867485596,
    "mse_train_recovered": 0.028834353532433958,
    "delta_train_pct": -49.648375424936745,
    "mse_test_noise": 0.018957942152927745,
    "mse_test_recovered": 0.02613037656015135,
    "delta_test_pct": -37.83340169183889
  }
}