{
  "schema": {
    "name": "half_qae_bundle",
    "version": "1.0"
  },
  "timestamp": "2025-09-20 23:53:20",
  "dataset": {
    "id": "mackey_glass_tau17_n200",
    "scale_low": 0.2,
    "scale_high": 0.8,
    "window_size": 4,
    "window_step": 2,
    "split": 0.75
  },
  "run": {
    "instance_id": 2,
    "layer": 1,
    "sigma_eval": 0.2,
    "test_seed_fixed": 99123
  },
  "environment": {
    "device": "default.qubit",
    "reset_mode": "none"
  },
  "architecture": {
    "n_qubits": 4,
    "n_latent": 2,
    "n_trash": 2
  },
  "parameters": {
    "phi": [
      0.2008434019952974,
      -0.163097204087063,
      0.0651340790339929,
      -0.6779230095895248,
      -0.14773024347282673,
      0.03256562409914079,
      1.1504289682005562,
      -0.19164452199291118,
      0.3980565136951059,
      1.197146638784493,
      0.1592479600735729,
      -0.4710201045993952
    ],
    "psi": [
      0.03077600470392321,
      -0.052844769303028165,
      0.017460897553876743,
      -0.08982501714278748,
      -0.020733713660147583,
      0.02205362377023668,
      0.031074145254160447,
      -0.010712471355615115,
      0.07318927348545845,
      0.04673540747890422,
      -0.12903371035506306,
      -0.06136759061767522
    ]
  },
  "metrics_series": {
    "mse_train_noise": 0.019268069867485596,
    "mse_train_recovered": 0.02737742011295257,
    "delta_train_pct": -42.08698796111025,
    "mse_test_noise": 0.018957942152927745,
    "mse_test_recovered": 0.024454512732540495,
    "delta_test_pct": -28.993498003494512
  }
}