{
  "schema": {
    "name": "half_qae_bundle",
    "version": "1.0"
  },
  "timestamp": "2025-09-20 23:53:26",
  "dataset": {
    "id": "mackey_glass_tau17_n200",
    "scale_low": 0.2,
    "scale_high": 0.8,
    "window_size": 4,
    "window_step": 2,
    "split": 0.75
  },
  "run": {
    "instance_id": 4,
    "layer": 1,
    "sigma_eval": 0.2,
    "test_seed_fixed": 99123
  },
  "environment": {
    "device": "default.qubit",
    "reset_mode": "none"
  },
  "architecture": {
    "n_qubits": 4,
    "n_latent": 2,
    "n_trash": 2
  },
  "parameters": {
    "phi": [
      -1.004454245872119,
      -0.8932135637380455,
      -0.14721197349183823,
      0.4495971954713265,
      -0.17893166197070176,
      1.0154399046487268,
      0.19262732273535413,
      -0.44069872216335865,
      0.08291502456846182,
      0.21858090044484293,
      0.5008240900553741,
      -0.1061516460048901
    ],
    "psi": [
      -0.13304512581696215,
      -0.12485742140565627,
      0.025481973207949236,
      0.008833541287537116,
      -0.038406190726141286,
      0.06331858755257572,
      0.08835587632894797,
      -0.034349430786623225,
      -0.025931506960126915,
      -0.029692485487468744,
      0.025387539793443093,
      -0.05628706734218855
    ]
  },
  "metrics_series": {
    "mse_train_noise": 0.019268069867485596,
    "mse_train_recovered": 0.03017932241076423,
    "delta_train_pct": -56.628674373301436,
    "mse_test_noise": 0.018957942152927745,
    "mse_test_recovered": 0.027957358583240888,
    "delta_test_pct": -47.47042879294432
  }
}