{
  "schema": {
    "name": "half_qae_bundle",
    "version": "1.0"
  },
  "timestamp": "2025-09-20 23:53:17",
  "dataset": {
    "id": "mackey_glass_tau17_n200",
    "scale_low": 0.2,
    "scale_high": 0.8,
    "window_size": 4,
    "window_step": 2,
    "split": 0.75
  },
  "run": {
    "instance_id": 1,
    "layer": 1,
    "sigma_eval": 0.2,
    "test_seed_fixed": 99123
  },
  "environment": {
    "device": "default.qubit",
    "reset_mode": "none"
  },
  "architecture": {
    "n_qubits": 4,
    "n_latent": 2,
    "n_trash": 2
  },
  "parameters": {
    "phi": [
      0.6176120788619698,
      -0.6001804046957185,
      0.1979011857089111,
      0.32625060129889233,
      -0.10532918569309345,
      -0.3747524376881747,
      -0.1882662185446257,
      -0.44060291924364287,
      -0.08223695902874165,
      0.6110196741148338,
      0.43067533307610983,
      -0.2846831502696098
    ],
    "psi": [
      0.09356712109993294,
      -0.08679243305743585,
      -0.016942325643018705,
      0.01391392203279346,
      -0.03308538707678015,
      -0.001567728952677056,
      0.016739483179251318,
      -0.025783105995410574,
      -0.014893592761708868,
      0.054437866088235386,
      0.011113235801819964,
      -0.042194592360343175
    ]
  },
  "metrics_series": {
    "mse_train_noise": 0.019268069867485596,
    "mse_train_recovered": 0.02958140620159945,
    "delta_train_pct": -53.52552904905832,
    "mse_test_noise": 0.018957942152927745,
    "mse_test_recovered": 0.027138122266967216,
    "delta_test_pct": -43.14909312441475
  }
}