{
  "schema": {
    "name": "half_qae_bundle",
    "version": "1.0"
  },
  "timestamp": "2025-09-14 16:39:56",
  "dataset": {
    "id": "mackey_glass_tau30_n200",
    "scale_low": 0.2,
    "scale_high": 0.8,
    "window_size": 6,
    "window_step": 2,
    "split": 0.75
  },
  "run": {
    "instance_id": 5,
    "layer": 1,
    "sigma_eval": 0.2,
    "test_seed_fixed": 99123
  },
  "environment": {
    "device": "default.qubit",
    "reset_mode": "swap"
  },
  "architecture": {
    "n_qubits": 6,
    "n_latent": 2,
    "n_trash": 4
  },
  "parameters": {
    "phi": [
      -0.005010070586164471,
      -1.7308436847610054,
      0.05729162642310694,
      0.0001090775898902937,
      -1.7673863230176048,
      -0.27653964139497106,
      -0.06521706097512417,
      -1.7592913861361292,
      0.10715892939468152,
      -0.0017363531674704194,
      -1.8125063628893696,
      0.03741550392412109,
      -0.004178136715129034,
      -1.7617822761285609,
      -0.7677516404727189,
      0.7593042145570816,
      -1.7752091276708557,
      0.2755571677231917
    ],
    "psi": [
      -0.04235942743879043,
      -1.7519257388876297,
      0.1065625861220475,
      0.021701851173988766,
      -1.7906362609304687,
      -0.25012519438463665,
      -0.022484545228739026,
      -1.772179984872712,
      0.11176226134269736,
      0.0688449059489306,
      -1.7678549010953255,
      0.05802165771340255,
      -0.07190096152931262,
      -1.711497796300775,
      -0.7653061003179348,
      0.6897792296527687,
      -1.7779973623580776,
      0.25648138127974035
    ]
  },
  "metrics_series": {
    "mse_train_noise": 0.019067164300121137,
    "mse_train_recovered": 0.022877062397501157,
    "delta_train_pct": -19.98146151893081,
    "mse_test_noise": 0.01895794215292774,
    "mse_test_recovered": 0.02128770912183547,
    "delta_test_pct": -12.289134285326098
  }
}