{
  "schema": {
    "name": "half_qae_bundle",
    "version": "1.0"
  },
  "timestamp": "2025-09-14 16:39:54",
  "dataset": {
    "id": "mackey_glass_tau30_n200",
    "scale_low": 0.2,
    "scale_high": 0.8,
    "window_size": 6,
    "window_step": 2,
    "split": 0.75
  },
  "run": {
    "instance_id": 3,
    "layer": 1,
    "sigma_eval": 0.2,
    "test_seed_fixed": 99123
  },
  "environment": {
    "device": "default.qubit",
    "reset_mode": "swap"
  },
  "architecture": {
    "n_qubits": 6,
    "n_latent": 2,
    "n_trash": 4
  },
  "parameters": {
    "phi": [
      0.00018976293017667955,
      1.2123457759340237,
      0.6113810032167009,
      -0.008815183756518656,
      -2.0834549283590516,
      0.13492093599892135,
      -0.00726791520640258,
      1.0698840309215618,
      0.20365328090482177,
      5.1998402199472124e-05,
      -2.05699544055576,
      -0.08964450142724026,
      -0.1554708064435829,
      -2.0979545016756753,
      -0.6652049636707077,
      0.23830283044549758,
      -1.8966635899409567,
      0.30487143654348475
    ],
    "psi": [
      -0.038938441114855546,
      1.2298261087053772,
      0.6007973426045036,
      0.027188396668870563,
      -2.039901978496096,
      0.12890909714901938,
      -0.0025555207718316007,
      1.1168966715979523,
      0.22735777291082138,
      -0.0015579498445496048,
      -2.1227311665316364,
      0.017602894843947718,
      -0.22664154020337854,
      -2.100716646781851,
      -0.6454816260384856,
      0.18924627686449488,
      -1.902647327550523,
      0.36356458901829675
    ]
  },
  "metrics_series": {
    "mse_train_noise": 0.019067164300121137,
    "mse_train_recovered": 0.021990978568720353,
    "delta_train_pct": -15.334290000221173,
    "mse_test_noise": 0.01895794215292774,
    "mse_test_recovered": 0.01944017947797792,
    "delta_test_pct": -2.5437218932314654
  }
}