{
  "schema": {
    "name": "half_qae_bundle",
    "version": "1.0"
  },
  "timestamp": "2025-09-14 16:39:51",
  "dataset": {
    "id": "mackey_glass_tau30_n200",
    "scale_low": 0.2,
    "scale_high": 0.8,
    "window_size": 6,
    "window_step": 2,
    "split": 0.75
  },
  "run": {
    "instance_id": 1,
    "layer": 1,
    "sigma_eval": 0.2,
    "test_seed_fixed": 99123
  },
  "environment": {
    "device": "default.qubit",
    "reset_mode": "swap"
  },
  "architecture": {
    "n_qubits": 6,
    "n_latent": 2,
    "n_trash": 4
  },
  "parameters": {
    "phi": [
      1.0818121870287039,
      -1.6548475086263192,
      0.19790118570224552,
      -0.001295569960400208,
      -1.646089932284199,
      -0.3747524376891057,
      6.0147152543133424e-05,
      -1.572471170800678,
      -0.25664972268295594,
      -0.0011797811537080025,
      -1.3711318196617996,
      -0.42194592356177546,
      -0.0008062793622642713,
      -1.405594466896038,
      0.49346128651232124,
      0.03631700097782157,
      -1.8271672738348321,
      -0.07747494712443541
    ],
    "psi": [
      1.007099940036328,
      -1.663668216222559,
      0.16705293813038405,
      0.021518157935160643,
      -1.6354735546606387,
      -0.2821746861171561,
      -0.010640422696563873,
      -1.6435681574101542,
      -0.21178604444633248,
      -0.08552929147235938,
      -1.4100626046265259,
      -0.41033195097435693,
      -0.039476073407601175,
      -1.4845009156358373,
      0.5860588929834232,
      0.02097287010799093,
      -1.8362645505869484,
      -0.08416511802299537
    ]
  },
  "metrics_series": {
    "mse_train_noise": 0.019067164300121137,
    "mse_train_recovered": 0.024558342697479713,
    "delta_train_pct": -28.799135051894886,
    "mse_test_noise": 0.01895794215292774,
    "mse_test_recovered": 0.024380584761081774,
    "delta_test_pct": -28.603540217663337
  }
}