{
  "schema": {
    "name": "half_qae_bundle",
    "version": "1.0"
  },
  "timestamp": "2025-09-14 16:39:53",
  "dataset": {
    "id": "mackey_glass_tau30_n200",
    "scale_low": 0.2,
    "scale_high": 0.8,
    "window_size": 6,
    "window_step": 2,
    "split": 0.75
  },
  "run": {
    "instance_id": 2,
    "layer": 1,
    "sigma_eval": 0.2,
    "test_seed_fixed": 99123
  },
  "environment": {
    "device": "default.qubit",
    "reset_mode": "swap"
  },
  "architecture": {
    "n_qubits": 6,
    "n_latent": 2,
    "n_trash": 4
  },
  "parameters": {
    "phi": [
      1.0276733162821186,
      -1.624071386687375,
      0.06513407900341231,
      -0.038726188210650776,
      -1.5899123443572794,
      0.03256562408504285,
      -0.001246767153492417,
      -1.3833353640115684,
      1.0658141384139588,
      2.751741381696698e-05,
      -1.54216444647018,
      -0.6136759060042177,
      0.006237624411909852,
      -1.3657864653884946,
      0.33126582544322913,
      0.08700329672600704,
      -1.1151544871428194,
      0.6058712785198115
    ],
    "psi": [
      0.9246959148198287,
      -1.6473126095569506,
      0.022088946384226545,
      -0.045670841117342535,
      -1.6145601404948375,
      -0.05418070630187562,
      -0.0475219416617264,
      -1.4322306018195023,
      1.0228650044413221,
      -0.015382812585190964,
      -1.5762394122061196,
      -0.6593779941634856,
      -0.06389493161546472,
      -1.3438009088270355,
      0.2837421936009459,
      0.07079501877946341,
      -1.2141858759962434,
      0.6207444570091133
    ]
  },
  "metrics_series": {
    "mse_train_noise": 0.019067164300121137,
    "mse_train_recovered": 0.02718732856443539,
    "delta_train_pct": -42.587162603212406,
    "mse_test_noise": 0.01895794215292774,
    "mse_test_recovered": 0.026433557628429617,
    "delta_test_pct": -39.43263153352008
  }
}