{
  "schema": {
    "name": "half_qae_bundle",
    "version": "1.0"
  },
  "timestamp": "2025-09-14 16:39:55",
  "dataset": {
    "id": "mackey_glass_tau30_n200",
    "scale_low": 0.2,
    "scale_high": 0.8,
    "window_size": 6,
    "window_step": 2,
    "split": 0.75
  },
  "run": {
    "instance_id": 4,
    "layer": 1,
    "sigma_eval": 0.2,
    "test_seed_fixed": 99123
  },
  "environment": {
    "device": "default.qubit",
    "reset_mode": "swap"
  },
  "architecture": {
    "n_qubits": 6,
    "n_latent": 2,
    "n_trash": 4
  },
  "parameters": {
    "phi": [
      -0.005574108578923714,
      -1.9306441841107456,
      -0.14721197350140844,
      -0.0030648542139342805,
      -1.771870238962679,
      1.0154399046363112,
      -0.0011533966585093125,
      -1.612265143549495,
      -0.26546866189484325,
      0.0003370552587278676,
      -1.211242851912735,
      -0.5628706735520463,
      -2.8299260341946617e-05,
      -1.424950140531924,
      0.1554505771402604,
      0.11611346231276165,
      -1.3806380889315126,
      0.2855860922068993
    ],
    "psi": [
      0.05460744489379144,
      -1.9300443671654128,
      -0.09979040888269908,
      -0.010651085121185304,
      -1.765786465757154,
      1.0203609714479125,
      0.0187484574485194,
      -1.5743576911600172,
      -0.3213912444879215,
      -0.03374033479563685,
      -1.1737310210797782,
      -0.48303535976967443,
      0.02225554310980777,
      -1.4270015746382891,
      0.22209591361316525,
      0.0905957107962734,
      -1.4217802552987322,
      0.2589756329885786
    ]
  },
  "metrics_series": {
    "mse_train_noise": 0.019067164300121137,
    "mse_train_recovered": 0.026688688250718497,
    "delta_train_pct": -39.97198445785113,
    "mse_test_noise": 0.01895794215292774,
    "mse_test_recovered": 0.026708329855632238,
    "delta_test_pct": -40.88200945115543
  }
}