{
  "schema": {
    "name": "half_qae_bundle",
    "version": "1.0"
  },
  "timestamp": "2025-09-02 21:05:33",
  "dataset": {
    "id": "mackey_glass_n100",
    "scale_low": 0.2,
    "scale_high": 0.8,
    "window_size": 4,
    "window_stride": 1
  },
  "run": {
    "tag": "inst3_L1",
    "instance_id": 3,
    "seed": 3,
    "sigma_train": 0.1,
    "sigma_eval": 0.1
  },
  "architecture": {
    "n_qubits": 4,
    "n_layers": 1,
    "n_latent": 3,
    "n_trash": 1,
    "latent_wires": [
      0,
      1,
      2
    ],
    "trash_wires": [
      3
    ]
  },
  "training": {
    "stage1": {
      "lr_init": 0.01,
      "max_epochs": 120,
      "patience": 10,
      "lr_patience": 8,
      "best_val": 0.25813911733781064,
      "final_val": 0.25878119470767186,
      "best_epoch": 81,
      "epochs": 92,
      "train_curve": [
        0.4868912988185131,
        0.4849634247212574,
        0.48324245517723813,
        0.4796331490985537,
        0.47761706908267226,
        0.47362814542202764,
        0.47318120641830835,
        0.4697873147397213,
        0.4659850250378579,
        0.4643078727530856,
        0.4615609221845337,
        0.4587134123988739,
        0.4531661441886613,
        0.45289874204246816,
        0.44655118707281427,
        0.44201257731596166,
        0.4373490047403785,
        0.432645023375235,
        0.4272595533894436,
        0.42285453949343,
        0.4155852675535481,
        0.4124030446462282,
        0.4025426965511522,
        0.39406318817166985,
        0.38864628737322326,
        0.3830749148114463,
        0.37466685047451587,
        0.3699288894705335,
        0.35917193449650947,
        0.35640043045129954,
        0.34749248117892306,
        0.3425781696855975,
        0.33869258465122964,
        0.3324541076787467,
        0.32601762147849644,
        0.32290381791942124,
        0.3236979099578628,
        0.3159280674367667,
        0.30499971507263446,
        0.30544995899004795,
        0.30048675126787444,
        0.29574317522881866,
        0.2953070062998152,
        0.29923506574362274,
        0.29444766496315905,
        0.291041438349521,
        0.2948858345176295,
        0.29208472264273944,
        0.2902852540020705,
        0.2896700118306343,
        0.28896071423975994,
        0.2876886583726461,
        0.2885105422665262,
        0.2859360339344279,
        0.2826264460435271,
        0.27775751770065876,
        0.2801829353383913,
        0.2772146648442081,
        0.28049920352725843,
        0.2793918449520827,
        0.28521724806881776,
        0.27912492906850084,
        0.2792414009052022,
        0.27500152373600195,
        0.27706504909611895,
        0.27631731229842127,
        0.275653163534918,
        0.27321512266759207,
        0.2748301576944513,
        0.2710393699081267,
        0.2731625015664062,
        0.2680837085574334,
        0.2732290414289038,
        0.27629836988290957,
        0.27821097019917707,
        0.26887152043991863,
        0.2710319126767649,
        0.267469351243537,
        0.26582821429176545,
        0.2682715985497418,
        0.26768549946629994,
        0.2717711232885258,
        0.2704850157449521,
        0.2702754051956472,
        0.27149563263349763,
        0.26154628380549133,
        0.2701678822250879,
        0.2724052946404312,
        0.26977282324858143,
        0.2689345646156585,
        0.26897019834448244,
        0.2671244700457599
      ],
      "val_curve": [
        0.49365544045009085,
        0.4923409019443924,
        0.49107309979040314,
        0.48977457295922455,
        0.4884078134530038,
        0.48694037227130604,
        0.4853578766202283,
        0.4835800299583196,
        0.4816206381349602,
        0.47938262432575185,
        0.47690451054865723,
        0.4740762236072437,
        0.4709617263441942,
        0.467387479483382,
        0.4633824140649172,
        0.4589096510864678,
        0.45399697235974423,
        0.4485611542428492,
        0.4426677613501247,
        0.4363204616522526,
        0.4295638779782287,
        0.42240509827708833,
        0.41499948431731015,
        0.4073394168018879,
        0.39947426877334147,
        0.3915584392396014,
        0.3836399535984674,
        0.3758042121604299,
        0.36807202699633873,
        0.36051287276421917,
        0.35324836050115554,
        0.34621044204156387,
        0.3395255400979417,
        0.33315421560446523,
        0.32722983095923863,
        0.3216518976257575,
        0.3165198359133803,
        0.3117772186457956,
        0.3074888171231587,
        0.30357581499928366,
        0.3000338649292338,
        0.29680462447549505,
        0.2939638981987146,
        0.29140232102383945,
        0.2890867994018362,
        0.28703984992207043,
        0.28518164837953475,
        0.2834071547270919,
        0.2818462508382842,
        0.28044598584118824,
        0.27909128141722434,
        0.27776421522883965,
        0.2765686241444627,
        0.27543854345051383,
        0.2743453415504865,
        0.27330605192251906,
        0.2723039401278817,
        0.2712850630418047,
        0.27036802538584725,
        0.26941836244999395,
        0.2685287707644946,
        0.267700834174774,
        0.26683050797607805,
        0.26602854342869275,
        0.26521412354679985,
        0.2645243030457326,
        0.26371223389980425,
        0.26308559754253297,
        0.262386670493314,
        0.2617677265790498,
        0.26121129935268395,
        0.2606727655641768,
        0.2601958625112816,
        0.2598119379833895,
        0.2594514787873348,
        0.2591439983202302,
        0.2589162741325129,
        0.25866342694030403,
        0.25846696834341826,
        0.2583032006907535,
        0.2582063602864435,
        0.25813911733781064,
        0.25815443126311244,
        0.2582116513991179,
        0.2582934886847662,
        0.25837252971953706,
        0.25839077623729345,
        0.25843755831375825,
        0.25862777602018006,
        0.2587135517146603,
        0.2588610601194497,
        0.25878119470767186
      ],
      "lr_curve": [
        0.01,
        0.01,
        0.01,
        0.01,
        0.01,
        0.01,
        0.01,
        0.01,
        0.01,
        0.01,
        0.01,
        0.01,
        0.01,
        0.01,
        0.01,
        0.01,
        0.01,
        0.01,
        0.01,
        0.01,
        0.01,
        0.01,
        0.01,
        0.01,
        0.01,
        0.01,
        0.01,
        0.01,
        0.01,
        0.01,
        0.01,
        0.01,
        0.01,
        0.01,
        0.01,
        0.01,
        0.01,
        0.01,
        0.01,
        0.01,
        0.01,
        0.01,
        0.01,
        0.01,
        0.01,
        0.01,
        0.01,
        0.01,
        0.01,
        0.01,
        0.01,
        0.01,
        0.01,
        0.01,
        0.01,
        0.01,
        0.01,
        0.01,
        0.01,
        0.01,
        0.01,
        0.01,
        0.01,
        0.01,
        0.01,
        0.01,
        0.01,
        0.01,
        0.01,
        0.01,
        0.01,
        0.01,
        0.01,
        0.01,
        0.01,
        0.01,
        0.01,
        0.01,
        0.01,
        0.01,
        0.01,
        0.01,
        0.01,
        0.01,
        0.01,
        0.01,
        0.01,
        0.01,
        0.01,
        0.01,
        0.005,
        0.005
      ],
      "train_seconds": 35.872897148132324
    },
    "stage3": {
      "lr_init": 0.003,
      "max_epochs": 60,
      "patience": 10,
      "plateau_steps": 5,
      "plateau_factor": 0.5,
      "best_val_mse": 0.0029781461227955186,
      "final_val_mse": 0.00299405510727973,
      "best_epoch": 28,
      "epochs": 39,