{
  "schema": {
    "name": "full_qae_bundle",
    "version": "1.0"
  },
  "timestamp": "2025-09-16 03:34:16",
  "dataset": {
    "id": "mackey_glass_tau17_n200",
    "scale_low": 0.2,
    "scale_high": 0.8,
    "window_size": 6,
    "window_step": 2,
    "split": 0.75
  },
  "run": {
    "instance_id": 5,
    "layer": 1,
    "sigma_eval": 0.2,
    "test_seed_fixed": 99123
  },
  "environment": {
    "device": "default.qubit",
    "diff_method": "best",
    "reset_mode": "swap"
  },
  "architecture": {
    "n_qubits": 6,
    "n_latent": 2,
    "n_trash": 4,
    "n_extra": 0,
    "rot": "Rxyz"
  },
  "parameters": {
    "weights": [
      [
        [
          -0.2932868980296142,
          -0.6820623028076466,
          0.30169271777959006
        ],
        [
          -0.5688529408444523,
          -1.0961584931646755,
          0.05620192957383529
        ],
        [
          -0.02324672219563189,
          -0.7586054540640322,
          0.308866381874298
        ],
        [
          0.6009486617240234,
          -0.38900362825813994,
          0.0009781765400081763
        ],
        [
          0.6721239108816212,
          -0.31376221816064986,
          0.0482580481968557
        ],
        [
          -2.0189566279769626,
          0.19632307326655107,
          0.18267182347765953
        ]
      ],
      [
        [
          0.18492204526054318,
          0.285778921871768,
          0.15697890196615238
        ],
        [
          0.01183356346191807,
          -0.6610212798473861,
          0.07024402555760961
        ],
        [
          0.020116288487039224,
          0.7531503532396481,
          0.21004512721035618
        ],
        [
          0.05849132161228477,
          0.9940439544827268,
          0.30117288478110865
        ],
        [
          0.20860216628686745,
          0.9988185556364114,
          0.30898194539203366
        ],
        [
          0.16196839548708825,
          0.9915288397147302,
          0.13298234173190385
        ]
      ]
    ]
  },
  "metrics_series": {
    "mse_train_noise": 0.019067164300121137,
    "mse_train_recovered": 0.015376387512420495,
    "delta_train_pct": 19.356715710878902,
    "mse_test_noise": 0.018957942152927745,
    "mse_test_recovered": 0.015408028038140344,
    "delta_test_pct": 18.725208074543975
  }
}