{
  "schema": {
    "name": "full_qae_bundle",
    "version": "1.0"
  },
  "timestamp": "2025-09-16 02:59:44",
  "dataset": {
    "id": "mackey_glass_tau17_n200",
    "scale_low": 0.2,
    "scale_high": 0.8,
    "window_size": 6,
    "window_step": 2,
    "split": 0.75
  },
  "run": {
    "instance_id": 2,
    "layer": 1,
    "sigma_eval": 0.2,
    "test_seed_fixed": 99123
  },
  "environment": {
    "device": "default.qubit",
    "diff_method": "best",
    "reset_mode": "swap"
  },
  "architecture": {
    "n_qubits": 6,
    "n_latent": 2,
    "n_trash": 4,
    "n_extra": 0,
    "rot": "Rxyz"
  },
  "parameters": {
    "weights": [
      [
        [
          -6.403264075099447e-05,
          -0.6683476056710359,
          0.05874891830265383
        ],
        [
          -0.02613049193527526,
          -1.0133945912560365,
          0.007153431826295403
        ],
        [
          -1.5315379829857137e-05,
          -0.7672659262622958,
          0.19241098708353668
        ],
        [
          0.9554264266090629,
          -0.5391072590242009,
          0.014713768705466259
        ],
        [
          0.9672842878224163,
          -0.4088979719354258,
          0.12996277494220962
        ],
        [
          1.1243411267644594,
          -0.19720881431336917,
          0.2668281407819341
        ]
      ],
      [
        [
          0.3071499408406344,
          0.3388876463264566,
          0.06771842526271775
        ],
        [
          0.24580426649876955,
          -0.5082049978512497,
          0.12351626748983242
        ],
        [
          0.007581660086590568,
          0.8835153306973581,
          0.020365616555187677
        ],
        [
          0.02332880128306974,
          0.9940439544647582,
          0.1285535235786452
        ],
        [
          0.25258273654927393,
          0.998818555633777,
          0.018923163756731767
        ],
        [
          0.06596777807023903,
          0.9915288396767283,
          0.06084931834551427
        ]
      ]
    ]
  },
  "metrics_series": {
    "mse_train_noise": 0.019067164300121137,
    "mse_train_recovered": 0.015324609867956217,
    "delta_train_pct": 19.628269695778222,
    "mse_test_noise": 0.018957942152927745,
    "mse_test_recovered": 0.015323858737175887,
    "delta_test_pct": 19.169187174625037
  }
}