{
  "schema": {
    "name": "full_qae_bundle",
    "version": "1.0"
  },
  "timestamp": "2025-09-16 03:11:15",
  "dataset": {
    "id": "mackey_glass_tau17_n200",
    "scale_low": 0.2,
    "scale_high": 0.8,
    "window_size": 6,
    "window_step": 2,
    "split": 0.75
  },
  "run": {
    "instance_id": 3,
    "layer": 1,
    "sigma_eval": 0.2,
    "test_seed_fixed": 99123
  },
  "environment": {
    "device": "default.qubit",
    "diff_method": "best",
    "reset_mode": "swap"
  },
  "architecture": {
    "n_qubits": 6,
    "n_latent": 2,
    "n_trash": 4,
    "n_extra": 0,
    "rot": "Rxyz"
  },
  "parameters": {
    "weights": [
      [
        [
          0.0003243320740722367,
          -0.6749007585851783,
          0.17394272192087107
        ],
        [
          -0.01973507505594389,
          -1.0113333972031933,
          0.24977991282614667
        ],
        [
          0.1362253044908477,
          -0.7651343417981052,
          0.23214443447486233
        ],
        [
          -0.8288602661904542,
          -0.4555502546281691,
          0.29662432537134203
        ],
        [
          0.8111825019541348,
          -0.337669420928162,
          0.14803150555395114
        ],
        [
          2.0233825377742325,
          0.1900471908698353,
          0.13617820831783675
        ]
      ],
      [
        [
          0.12503879955696628,
          -0.4768855786914517,
          0.29880665671165496
        ],
        [
          0.13869874297676746,
          -0.6160440717262743,
          0.27742287740957217
        ],
        [
          0.20878544297833312,
          0.8845120060482289,
          0.22485989834123304
        ],
        [
          0.0044660109409827824,
          0.9940439544393729,
          0.23571526657325179
        ],
        [
          0.07889068953726411,
          0.9988185555916121,
          0.2600341435239381
        ],
        [
          0.04806653567278828,
          0.9915288396797343,
          0.12676185741666746
        ]
      ]
    ]
  },
  "metrics_series": {
    "mse_train_noise": 0.019067164300121137,
    "mse_train_recovered": 0.015283110537471894,
    "delta_train_pct": 19.84591784644769,
    "mse_test_noise": 0.018957942152927745,
    "mse_test_recovered": 0.015306334393816663,
    "delta_test_pct": 19.261625178802177
  }
}