{
  "schema": {
    "name": "full_qae_bundle",
    "version": "1.0"
  },
  "timestamp": "2025-09-16 03:22:47",
  "dataset": {
    "id": "mackey_glass_tau17_n200",
    "scale_low": 0.2,
    "scale_high": 0.8,
    "window_size": 6,
    "window_step": 2,
    "split": 0.75
  },
  "run": {
    "instance_id": 4,
    "layer": 1,
    "sigma_eval": 0.2,
    "test_seed_fixed": 99123
  },
  "environment": {
    "device": "default.qubit",
    "diff_method": "best",
    "reset_mode": "swap"
  },
  "architecture": {
    "n_qubits": 6,
    "n_latent": 2,
    "n_trash": 4,
    "n_extra": 0,
    "rot": "Rxyz"
  },
  "parameters": {
    "weights": [
      [
        [
          -5.900653730139204e-05,
          -0.6683911521450184,
          0.2764250311931611
        ],
        [
          -0.01010061880854067,
          -1.010672115580728,
          0.14766508697024475
        ],
        [
          -4.727346679389783e-06,
          -0.7602090543976424,
          0.1511115982627296
        ],
        [
          0.7177465029542792,
          -0.4162956847624692,
          0.0585256179984869
        ],
        [
          0.8652769262792678,
          -0.36110812266894504,
          0.08826361191713192
        ],
        [
          1.111364206532872,
          -0.19329634439437499,
          0.1965115341681609
        ]
      ],
      [
        [
          0.2642675692902751,
          -0.5091652462193931,
          0.13489589939502572
        ],
        [
          0.11212425099325003,
          -0.6396522243593582,
          0.2685378382934113
        ],
        [
          0.07296114292117077,
          0.8872085201179646,
          0.28769530120135134
        ],
        [
          0.2934018069544557,
          0.9940439544327525,
          0.2735437068262279
        ],
        [
          0.0847662857944825,
          0.9988185555968572,
          0.23743782613546688
        ],
        [
          0.056289400685612674,
          0.9915288397081478,
          0.004053816169500073
        ]
      ]
    ]
  },
  "metrics_series": {
    "mse_train_noise": 0.019067164300121137,
    "mse_train_recovered": 0.015326667926910825,
    "delta_train_pct": 19.617475961994767,
    "mse_test_noise": 0.018957942152927745,
    "mse_test_recovered": 0.015352147259461924,
    "delta_test_pct": 19.019969912235258
  }
}