{
  "schema": {
    "name": "full_qae_bundle",
    "version": "1.0"
  },
  "timestamp": "2025-09-16 02:48:20",
  "dataset": {
    "id": "mackey_glass_tau17_n200",
    "scale_low": 0.2,
    "scale_high": 0.8,
    "window_size": 6,
    "window_step": 2,
    "split": 0.75
  },
  "run": {
    "instance_id": 1,
    "layer": 1,
    "sigma_eval": 0.2,
    "test_seed_fixed": 99123
  },
  "environment": {
    "device": "default.qubit",
    "diff_method": "best",
    "reset_mode": "swap"
  },
  "architecture": {
    "n_qubits": 6,
    "n_latent": 2,
    "n_trash": 4,
    "n_extra": 0,
    "rot": "Rxyz"
  },
  "parameters": {
    "weights": [
      [
        [
          7.120311100717524e-05,
          -0.6685606432393189,
          0.2731840883003438
        ],
        [
          -0.3476697109013903,
          -1.0520201320967517,
          0.0047097115152443525
        ],
        [
          0.37326340008155795,
          -0.7924179719974243,
          0.027122650667760727
        ],
        [
          0.7639029092980377,
          -0.43230637277030187,
          0.2817513312432836
        ],
        [
          0.9401382633438875,
          -0.3936975225055988,
          0.07792492550974206
        ],
        [
          2.0730359937593144,
          0.1720423545111142,
          0.2073063817510682
        ]
      ],
      [
        [
          0.20707147487278402,
          -0.275033376710183,
          0.2028009816102101
        ],
        [
          0.26579747669458564,
          -0.5640778082499729,
          0.022715250251626993
        ],
        [
          0.27425337002508443,
          0.8438811176498873,
          0.16906226750516118
        ],
        [
          0.26429610163833406,
          0.9940439544316095,
          0.1720311736684136
        ],
        [
          0.0829263818584113,
          0.9988185555880272,
          0.21088146898838597
        ],
        [
          0.09623490299317991,
          0.9915288396722071,
          0.14301587462131302
        ]
      ]
    ]
  },
  "metrics_series": {
    "mse_train_noise": 0.019067164300121137,
    "mse_train_recovered": 0.015294678257347065,
    "delta_train_pct": 19.785249570383712,
    "mse_test_noise": 0.018957942152927745,
    "mse_test_recovered": 0.015316806796699127,
    "delta_test_pct": 19.206384990821924
  }
}