{
  "schema": {
    "name": "half_qae_bundle",
    "version": "1.0"
  },
  "timestamp": "2025-09-20 15:10:30",
  "dataset": {
    "id": "mackey_glass_tau30_n200",
    "scale_low": 0.2,
    "scale_high": 0.8,
    "window_size": 4,
    "window_step": 2,
    "split": 0.75
  },
  "run": {
    "instance_id": 3,
    "layer": 3,
    "sigma_eval": 0.2,
    "test_seed_fixed": 99123
  },
  "environment": {
    "device": "default.qubit",
    "reset_mode": "none"
  },
  "architecture": {
    "n_qubits": 4,
    "n_latent": 3,
    "n_trash": 1
  },
  "parameters": {
    "phi": [
      0.4513147428351779,
      0.06013793045400278,
      0.6113810032344613,
      0.26258306078595484,
      -1.0428684507136228,
      0.13492093601051397,
      -0.3517257185007874,
      0.7107501863577641,
      0.20365328087375398,
      0.8391306411518229,
      -0.4363256848982358,
      -0.5921960855764361,
      -1.7809839112697277,
      -0.047474440935588426,
      0.010054882634696944,
      -0.23721766258049176,
      -0.03953944721976261,
      0.3048714364066474,
      0.5435874548914207,
      -0.8893526551102693,
      -0.5682238977322719,
      0.5080535288317811,
      -0.13175840843681688,
      -0.22866533513300055,
      -0.5532820109366423,
      -0.31035568006534636,
      -0.2751515446109849,
      -0.15371773033724415,
      0.2948587959151014,
      0.06747013029296044,
      1.8539273796655562,
      -1.2220556941413254,
      0.4446463606473205,
      1.2144270703881528,
      -0.09041677895967212,
      -0.4020593113906857
    ],
    "psi": [
      0.017509931956539437,
      -0.008810839131929309,
      0.02495063285562767,
      -0.0003472720673175878,
      -0.14588480512303745,
      -0.01885537462401381,
      -0.042413567284131676,
      0.03893244452876434,
      -0.012228600458905893,
      0.07942664953021167,
      -0.12153798145447496,
      0.03155631167013762,
      -0.12429480628351136,
      -0.054828414533635905,
      -0.02835390054299857,
      -0.0560686410003888,
      0.03378407836933849,
      0.011764074928958316,
      0.007117245755692749,
      -0.027827191455045662,
      0.025889810556711298,
      0.1289633605959635,
      0.037512119013512375,
      0.04100013675133708,
      -0.03949702304674159,
      -0.049716762593634944,
      0.013405990547311392,
      0.05009614881113219,
      -0.041773384813284284,
      -0.021285506890915615,
      0.07410935212713657,
      -0.03736481459692156,
      0.036747378433373494,
      0.029934067083770586,
      -0.02519896291091315,
      0.03829158439267488
    ]
  },
  "metrics_series": {
    "mse_train_noise": 0.019268069867485593,
    "mse_train_recovered": 0.02511092215039696,
    "delta_train_pct": -30.324014408786425,
    "mse_test_noise": 0.018957942152927745,
    "mse_test_recovered": 0.0236211096892703,
    "delta_test_pct": -24.597435200119566
  }
}