{
  "schema": {
    "name": "half_qae_bundle",
    "version": "1.0"
  },
  "timestamp": "2025-09-20 15:10:21",
  "dataset": {
    "id": "mackey_glass_tau30_n200",
    "scale_low": 0.2,
    "scale_high": 0.8,
    "window_size": 4,
    "window_step": 2,
    "split": 0.75
  },
  "run": {
    "instance_id": 1,
    "layer": 3,
    "sigma_eval": 0.2,
    "test_seed_fixed": 99123
  },
  "environment": {
    "device": "default.qubit",
    "reset_mode": "none"
  },
  "architecture": {
    "n_qubits": 4,
    "n_latent": 3,
    "n_trash": 1
  },
  "parameters": {
    "phi": [
      0.617612078844151,
      -0.6001804047572226,
      0.19790118572049428,
      0.3262506012375499,
      -0.10532918575313509,
      -0.37475243765862065,
      0.04756472178237769,
      -0.0361048204480268,
      -0.2566497226871618,
      1.00717804507444,
      0.14360302454083546,
      -0.07431142118343094,
      -0.8039953610511338,
      -0.020037368028324287,
      0.03915902469617965,
      0.2075254156272664,
      -0.35655003825405823,
      -0.07747494715381689,
      0.8765333253515445,
      1.2421315963010298,
      0.7221136065854408,
      -0.5445989601634722,
      -0.783404927656253,
      -0.04210673856448926,
      -0.6641841677107229,
      0.04791223827413526,
      0.11465073319183816,
      -0.7237027095305352,
      -0.09048794622288511,
      0.015698431886426143,
      0.13272717535835712,
      -1.0566757263923263,
      -1.3789672754146252,
      1.004923465825268,
      -0.044319012580377466,
      0.6862495092483686
    ],
    "psi": [
      0.08022736502760408,
      -0.09324514388565161,
      0.04918018398650602,
      -0.00037550789273267985,
      -0.04779515522509984,
      -0.06411576380671898,
      0.008649210663348308,
      -0.04228736875633761,
      -0.04909560563262186,
      0.07560102743792627,
      0.006574456848273658,
      -0.02261992745394365,
      -0.0753168988909076,
      -0.009503886040517783,
      0.07514456538060897,
      0.01656449605640474,
      -0.014751386837803082,
      0.028362438534360056,
      0.02865788117513923,
      -0.030252246578116298,
      0.04064221402359845,
      -0.057929790241539124,
      -0.02401562251494468,
      -0.04960709094322048,
      -0.04681726776704543,
      0.015572193846289342,
      0.01974448969250748,
      -0.02975618530034607,
      -0.027268631075643857,
      -0.02254498581107903,
      -0.00018677156311494347,
      -0.01749140855563688,
      0.037145644175354195,
      0.007232905123460403,
      0.014048143146413842,
      -0.04610720624759672
    ]
  },
  "metrics_series": {
    "mse_train_noise": 0.019268069867485593,
    "mse_train_recovered": 0.026874977251942014,
    "delta_train_pct": -39.47934295843973,
    "mse_test_noise": 0.018957942152927745,
    "mse_test_recovered": 0.024410938883645407,
    "delta_test_pct": -28.76365317886327
  }
}