{"psi_stage3_params": [-0.6149001762377053, 0.7745008994199976, -1.2203187064384395, 0.8619804924737492, -0.3636874690971648, 0.11788030636961182, 0.37527820224096653, 1.1723749765930722, -0.6303720532489844, -0.20464484021712995, -0.01676127919522531, 0.16083515886423497, 0.1915130167888545, 0.6866782318373684, -0.14445857748278504, -0.1385288850854289, 0.5129044541708401, -0.7130725565611272, -0.07360394743885018, -0.6330807697239873, 1.4060490112003385, 0.2965601174587808, -0.6490474729606913, 0.23334481074750735, -0.6519063948905713, 1.3312101244476515, 0.033693807068128544, 0.30168206471374354, -0.9911591498078954, -0.7277335703666744, -1.3145205740880845, 0.6664239584857362, 0.08162184446024577, 0.43617391922993826, -0.24040432056252453, 0.11166237514414473], "noise_level": 0.1, "hist_train": [0.003120088282918933, 0.003284896746301014, 0.0034826179077501315, 0.0034515108698011778, 0.0028045380974811764, 0.0030244390069882076, 0.0037253350808933673, 0.003407152398086343, 0.0035872688630007006, 0.0036459208597841106, 0.0032418886128295485, 0.002959410480146629, 0.0034994764480725995, 0.00326249635126583, 0.002819463733742303, 0.0030634749402426937, 0.0033198306398462872, 0.0038696444566676926, 0.0032587607254851835, 0.00392590810750526, 0.0033044083370041785, 0.003592508197691739, 0.0028107743086315047, 0.0034269547647326924], "hist_valZ": [0.05580339455829838, 0.051614844283972304, 0.048162557072044185, 0.05307678613726332, 0.07236545837921077, 0.059303101064889084, 0.059689445152115585, 0.052843678813651485, 0.06806943525202362, 0.054484514465981716, 0.05569486934676902, 0.045885432359098303, 0.06634080164811908, 0.06192879610354849, 0.05971580351616816, 0.071753668965493, 0.049542425551306835, 0.06754298640319553, 0.0693530632059143, 0.05591076467506871, 0.05137098028034494, 0.05840006781071623, 0.07050000821130212, 0.07206309430505278], "hist_noisyZ": [0.05582277474014452, 0.05156317857371482, 0.04794116793821547, 0.05361746689877882, 0.07266972067964553, 0.059235968442350365, 0.059686463225589514, 0.05266668427366753, 0.06627876796976012, 0.05413459524394639, 0.055381548757916066, 0.04872097769638112, 0.06609937728023305, 0.06051353043290688, 0.06315774889044286, 0.0732232364430451, 0.04899176722286465, 0.06916862656264625, 0.07008085973943887, 0.05701753237747305, 0.05187523175550057, 0.06137037484401605, 0.07091383694882337, 0.07512950638052136], "hist_deltaZ": [0.034717338821577126, -0.10019884670924295, -0.4617933674749608, 1.008404150341935, 0.41869199109221267, -0.11333084324274267, -0.004995984625200123, -0.336065469897906, -2.701720833254617, -0.6463874357210742, -0.5657490551998379, 5.819968053501179, -0.365244542111931, -2.3387590519293067, 5.449759427374934, 2.0069687560111737, -1.1239813537185395, 2.350256525591654, 1.0385097103981167, 1.9411006689612709, 0.9720466937522043, 4.839968862581323, 0.5835655710181187, 4.081501693805356], "hist_lr3": [0.0015, 0.0015, 0.0015, 0.0015, 0.0015, 0.0015, 0.0015, 0.0015, 0.0015, 0.0015, 0.0015, 0.00075, 0.00075, 0.00075, 0.00075, 0.00075, 0.00075, 0.00075, 0.00075, 0.00075, 0.000375, 0.000375, 0.000375, 0.000375]}