{
  "model_type": "noisy_encoder_qae",
  "creation_date": "2024-08-18",
  "data_source": "mackey_glass",
  "n_qubits": 4,
  "n_latent": 2,
  "n_trash": 2,
  "n_layers": 3,
  "n_epochs": 50,
  "batch_size": 10,
  "learning_rate": 0.01,
  "noise_level": 0.05,
  "wind_size": 4,
  "wind_step": 1,
  "enc_params": [
    0.6762181815162345,
    -0.27450059769337587,
    -0.8726956471693484,
    -0.048169675891393184,
    -0.14474050659187812,
    -0.277273015023019,
    1.1732392721978169,
    1.6492203780094579,
    -0.23137320331824032,
    0.5727508390945303,
    -0.10109094460479673,
    -0.29962523471722347,
    0.18236794509518384,
    -0.33293874947351143,
    -0.1896836415064389,
    -1.0562184201657288,
    0.2597164212419141,
    -0.13152041941422593,
    -0.6220739672965788,
    -0.5189813019976276,
    -1.2851096570584506,
    -0.22976915533036557,
    -0.7847935161360958,
    0.24401178460450632,
    -0.11699559832551266,
    0.28750540880968256,
    -0.48044253932841574,
    0.6339224977995475,
    -0.10920092460964609,
    -0.213694905297699,
    -0.28943451432063494,
    -0.8942363513476848,
    0.4901201302130904,
    0.6417114253712968,
    0.00374523608096892,
    0.34304244386550514,
    -0.21072266460806205,
    -0.3553798523585053,
    0.5356496157370614
  ],
  "param_shape": [
    39
  ],
  "final_train_cost": 0.022985001955974544,
  "final_val_cost": 0.00613200372717815,
  "avg_train_cost_recent": 0.030200722715428598,
  "overall_readiness_score": 0.975,
  "latent_quality_metrics": {
    "stability": 0.9753141794200331,
    "info_preservation": 0.7267956935288818,
    "noise_robustness": 0.991034652622319,
    "overall_quality": 0.9054747756133735
  },
  "train_costs": [
    0.07336328935174415,
    0.060570996128142394,
    0.06167208224927864,
    0.050951032181212455,
    0.05938901484835386,
    0.053057309611338976,
    0.05175375475172157,
    0.05080659058705588,
    0.043946456458460376,
    0.04459089508206189,
    0.047160773967482084,
    0.04996276225175797,
    0.04886598730395954,
    0.051992737406669376,
    0.04727539645796585,
    0.04646347212000415,
    0.04350717379133095,
    0.039746246689472166,
    0.04091012096895788,
    0.05012596642504524,
    0.04301071363295313,
    0.04154125485859782,
    0.042982624238588577,
    0.046573257357535015,
    0.043778809627846194,
    0.039034222278997395,
    0.03871867771884186,
    0.033183532138444105,
    0.03518986861741605,
    0.03782789453564958,
    0.031697674971836474,
    0.03634659306029924,
    0.03794715256110416,
    0.040407449572931034,
    0.03519230080246046,
    0.03482956131666409,
    0.03540876967650142,
    0.031420919944197954,
    0.03142692685911816,
    0.02941428082987287,
    0.027735274197194848,
    0.038179913473381254,
    0.030855305802427246,
    0.023793765172520305,
    0.030098248049654188,
    0.02981555388220896,
    0.03320046782517632,
    0.025013039638054277,
    0.04033065715769403,
    0.022985001955974544
  ],
  "val_costs": [
    0.009366820631588437,
    0.01623268516963366,
    0.017211805984478183,
    0.010843995357542834,
    0.007352632650820247,
    0.012410695912949613,
    0.011088405887502978,
    0.009395951724834593,
    0.006646785137326046,
    0.00613200372717815
  ],
  "data_info": {
    "data_name": "mackey_glass",
    "major_version": 6,
    "minor_version": 0,
    "samples": 100,
    "scale_margin": 0.2,
    "scale_low": 0.2,
    "scale_high": 0.8,
    "mackey_glass_beta": 0.25,
    "mackey_glass_gamma": 0.1,
    "mackey_glass_n": 10,
    "mackey_glass_tau": 15,
    "mackey_glass_dt": 1.0,
    "mackey_glass_T": 300
  },
  "training_samples": 72,
  "test_samples": 25,
  "architecture_type": "improved_half_qae_unified",
  "use_adaptive_entanglement": true,
  "use_cross_connections": true,
  "xavier_initialization": true,
  "qae_readiness": {
    "status": "READY",
    "score": 0.975,
    "recommendation": "Ready for full QAE training"
  },
  "notes": {
    "innovation": "Standalone encoder with noise robustness training",
    "training_method": "Non-trivial cost with sensitivity penalty",
    "parameter_efficiency": "39 trainable parameters",
    "next_step": "Combine with trained decoder for full QAE"
  }
}