{
  "encoder_stage1_params": [
    -0.5869964319376697,
    0.7775679686916251,
    -1.2273712854161638,
    0.8847776336343951,
    -0.367845213577532,
    0.11443901762613935,
    0.40455850853711056,
    1.1674443699431867,
    -0.6537027657283676,
    -0.17848075079286294,
    -0.022700974504133786,
    0.1667325015479038,
    0.20869830891577146,
    0.6920012640348524,
    -0.16038428673248822,
    -0.1339753801276599,
    0.49046401887452284,
    -0.7144637403644996,
    -0.08189795260742468,
    -0.619028517882612,
    1.395971658499114,
    0.31464904372269137,
    -0.645320445294304,
    0.2531385754318049,
    -0.6300424884266299,
    1.3378861883380326,
    0.016977653935004142,
    0.29032338026587357,
    -0.9798629792543249,
    -0.7410339587654612,
    -1.309863385720453,
    0.6601661904204188,
    0.07473728710883115,
    0.42477738476546784,
    -0.2439256949778645,
    0.13198780078212313
  ],
  "n_qubits": 4,
  "n_latent": 2,
  "n_layers": 3,
  "trash_wires": [
    2,
    3
  ],
  "signal_wires": [
    0,
    1,
    2,
    3
  ],
  "train_history": [
    0.5114392403072385,
    0.4914640617310441,
    0.47084433557984,
    0.45119825266436975,
    0.430629613681428,
    0.4124433993551392,
    0.3937753543466248,
    0.37524320487419355,
    0.36266064035223544,
    0.3486101232604407,
    0.33982322078955796,
    0.3306248410008593,
    0.3226236820969184,
    0.3128380169503908,
    0.30734376944580993,
    0.3017859138842396,
    0.2947676537376201,
    0.2900371050876642,
    0.28317765476841816,
    0.27938203796857075,
    0.2753352210933002,
    0.26992648163662525,
    0.26578403488881186,
    0.26099267858710273,
    0.25786567163124796,
    0.2522909732889408,
    0.25044080278352243,
    0.24792586459178845,
    0.24219056368134864,
    0.24018008310450467,
    0.2365287192534252,
    0.23306637822351933,
    0.23017766045127602,
    0.22855760357635593,
    0.22487664643159794,
    0.21949687714266475,
    0.2170346828837867,
    0.21447457502309475,
    0.21173391783535267,
    0.21032070837466213,
    0.20563087665264065,
    0.20324260485559056,
    0.20143670009427678,
    0.19637305512780154,
    0.1970402627592925,
    0.19255652105378313,
    0.18929514546249185,
    0.18645352140244026,
    0.1834648511847333,
    0.17996423084098034,
    0.17577611766224166,
    0.17459489434654968,
    0.16981166729752506,
    0.1669283339857605,
    0.16577408382707767,
    0.16368515846832982,
    0.16080563481838234,
    0.15667537926338013,
    0.15559682646258421,
    0.15347846540450366,
    0.15222400369899958,
    0.15005172407843534,
    0.1499053071590073,
    0.14708484491216228,
    0.14625850454806155,
    0.14305865205115081,
    0.14428644666257032,
    0.14361609967356348,
    0.13939267869197652,
    0.1397556024669933,
    0.1396745024834859,
    0.1358895213877231,
    0.1352881637929539,
    0.13341216160855507,
    0.13504472368523654,
    0.13283666635655594,
    0.1296699215127698,
    0.13099265552965442,
    0.13088168166815228,
    0.1281175080394515,
    0.12781947166162486,
    0.12568641275354694,
    0.12717553134943288,
    0.1243313444352237,
    0.12440618340372707,
    0.12427805776079144,
    0.12370605873322907,
    0.1222136313613328,
    0.12105465342602464,
    0.12099778689423511,
    0.12062891549387433,
    0.12031897374522202,
    0.11803101018813757,
    0.11932557045155803,
    0.11966697055857811,
    0.11912194912644475,
    0.11757634959663851,
    0.1165577146050242,
    0.11797869784917804,
    0.11817683376544383,
    0.11942543050194972,
    0.11814983993973331,
    0.11686515191265087,
    0.11601243741203418,
    0.11538615504482769,
    0.11572747078909973,
    0.11540232680555867,
    0.11416265805813362,
    0.11500820628293068,
    0.11515980337838967,
    0.11175068563341325,
    0.11322027909976368,
    0.11277083551345818,
    0.11217675154541885,
    0.11103450299687775,
    0.11260194674117524,
    0.11172532238799021,
    0.11193444650437467,
    0.1097628867242294,
    0.10971089880048362
  ],
  "val_history": [
    0.5033172478833029,
    0.4825247606341576,
    0.462069190213292,
    0.4419960290737549,
    0.4224977256473063,
    0.4038358644526747,
    0.38639535721100404,
    0.3705680162568742,
    0.35614496868182516,
    0.3432966519483525,
    0.33195399714458584,
    0.32200962592526156,
    0.31314149853808354,
    0.30522099859493085,
    0.29802330326750703,
    0.29137921146176193,
    0.2852852424396183,
    0.2796613889692644,
    0.27444436124634114,
    0.2695701583459179,
    0.2649404372932166,
    0.26054123240342586,
    0.2562745183316138,
    0.252088084233526,
    0.24795676129203548,
    0.2438501020443299,
    0.2396495863631299,
    0.23533164809376822,
    0.23113967002610175,
    0.22701043016936126,
    0.22300108013045533,
    0.21927197649452196,
    0.21575088752059676,
    0.21252464257622994,
    0.2095041373006969,
    0.20669681371741172,
    0.20386206101466214,
    0.20112117038491925,
    0.19838544880857037,
    0.1957035440646704,
    0.19297838719810823,
    0.19018116422600842,
    0.18746416898112278,
    0.18465177889353124,
    0.18182319313942136,
    0.17916919646286553,
    0.176314773481194,
    0.17354847024092987,
    0.17070558754929158,
    0.16789410959576553,
    0.16511777615612472,
    0.16235576250051556,
    0.15970388918966025,
    0.15719574233662661,
    0.15454368320742146,
    0.15209217583222517,
    0.14963404767296884,
    0.14718275544968287,
    0.1449237218411248,
    0.1427314404880814,
    0.14071765829987012,
    0.13866450747831824,
    0.1369320842425153,
    0.1355183174573762,
    0.1340640034908899,
    0.13251298411232543,
    0.1310089115894651,
    0.129733828866256,
    0.12855693138485982,
    0.127118329176629,
    0.1256669581369838,
    0.12446623751409325,
    0.12322235954697176,
    0.12209014145814175,
    0.12080020164937191,
    0.11982330875139369,
    0.11871738621940957,
    0.11776191706976424,
    0.11668956583960513,
    0.11593592505378544,
    0.115000448750853,
    0.11410745481354734,
    0.11317540070625338,
    0.11226675421686985,
    0.11136945989849764,
    0.1104076813872649,
    0.10990330797299594,
    0.10956378271803677,
    0.10923879128083638,
    0.1089120514632204,
    0.1082847052682923,
    0.10774154300583698,
    0.10714956883508756,
    0.10655098492838193,
    0.10602993652673787,
    0.10559014751277403,
    0.10516254786636281,
    0.10446344095490767,
    0.1038844768927393,
    0.10365510718626288,
    0.10309004068024881,
    0.10251646083942864,
    0.10216922601227192,
    0.10169119265663358,
    0.1014748843831395,
    0.10147713567426882,
    0.1014071038942798,
    0.101050569248372,
    0.10042291312654554,
    0.10016786437872797,
    0.09987940327666738,
    0.09962822135937047,
    0.09923517987400367,
    0.09897880977212295,
    0.09836355297164454,
    0.09785890362447458,
    0.09736163365257836,
    0.09703713232570488,
    0.09667893860774908,
    0.09620605183921867
  ],