{
  "model_type": "full_denoising_qae",
  "creation_date": "2025-08-18",
  "data_source": "mackey_glass",
  "architecture_name": "Jacob_Full_QAE_Improved",
  "architecture": {
    "n_qubits": 4,
    "n_latent": 2,
    "n_trash": 2,
    "n_layers": 3,
    "encoder_type": "improved_half_qae_unified",
    "decoder_type": "trained_half_qae",
    "task": "denoising"
  },
  "model_parameters": {
    "encoder_params": [
      0.6762181815162345,
      -0.27450059769337587,
      -0.8726956471693484,
      -0.048169675891393184,
      -0.14474050659187812,
      -0.277273015023019,
      1.1732392721978169,
      1.6492203780094579,
      -0.23137320331824032,
      0.5727508390945303,
      -0.10109094460479673,
      -0.29962523471722347,
      0.18236794509518384,
      -0.33293874947351143,
      -0.1896836415064389,
      -1.0562184201657288,
      0.2597164212419141,
      -0.13152041941422593,
      -0.6220739672965788,
      -0.5189813019976276,
      -1.2851096570584506,
      -0.22976915533036557,
      -0.7847935161360958,
      0.24401178460450632,
      -0.11699559832551266,
      0.28750540880968256,
      -0.48044253932841574,
      0.6339224977995475,
      -0.10920092460964609,
      -0.213694905297699,
      -0.28943451432063494,
      -0.8942363513476848,
      0.4901201302130904,
      0.6417114253712968,
      0.00374523608096892,
      0.34304244386550514,
      -0.21072266460806205,
      -0.3553798523585053,
      0.5356496157370614
    ],
    "decoder_params": [
      0.16905130198574853,
      -0.010081047395583801,
      -0.2371349724258985,
      0.39712674410560256,
      0.4118950363702672,
      -0.1342457492092978,
      1.171990537334668,
      -0.21674575284452646,
      -0.08698968139326405,
      0.5012204249533905,
      0.48286318865068495,
      0.06167946963180038
    ],
    "encoder_param_shape": [
      39
    ],
    "decoder_param_shape": [
      12
    ],
    "total_parameters": 51
  },
  "performance_metrics": {
    "encoder_quality_score": 0.975,
    "decoder_reconstruction_error": 0.0014579791571634635,
    "test": {
      "mse_improvement_pct": -1297.9285784794147,
      "overall_improvement": -1297.9285784794147,
      "overall_success_rate": 12.5,
      "noise_robustness": -12.31019611824483,
      "test_samples": 20,
      "noise_levels_tested": [
        0.05,
        0.1,
        0.15,
        0.2
      ]
    },
    "detailed_test_results": {
      "noise_0.05": {
        "avg_improvement": -3564.8649754404223,
        "std_improvement": 3021.8215700408446,
        "success_rate": 0.0,
        "excellent_rate": 0.0,
        "mse_improvement_pct": -3564.8649754404223,
        "improvements": [
          -2495.352023813128,
          -2940.464725168389,
          -1853.7242352413814,
          -9025.95507871212,
          -2601.109104484833,
          -4430.14975500973,
          -7540.000648859208,
          -1892.7967735392972,
          -1524.1316045922463,
          -1587.508277926201,
          -5246.910906533447,
          -11220.92027442787,
          -2015.3771266272367,
          -419.4141558185971,
          -8438.918681731133,
          -1083.937181400182,
          -2018.5899239990981,
          -1635.7101031372213,
          -2887.3188535868094,
          -439.0100742003093
        ]
      },
      "noise_0.1": {
        "avg_improvement": -748.152089595291,
        "std_improvement": 678.1287870083323,
        "success_rate": 0.0,
        "excellent_rate": 0.0,
        "mse_improvement_pct": -748.152089595291,
        "improvements": [
          -387.02619640585294,
          -647.6873007832813,
          -1951.536706036649,
          -290.834618274249,
          -1690.528562700656,
          -130.48773123055142,
          -1476.129389869902,
          -842.0243907283998,
          -392.46961687344253,
          -1155.967195727705,
          -645.7921424410398,
          -78.50791981986318,
          -0.6598882984172841,
          -136.66262991308633,
          -317.1488053174856,
          -480.07775707854205,
          -13.732900151779717,
          -820.0210462554496,
          -2489.6115511820076,
          -1016.1354428174595
        ]
      },
      "noise_0.15": {
        "avg_improvement": -731.6489303730526,
        "std_improvement": 1975.4439117460338,
        "success_rate": 5.0,
        "excellent_rate": 5.0,
        "mse_improvement_pct": -731.6489303730526,
        "improvements": [
          -182.24129776773069,
          -294.89132530681,
          -9278.50227557194,
          -257.3093975980012,
          -285.0630510993967,
          -1063.0003656975891,
          -380.60911043970316,
          -305.9945204538295,
          -97.86185885686632,
          -267.15777003181597,
          -180.0631417481997,
          -28.17199436660815,
          -354.6875273718038,
          29.42258138916379,
          -200.98623834308893,
          -25.249457483992245,
          -622.6715590085107,
          -482.52734891430185,
          -2.372759866806598,
          -353.0401889232204
        ]
      },
      "noise_0.2": {
        "avg_improvement": -147.04831850889298,
        "std_improvement": 281.9557951070041,
        "success_rate": 45.0,
        "excellent_rate": 25.0,
        "mse_improvement_pct": -147.04831850889298,
        "improvements": [
          -51.00705595082894,
          -1192.0768801175093,
          -125.6851425779328,
          -302.5331749380983,
          -427.4638693650049,
          -373.21978338441903,
          65.98746715974936,
          -110.77308130278351,
          3.8890776348680016,
          5.776141829825567,
          27.819590686776802,
          68.37670706618944,
          23.52777143694524,
          -55.568033813393335,
          4.813754209533556,
          12.599215568079869,
          36.329575754873176,
          -283.5251080154948,
          -247.75674211851899,
          -20.476799940716326
        ]
      }
    }
  },
  "training_history": {
    "encoder_training": {
      "final_cost": 0.022985001955974544,
      "readiness_score": 0.975
    },
    "decoder_training": {
      "final_cost": 0.0017042005104804072,
      "reconstruction_error": 0.0014579791571634635
    }
  },
  "data_info": {
    "data_name": "mackey_glass",
    "major_version": 6,
    "minor_version": 0,
    "samples": 100,
    "scale_margin": 0.2,
    "scale_low": 0.2,
    "scale_high": 0.8,
    "mackey_glass_beta": 0.25,
    "mackey_glass_gamma": 0.1,
    "mackey_glass_n": 10,
    "mackey_glass_tau": 15,
    "mackey_glass_dt": 1.0,
    "mackey_glass_T": 300
  },
  "test_data_info": {
    "total_windows": 20,
    "window_size": 4,
    "window_step": 1,
    "data_range": [
      0.23001039,
      0.7890733
    ]
  },
  "component_models": {
    "encoder_source": "encoder_trained_0818_14.json",
    "decoder_source": "half_qae_trained_1408_1.json",
    "encoder_architecture": "improved_half_qae_unified",
    "decoder_architecture": "half_qae_trained"
  },
  "framework_compatibility": {
    "parameter_mapping": {
      "encoder_params": "model_parameters.encoder_params",
      "decoder_params": "model_parameters.decoder_params",
      "performance_metric": "performance_metrics.test.mse_improvement_pct"
    },
    "circuit_type": "full_denoising_qae",
    "supports_denoising": true,
    "supports_compression": true
  },
  "quality_assessment": {
    "overall_score": -3.668581254650437,
    "encoder_readiness": "READY",
    "decoder_quality": "EXCELLENT",
    "denoising_performance": "MODERATE",
    "recommended_use": "Research use"
  }
}