{
  "n_qubits": 4,
  "n_latent": 2,
  "n_trash": 2,
  "n_layers": 2,
  "n_epochs": 100,
  "batch_size": 8,
  "learning_rate": 0.01,
  "enc_params": [
    -0.05432867400001269,
    0.042311427835839105,
    0.5279041352255573,
    1.0834296468266498,
    0.34563126915670966,
    -0.13402781866093263,
    -1.0236776057747683,
    -0.16846722950255788,
    -0.22245489987235237,
    -0.546912286451753,
    0.021350961029045986,
    -0.2156426094594809,
    -1.3425547815784271,
    1.5189545060666547,
    -0.20025979295197965,
    0.8086885940922075,
    -0.31100754319785323,
    0.5257225234029136,
    0.6872064452495581,
    0.6391364489626425,
    0.33822323306816277,
    0.9326059435040129,
    0.010060045631043749,
    0.7782831550830501
  ],
  "dec_params": [
    -0.36987947722719366,
    1.3054621728690219,
    -0.802155696979184,
    0.117440389922662,
    -0.3301413666680168,
    0.8786717642712969,
    0.001746854616971499,
    -1.142405253717569,
    0.7481521300522086,
    0.72642566940828,
    0.5967390102579812,
    -0.31967671404334236,
    -0.40076342039188684,
    -0.18115245344023875,
    0.193066018495037,
    1.672295153282989,
    -0.47700163455893774,
    0.08275824537844279,
    0.07551731574039934,
    -0.24891976452062686,
    -0.2760207733064771,
    1.4279011701121183,
    -0.274340913073311,
    0.24362155256525764
  ],
  "train_costs": [
    0.03942831858865214,
    0.032521674401046544,
    0.025619120928278317,
    0.019318583792969586,
    0.015233905872545379,
    0.014054775585107052,
    0.012742706693812424,
    0.008822225977962613,
    0.008125391973668782,
    0.006567691400712227,
    0.006342676141506439,
    0.006699855447224727,
    0.0048150555406318105,
    0.004779939178369324,
    0.004196039529391576,
    0.0037934836494781256,
    0.003739241545053038,
    0.004036907832469062,
    0.0029333807453783365,
    0.00266776398169599,
    0.002652166077983054,
    0.0024310255636299286,
    0.0022989806284483168,
    0.002071804627199342,
    0.002057236230021623,
    0.0018988779151505846,
    0.0017797500663624551,
    0.0025830892530780527,
    0.0015159325342965658,
    0.0014665536424425822,
    0.0015607134642285567,
    0.0015800549278873817,
    0.0012556032928165725,
    0.0013277331111399007,
    0.0012216126382208572,
    0.001432229039808157,
    0.0010915686287073921,
    0.0010515353266661585,
    0.0012576063616913514,
    0.0011188597048721785,
    0.0011256668828689015,
    0.0009116039982854416,
    0.0008743340600209405,
    0.0008630541603747418,
    0.0008358962257218931,
    0.0009151553464260416,
    0.0008592643805752731,
    0.0008823660352435527,
    0.000825007763667792,
    0.0007878507580694095,
    0.000816089639579363,
    0.000869288782117117,
    0.0007341121179442516,
    0.0007734698918714638,
    0.0007300420640344316,
    0.0007715817053495506,
    0.0006823173446221594,
    0.0006640548727442374,
    0.0006418131010352202,
    0.0006620729628501795,
    0.0006309067076003915,
    0.0006209451083813558,
    0.0007627998499612549,
    0.0006107060310121982,
    0.0007008248753616051,
    0.0006296117598288301,
    0.0006826569247596039,
    0.0006197139980155263,
    0.0005644511359687364,
    0.0006396393436906881,
    0.0006705685001699797,
    0.0006464240671439436,
    0.0006535449825672886,
    0.0005751563885543422,
    0.0005160594228230294,
    0.0005268863502967153,
    0.0005988215787491799,
    0.0005255657557858425,
    0.0005951354389895862,
    0.0005076233996403889,
    0.0005725956542919376,
    0.0005061889386235795,
    0.0005005449842100624,
    0.0006510143848649816,
    0.0005126936719851911,
    0.0005660778243979969,
    0.0004638244092937776,
    0.0004851990685466606,
    0.0004267151821220446,
    0.0004813351824783841,
    0.0004172010757393739,
    0.0005167578416430264,
    0.00040416989442603466,
    0.0004199458531315107,
    0.0003895256567667486,
    0.0003921986683827063,
    0.0005022689076762268,
    0.0004665981823519604,
    0.00044513381420969,
    0.00040434492761229406
  ],
  "final_train_cost": 0.00040434492761229406,
  "avg_reconstruction_error": 0.0005309509780334539,
  "reconstruction_errors": [
    0.0006919302791700379,
    0.0002226150911348916,
    0.000642713633906064,
    0.000776683387381686,
    0.0012927033506036332,
    0.00035211115469081203,
    0.00011468982711511633,
    0.00015416110026539006
  ],
  "data_info": {
    "data_name": "mackey_glass",
    "major_version": 6,
    "minor_version": 0,
    "samples": 100,
    "scale_margin": 0.2,
    "scale_low": 0.2,
    "scale_high": 0.8,
    "mackey_glass_beta": 0.25,
    "mackey_glass_gamma": 0.1,
    "mackey_glass_n": 10,
    "mackey_glass_tau": 15,
    "mackey_glass_dt": 1.0,
    "mackey_glass_T": 300
  },
  "training_samples": 57,
  "test_samples": 20
}