{
  "n_qubits": 4,
  "n_latent": 2,
  "n_trash": 2,
  "n_layers": 2,
  "n_epochs": 40,
  "batch_size": 4,
  "learning_rate": 0.004,
  "enc_params": [
    0.2611171344791119,
    -1.5954973925375182,
    -0.5285958194947391,
    0.5730974839334697,
    1.427997387274981,
    0.847594422769359,
    0.02042987218100611,
    0.034173967322784465,
    0.16221075153979034,
    -0.49398410068840637,
    1.3297719754887736,
    -0.6331912615944398,
    -0.332912593677702,
    -0.9229872050146939,
    -0.35535481679788117,
    -0.11899340316600544,
    -0.1414393814105736,
    -0.17697936258813934,
    -1.259927479651046,
    -0.4025557996125201,
    0.9449904382747277,
    0.7077999187116749,
    1.8717476843169696,
    -1.6800971621495495
  ],
  "dec_params": [
    -0.1531441154134891,
    -1.493050650062739,
    -0.47181704136590374,
    -0.03277140799437795,
    0.2639485569425961,
    -0.4603618074699779,
    0.5387406291179749,
    0.8548718572835396,
    0.23380662478164907,
    -0.8971485178421991,
    1.159596574726496,
    -0.1134547518573094
  ],
  "train_costs": [
    0.023085793928588665,
    0.019421294276397442,
    0.015588050526110989,
    0.014505353706672495,
    0.012367476008191753,
    0.012308134283463916,
    0.01086988573853629,
    0.010394313138388274,
    0.00954965920360313,
    0.007997295920803872,
    0.007370240962152345,
    0.0064730306509652264,
    0.006011907866315811,
    0.006114900687561005,
    0.005079822122707438,
    0.00452305860529609,
    0.00409150532205491,
    0.004275788137761738,
    0.0036208523649997413,
    0.003546562222894356,
    0.0031499747710154696,
    0.0030282395192975046,
    0.0029608753238407662,
    0.0029714224077260656,
    0.002769526346159972,
    0.003359850012412403,
    0.0025642488966040487,
    0.0024838313676351907,
    0.002570487729859019,
    0.0023669380861726223,
    0.0023600683304080845,
    0.002323228643373747,
    0.002285510350192643,
    0.002275579560714568,
    0.0026190662747930873,
    0.0022919818594986053,
    0.002191135517763634,
    0.002248760932693858,
    0.0028495015937260947,
    0.0022096303694738597
  ],
  "val_costs": [
    0.018038258829690384,
    0.009919095621158414,
    0.006129187444486855,
    0.003825604136316046,
    0.0028830734884760342,
    0.0025222175391791265,
    0.002299596065527039,
    0.0021578005940698463
  ],
  "final_train_cost": 0.0022096303694738597,
  "final_val_cost": 0.0021578005940698463,
  "compression_analysis": {
    "latent_variance": 0.171608271680544,
    "trash_variance": 0.06362154504939219,
    "information_ratio": 2.6973295217416835,
    "compression_quality": "EXCELLENT"
  },
  "data_info": {
    "data_name": "mackey_glass",
    "major_version": 6,
    "minor_version": 0,
    "samples": 100,
    "scale_margin": 0.2,
    "scale_low": 0.2,
    "scale_high": 0.8,
    "mackey_glass_beta": 0.25,
    "mackey_glass_gamma": 0.1,
    "mackey_glass_n": 10,
    "mackey_glass_tau": 15,
    "mackey_glass_dt": 1.0,
    "mackey_glass_T": 300
  },
  "training_samples": 57,
  "validation_samples": 20,
  "test_samples": 20,
  "creation_date": "2025-08-19",
  "model_type": "Half-QAE V9 - Compression Success",
  "data_source": "mackey_glass",
  "notes": "Successful compression model with 2.7x information ratio"
}