{
  "model_type": "noisy_encoder_qae",
  "timestamp": "2025-08-08T09:48:03",
  "architecture": {
    "n_qubits": 4,
    "n_latent": 2,
    "n_layers": 2,
    "adjoint_based": true,
    "dynamic_noise_training": true
  },
  "training_config": {
    "n_epochs": 150,
    "batch_size": 8,
    "learning_rate": 0.01,
    "noise_level": 0.1,
    "wind_size": 4,
    "wind_step": 1
  },
  "performance_metrics": {
    "final_train_cost": 0.0018860264624327222,
    "final_val_cost": 0.001981365887986847,
    "single_noise_score": 0.4540197596548948,
    "stability_score": 0.9169867538864805,
    "generalization_score": 0.8362204402161671,
    "overall_readiness_score": 0.7075700620927522,
    "readiness_status": "READY",
    "avg_improvement_percent": 45.40197596548948
  },
  "model_parameters": {
    "enc_params": [
      -0.023769792020863087,
      0.9190584786696044,
      -0.8431782803969594,
      -0.38532768465262857,
      -0.22056089789190442,
      0.47570430201026986,
      0.30858937348195575,
      -2.150155672876216,
      -1.8240478671124642,
      -0.39374168504848867,
      0.23092512295777853,
      1.487874467494266,
      -0.7680505326540823,
      -0.3295616722567033,
      0.7192421799005142,
      1.6171745704892921,
      0.5891091490972803,
      -0.2928043674380547,
      -0.5348915935956533,
      0.31054165504044734,
      1.1085042269181056,
      0.26063360857250223,
      -1.7374819293713588,
      0.5457142564213645
    ],
    "param_shape": [
      24
    ],
    "decoder_dependency": "half_qae_replicating_model"
  },
  "training_history": {
    "train_costs": [
      0.02729971123373736,
      0.02282474676527243,
      0.018258220384469365,
      0.016657942355174687,
      0.015142488077582093,
      0.013608787357389886,
      0.012556844422811325,
      0.011353946653527269,
      0.010896050919020857,
      0.01041239109503329,
      0.009903532261070476,
      0.009750672509725536,
      0.009257173919334324,
      0.008781688550839826,
      0.008637408879029406,
      0.008611471412657336,
      0.008450925681906475,
      0.008258130556030582,
      0.007462578204347968,
      0.007707895495619292,
      0.007112090993308758,
      0.007656409730770623,
      0.00723233100399038,
      0.00745574064041487,
      0.006543362146657155,
      0.0066838702160646295,
      0.006211655823284175,
      0.006447532069477003,
      0.006348491396148883,
      0.006089943594170543,
      0.005912466730186455,
      0.006154204933464008,
      0.0055458917997468484,
      0.005875947877292312,
      0.005244595483095917,
      0.005210147568091103,
      0.004993308171358318,
      0.004512683071596639,
      0.004395321754224266,
      0.004269193516678115,
      0.004156198491332825,
      0.003812808995585228,
      0.004105867535378189,
      0.004076798590922712,
      0.003946694589007848,
      0.003610860514170529,
      0.003856598340784243,
      0.003412648133259148,
      0.003270715064645976,
      0.0033063437191516373,
      0.003177625051046131,
      0.0035613434479224238,
      0.0029858143680958392,
      0.003260762380313899,
      0.003241427409152575,
      0.0027704967380134966,
      0.002712520962320552,
      0.002631333380296158,
      0.0031726061897741986,
      0.003143159455888501,
      0.002883612117589543,
      0.0027658011086583345,
      0.0024843211056503156,
      0.002268505035492417,
      0.0027183501651381736,
      0.0027249196135998434,
      0.0028005964146374956,
      0.002867662961362423,
      0.0028195662606583178,
      0.002727725064481678,
      0.002695523738992091,
      0.002585786048040538,
      0.0025417342245216174,
      0.0025384946503123874,
      0.002914631370284387,
      0.0027150946904283503,
      0.002625169791471426,
      0.002424161707792731,
      0.0025683302463278363,
      0.002508733205366349,
      0.002525353857866777,
      0.0026737476798386725,
      0.0026608805063228404,
      0.0024272426855124086,
      0.002358609693183237,
      0.0024855794809533777,
      0.002527244084098474,
      0.0020444917251626078,
      0.0023946530444362733,
      0.002294336524912038,
      0.002268698580445835,
      0.0025908687101426006,
      0.0024937222931645468,
      0.0022210462560457653,
      0.0020979158551098403,
      0.00216385117411469,
      0.0029247082387860216,
      0.002296242633337664,
      0.0021362528542530415,
      0.002802482611781681,
      0.0026345594739444747,
      0.002288166956701665,
      0.0020960338209671772,
      0.0024944947337615393,
      0.002334458476296431,
      0.0023214309801249653,
      0.00200888500137013,
      0.0022376964067484227,
      0.002371589447309431,
      0.002511247195506567,
      0.002184973084058255,
      0.0023417145190717838,
      0.002044710773258749,
      0.0022734802489917313,
      0.0022177839731355327,
      0.0024092422414358538,
      0.002299438014178108,
      0.00266715456439853,
      0.002184613846939399,
      0.002362244887805187,
      0.0024435125849840336,
      0.0024031060567910965,
      0.0022307114359217074,
      0.0022160161799614103,
      0.002460367029643162,
      0.002186764040269191,
      0.002223770562483515,
      0.0024608880218635076,
      0.0021878454770053258,
      0.0019115725493699838,
      0.0021122481696980978,
      0.0021240271824728625,
      0.002200133763331412,
      0.002167901792931367,
      0.0018727749126469335,
      0.0021919075261533955,
      0.00212699150624193,
      0.0021557546400105625,
      0.002102171644876626,
      0.0022996830848841065,
      0.002042410190793163,
      0.001950324010145772,
      0.0024709889001510886,
      0.0021044919865886736,
      0.0022917725772746036,
      0.0018136376827001732,
      0.002512952964324652,
      0.0018573131345368714,
      0.0020854820375275345,
      0.0018860264624327222
    ],
    "val_costs": [
      0.02539516798264028,
      0.010429313381347841,
      0.008461134386969115,
      0.005957297792293608,
      0.004643049558026282,
      0.0036672074635469023,
      0.0027896755052582156,
      0.003254854225695473,
      0.0036023506638940906,
      0.0023264873858721232,
      0.002003671893382833,
      0.0025655447105439925,
      0.0022885022404514482,
      0.0023256040230920758,
      0.001981365887986847
    ]
  },
  "evaluation_results": {
    "improvements": [
      17.991341700945306,
      51.143922802565726,
      89.36239180446289,
      62.88349312017708,
      83.70430623225732,
      28.05465129300578,
      45.565509699716365,
      10.915738310381116,
      9.953424322281897,
      76.22407377792099,
      33.72455975483535,
      22.79687402533045,
      9.324789521453484,
      21.59952946648375,
      62.684585869347096,
      72.92288504512948,
      76.3040974435931,
      46.51516134720964,
      28.181435936518014,
      58.18674783617479
    ],
    "stable_gen_score": 0.6725438838155448
  },
  "notes": {
    "innovation": "Adjoint-based encoder with dynamic noise generation",
    "training_method": "Sequential training (Half-QAE decoder fixed)",
    "architecture_novelty": "Encoder created as adjoint of decoder circuit"
  }
}