{
  "model_type": "noisy_encoder_qae",
  "timestamp": "2025-08-08T07:26:39",
  "architecture": {
    "n_qubits": 4,
    "n_latent": 2,
    "n_layers": 2,
    "adjoint_based": true,
    "dynamic_noise_training": true
  },
  "training_config": {
    "n_epochs": 150,
    "batch_size": 8,
    "learning_rate": 0.01,
    "noise_level": 0.2,
    "wind_size": 4,
    "wind_step": 1
  },
  "performance_metrics": {
    "final_train_cost": 0.004660343540433388,
    "final_val_cost": 0.004633615963504556,
    "single_noise_score": 0.5580532716238271,
    "stability_score": 0.8810290906370343,
    "generalization_score": 0.8945588740123115,
    "overall_readiness_score": 0.7558976980443346,
    "readiness_status": "READY",
    "avg_improvement_percent": 55.80532716238272
  },
  "model_parameters": {
    "enc_params": [
      0.9439812907106638,
      1.124961596710328,
      -0.41237466866559463,
      0.5555180111237369,
      -0.6523053552516589,
      0.33421611657176475,
      -0.010249089255384106,
      -1.5040134026085317,
      0.5615746965387406,
      -0.4571086851096619,
      -1.63892073875332,
      0.7154947985357744,
      -0.5180068590610181,
      0.6521788951921047,
      1.1494475404941902,
      1.085096506421304,
      -0.6986294838125615,
      0.2365524956004002,
      -0.4768612905432014,
      -0.14355635396160413,
      -1.0942000297224388,
      -1.6989216059148327,
      0.7000107124691027,
      0.22213680671250666
    ],
    "param_shape": [
      24
    ],
    "decoder_dependency": "half_qae_replicating_model"
  },
  "training_history": {
    "train_costs": [
      0.027426327633169698,
      0.02404752633616395,
      0.01958654284805942,
      0.018516580007913737,
      0.016843468663676302,
      0.015589858789344139,
      0.014807183246100416,
      0.013410956661493032,
      0.013321948588455902,
      0.013052680252478993,
      0.01243552037653594,
      0.012781444104704427,
      0.011982456971281067,
      0.01172732470888315,
      0.011575610871687358,
      0.012378878344792184,
      0.012189885436838311,
      0.012537814061275172,
      0.010591265744381299,
      0.011335286315677536,
      0.009999103325442198,
      0.011600768974077275,
      0.010799097362084807,
      0.011286540779938715,
      0.009643238438169091,
      0.009970764851300376,
      0.00910064789245317,
      0.009566410274853089,
      0.00990977880384573,
      0.008980219630701936,
      0.008787997248805067,
      0.009999608050196106,
      0.009219654157258202,
      0.009632716125840206,
      0.009056310868563759,
      0.009378802553329792,
      0.00894726703038073,
      0.00839828261116974,
      0.008757941090623472,
      0.008570945578144328,
      0.008299900755042505,
      0.007397790871042636,
      0.007982521520861189,
      0.008161878470682511,
      0.00803562048192267,
      0.007109327226588816,
      0.007638254692222362,
      0.007242586530016273,
      0.0065313002284291995,
      0.0070178538102002525,
      0.006444423814991644,
      0.007470442670912859,
      0.005722304806113589,
      0.006750678933022773,
      0.006718279838253608,
      0.006020731538048645,
      0.005668409737215884,
      0.005450438857973249,
      0.007716738263908461,
      0.006568263142651275,
      0.006447297024196965,
      0.006283842495932692,
      0.004738008021530301,
      0.005069546160893406,
      0.0064982154220325035,
      0.005687179466998199,
      0.006121342502276555,
      0.005934184144997791,
      0.006574893266761613,
      0.006848170628290729,
      0.006022983920730759,
      0.006234808323495633,
      0.005888454498193629,
      0.006001039813930197,
      0.0068909429987521545,
      0.005628692302842658,
      0.005963265825161645,
      0.005805032070888616,
      0.00562384140604246,
      0.005772713072793681,
      0.005468472726490606,
      0.0057115297745969785,
      0.0060114868281333,
      0.005234534761567342,
      0.005213579391732153,
      0.005962563716914477,
      0.005345070798441638,
      0.005018046164826718,
      0.005763839539657502,
      0.004887210635285702,
      0.005065796506611036,
      0.0061168383310910126,
      0.005776144509642181,
      0.004898579062274176,
      0.004914395169466253,
      0.0044787536957919035,
      0.00701105089801985,
      0.005292444011275558,
      0.004756780265141834,
      0.006584769578119183,
      0.005704216586967339,
      0.005186519340799436,
      0.005187974153258828,
      0.005418920182171838,
      0.005213891769431423,
      0.005294352222144482,
      0.004622106529024963,
      0.00485590799049793,
      0.005162451494511024,
      0.00570576902924725,
      0.005144941016208054,
      0.005096976642292445,
      0.005084802251705076,
      0.005777561208045023,
      0.005683036335954933,
      0.0055172315060492624,
      0.005325888685001216,
      0.006542063614606148,
      0.005261094698413502,
      0.005942633480845835,
      0.005597811270765762,
      0.005939054413167157,
      0.005002846565964725,
      0.005471381872439094,
      0.005852252338572042,
      0.005311082065974924,
      0.004905399177823942,
      0.006172054090444028,
      0.005531174126414389,
      0.0044521396399424765,
      0.005344863888838019,
      0.005357754795209745,
      0.005351113201709567,
      0.005344299181636435,
      0.004449636620644769,
      0.005917073005168089,
      0.005498262795024063,
      0.005409545228438854,
      0.0048969668940939855,
      0.005866247365995522,
      0.0050736376869401426,
      0.0048239777520074755,
      0.005923270105226026,
      0.005551317243176326,
      0.005523522802749982,
      0.004224971876861112,
      0.005410354704613087,
      0.004469943527084699,
      0.004913852997335695,
      0.004660343540433388
    ],
    "val_costs": [
      0.027022273399414543,
      0.012353311856902322,
      0.013424028887744566,
      0.008996838163173985,
      0.008958645079616901,
      0.0068109956916848485,
      0.006108592800659815,
      0.005776979134001721,
      0.008194651376988436,
      0.004890191294100845,
      0.004900123864210454,
      0.006701890371253119,
      0.00484183794161521,
      0.004792686354979656,
      0.004633615963504556
    ]
  },
  "evaluation_results": {
    "improvements": [
      81.35645865685312,
      59.11209310673507,
      37.839991638196494,
      62.00186925612658,
      75.00005169990018,
      59.94284505024755,
      -4.167521190983367,
      46.361912960082925,
      7.925379341177264,
      73.59637875071235,
      22.318332350109284,
      46.84356414000376,
      73.1512515245633,
      66.33670835667273,
      63.76007113944455,
      41.68612286960757,
      48.42666642515976,
      95.58976472759333,
      67.380820847435,
      91.64378159801694
    ],
    "stable_gen_score": 0.629526703772472
  },
  "notes": {
    "innovation": "Adjoint-based encoder with dynamic noise generation",
    "training_method": "Sequential training (Half-QAE decoder fixed)",
    "architecture_novelty": "Encoder created as adjoint of decoder circuit"
  }
}