{
  "schema": {
    "name": "half_qae_bundle",
    "version": "1.0"
  },
  "timestamp": "2025-09-14 12:09:26",
  "dataset": {
    "id": "mackey_glass_tau17_n200",
    "scale_low": 0.2,
    "scale_high": 0.8,
    "window_size": 4,
    "window_step": 2,
    "split": 0.75
  },
  "run": {
    "instance_id": 1,
    "layer": 3,
    "sigma_eval": 0.2,
    "test_seed_fixed": 99123
  },
  "environment": {
    "device": "default.qubit",
    "reset_mode": "swap"
  },
  "architecture": {
    "n_qubits": 4,
    "n_latent": 3,
    "n_trash": 1
  },
  "parameters": {
    "phi": [
      1.923687709546924,
      0.025014250396123042,
      0.08711395922026334,
      -0.6955623621737955,
      -0.890811038893514,
      -0.8899137016012997,
      0.012906791765640309,
      -0.6841046959412526,
      -0.6642681465273448,
      0.5571980920073119,
      0.22221995428812133,
      -0.8185622177900416,
      -0.6979855313812582,
      1.0694926976044654,
      1.0807203968241021,
      0.4010814760888467,
      -1.284858353080323,
      -0.14238143424771493,
      1.0839669365985227,
      0.017209979556934728,
      0.026123350562334034,
      -1.4632390653303737,
      -0.4900459023416359,
      -0.058607916368734046,
      -0.46688433681446195,
      -0.07213079742369424,
      -0.07772435816805653,
      -0.16294109990057026,
      0.07302024267511016,
      -0.5854733078210222,
      -1.1325637282357943,
      -1.103160038737795,
      0.07114018814338122,
      0.08374309116336125,
      0.41996751872670895,
      -0.0433940109262979
    ],
    "psi": [
      1.9164306055297127,
      0.026156462191044488,
      0.04161869839381785,
      -0.6868062817690802,
      -0.8471203820897046,
      -0.8353751886797762,
      0.018404812775600656,
      -0.7267532767049315,
      -0.6520588362195762,
      0.4645557432620014,
      0.2115749889970105,
      -0.8425115507740601,
      -0.6994027696067334,
      1.037624294545486,
      1.1563010228833188,
      0.3763665331455017,
      -1.3054946935093308,
      -0.14496362776201574,
      1.0251459446470539,
      0.08282805170363976,
      -0.003722616701535459,
      -1.4224431523557195,
      -0.48675496834529897,
      -0.047993458117464374,
      -0.4793977374667113,
      -0.07298604683872456,
      -0.041694997179863295,
      -0.16521422406515016,
      0.023353497631219668,
      -0.5770413247463843,
      -1.1645367956132038,
      -1.1536052376514225,
      0.011478117281637959,
      0.07661741073848231,
      0.4495693774832401,
      -0.060460903383493185
    ]
  },
  "metrics_series": {
    "mse_train_noise": 0.019268069867485596,
    "mse_train_recovered": 0.010590302160865483,
    "delta_train_pct": 45.03703674680792,
    "mse_test_noise": 0.018957942152927745,
    "mse_test_recovered": 0.011546473875663012,
    "delta_test_pct": 39.094265703939556
  }
}