{
  "schema": {
    "name": "half_qae_bundle",
    "version": "1.0"
  },
  "timestamp": "2025-09-14 12:09:30",
  "dataset": {
    "id": "mackey_glass_tau17_n200",
    "scale_low": 0.2,
    "scale_high": 0.8,
    "window_size": 4,
    "window_step": 2,
    "split": 0.75
  },
  "run": {
    "instance_id": 5,
    "layer": 3,
    "sigma_eval": 0.2,
    "test_seed_fixed": 99123
  },
  "environment": {
    "device": "default.qubit",
    "reset_mode": "swap"
  },
  "architecture": {
    "n_qubits": 4,
    "n_latent": 3,
    "n_trash": 1
  },
  "parameters": {
    "phi": [
      -1.2212056576067805,
      -0.33562775282376106,
      0.3266594608155373,
      0.25917107863572486,
      -0.6941922230815061,
      -0.1937867345060536,
      -0.562872037351739,
      -0.5533923060670525,
      0.20162647398418915,
      0.6864721568294814,
      -0.39786795551914894,
      -0.18260709774334632,
      -1.052223395733874,
      0.3362985904149149,
      -1.6262285066721394,
      -0.1684380628506031,
      0.05340098754036418,
      -0.15821905012015783,
      0.8512026047790779,
      0.1927451518749409,
      1.5398093026593558,
      -0.2187897203155728,
      -0.0024880904128137876,
      0.03141029100484028,
      0.4504709764634851,
      -0.6036038513769105,
      0.47936747577043254,
      -0.6711104412448734,
      -0.4249456474867135,
      -0.03819208336851098,
      -0.7818306962352543,
      0.3289703343107321,
      0.4672168866334474,
      0.8205428443828234,
      0.5200238065269362,
      -0.11977733485780143
    ],
    "psi": [
      -1.2564204813369826,
      -0.30498888420165177,
      0.37430609527168474,
      0.29331201046492056,
      -0.7255051613538739,
      -0.17740402509202338,
      -0.5210521459748638,
      -0.5425762522421981,
      0.19320930457605598,
      0.75634622966658,
      -0.34468513848175625,
      -0.1935617690424481,
      -1.1580322238846594,
      0.38130195288947877,
      -1.618177243050509,
      -0.19189118066042987,
      0.05498819272322602,
      -0.16605639309342224,
      0.9265897631169022,
      0.16106565397016162,
      1.5277235305361783,
      -0.21052277977555023,
      0.014293514156150041,
      0.058925230992968224,
      0.3955711138509785,
      -0.580688727463681,
      0.487020088280017,
      -0.767014216356767,
      -0.45592107887787586,
      -0.06542815653525669,
      -0.6937889575431634,
      0.32385406282171075,
      0.42439630608291007,
      0.8990791138097033,
      0.503191943412256,
      -0.16514476558468238
    ]
  },
  "metrics_series": {
    "mse_train_noise": 0.019268069867485596,
    "mse_train_recovered": 0.010228153504137222,
    "delta_train_pct": 46.916564168178645,
    "mse_test_noise": 0.018957942152927745,
    "mse_test_recovered": 0.012076239534968974,
    "delta_test_pct": 36.29983973179285
  }
}