{
  "schema": {
    "name": "half_qae_bundle",
    "version": "1.0"
  },
  "timestamp": "2025-09-14 12:09:28",
  "dataset": {
    "id": "mackey_glass_tau17_n200",
    "scale_low": 0.2,
    "scale_high": 0.8,
    "window_size": 4,
    "window_step": 2,
    "split": 0.75
  },
  "run": {
    "instance_id": 3,
    "layer": 3,
    "sigma_eval": 0.2,
    "test_seed_fixed": 99123
  },
  "environment": {
    "device": "default.qubit",
    "reset_mode": "swap"
  },
  "architecture": {
    "n_qubits": 4,
    "n_latent": 3,
    "n_trash": 1
  },
  "parameters": {
    "phi": [
      0.9183031435573321,
      1.2206670945934956,
      -0.5495408749175393,
      0.15538143109199878,
      -1.4913756125983848,
      -0.23033280322069719,
      0.6274148634865296,
      0.8114792385444889,
      -0.5847204038779784,
      0.9691822464221788,
      -0.07680217215552726,
      0.029975893601259133,
      -2.014397654243471,
      -0.45974939905617657,
      -0.8434388976958964,
      0.6694855643247781,
      -0.7749432506041956,
      0.5983324389187755,
      0.08191468352838008,
      -0.741802053803899,
      0.10587904128536134,
      0.8772867049518093,
      -0.5128628218078479,
      0.6280438516202823,
      -0.632364541732409,
      -1.2592358165198347,
      -0.1567479399103322,
      -0.036319971259247,
      -1.160776288445854,
      -0.4823732413401157,
      1.2083834231297432,
      -0.19793498334236376,
      0.7631000042324754,
      0.13591657502607007,
      0.17995012834446122,
      0.09172979721314607
    ],
    "psi": [
      0.8404872276385609,
      1.246226565694709,
      -0.5791231419676625,
      0.19615818739106758,
      -1.4396347924801673,
      -0.25571437393026125,
      0.6231580916838092,
      0.8512296260858154,
      -0.5575367108734754,
      0.9653927302302736,
      -0.1555300262641019,
      0.1039898115154963,
      -2.0970131515417174,
      -0.4647572082806571,
      -0.8257105875696742,
      0.6583833123241225,
      -0.775178753952403,
      0.659648165000896,
      0.0712581429665149,
      -0.7861068880066934,
      0.038748749950560976,
      0.8826251519903754,
      -0.5519357317629024,
      0.6529346155186229,
      -0.6600871026903478,
      -1.2974038810098045,
      -0.20201241364682068,
      -0.07949437668669958,
      -1.0931626243391583,
      -0.39912378852427555,
      1.2024282491301823,
      -0.19211703997319066,
      0.7890325209827088,
      0.1133246545575539,
      0.13144491795196026,
      0.13178821150280973
    ]
  },
  "metrics_series": {
    "mse_train_noise": 0.019268069867485596,
    "mse_train_recovered": 0.010494088274845662,
    "delta_train_pct": 45.53638041060779,
    "mse_test_noise": 0.018957942152927745,
    "mse_test_recovered": 0.011456245012546044,
    "delta_test_pct": 39.570207989178755
  }
}