{
  "schema": {
    "name": "half_qae_bundle",
    "version": "1.0"
  },
  "timestamp": "2025-09-14 12:09:27",
  "dataset": {
    "id": "mackey_glass_tau17_n200",
    "scale_low": 0.2,
    "scale_high": 0.8,
    "window_size": 4,
    "window_step": 2,
    "split": 0.75
  },
  "run": {
    "instance_id": 2,
    "layer": 3,
    "sigma_eval": 0.2,
    "test_seed_fixed": 99123
  },
  "environment": {
    "device": "default.qubit",
    "reset_mode": "swap"
  },
  "architecture": {
    "n_qubits": 4,
    "n_latent": 3,
    "n_trash": 1
  },
  "parameters": {
    "phi": [
      0.5742097640947984,
      -0.30135826059076176,
      -0.08296968893401253,
      -1.2170167825994052,
      -0.21883168928636412,
      0.2243572918750806,
      0.15755174572057173,
      -0.22681433133378798,
      1.314353020035373,
      0.46211275003804303,
      -2.0054513436897015,
      -0.4833455597527841,
      0.2543582428892779,
      0.06933027128724756,
      -0.48537319890233044,
      -1.3813699167974733,
      -0.8971626569280674,
      0.7195042943211247,
      0.11504439811896609,
      -0.1304175633143775,
      -0.43498207910243625,
      0.11377447592763933,
      -0.045436142311215164,
      0.3399239287315747,
      0.6860546850408891,
      -0.43708145190808434,
      -0.1823422834480661,
      0.016616530520340247,
      0.05125528710744741,
      -0.23625655838498846,
      1.0868646169092537,
      -1.259780624915568,
      0.15816881030811109,
      -0.044333378409708704,
      0.10910946238491126,
      0.2576752023657228
    ],
    "psi": [
      0.46797906804181144,
      -0.28707691258908496,
      -0.11482735758046528,
      -1.2598365389296955,
      -0.23144851818193907,
      0.15223558199403636,
      0.16013846757463157,
      -0.23615423709936337,
      1.303654276288667,
      0.4218747982890531,
      -2.044223320758502,
      -0.5319014962152385,
      0.18774605640489053,
      0.08924660994589527,
      -0.5130672015788248,
      -1.4490392320768704,
      -0.9581449369315366,
      0.7507967733280093,
      0.1418156490905821,
      -0.07900356560169798,
      -0.4542573701136565,
      0.12812886251893316,
      -0.03715842053160225,
      0.3461637516980449,
      0.7005214728933786,
      -0.4322078256416183,
      -0.1736296698960661,
      0.017276242299911246,
      0.029218474577334657,
      -0.23294608463496785,
      1.1362382017524435,
      -1.295567119924215,
      0.10189947331631126,
      -0.0887039379633229,
      0.03408758540004058,
      0.2611666053455612
    ]
  },
  "metrics_series": {
    "mse_train_noise": 0.019268069867485596,
    "mse_train_recovered": 0.00960631010341712,
    "delta_train_pct": 50.14389002383919,
    "mse_test_noise": 0.018957942152927745,
    "mse_test_recovered": 0.010938696297515609,
    "delta_test_pct": 42.30019160689176
  }
}