{
  "schema": {
    "name": "half_qae_bundle",
    "version": "1.0"
  },
  "timestamp": "2025-09-14 12:09:29",
  "dataset": {
    "id": "mackey_glass_tau17_n200",
    "scale_low": 0.2,
    "scale_high": 0.8,
    "window_size": 4,
    "window_step": 2,
    "split": 0.75
  },
  "run": {
    "instance_id": 4,
    "layer": 3,
    "sigma_eval": 0.2,
    "test_seed_fixed": 99123
  },
  "environment": {
    "device": "default.qubit",
    "reset_mode": "swap"
  },
  "architecture": {
    "n_qubits": 4,
    "n_latent": 3,
    "n_trash": 1
  },
  "parameters": {
    "phi": [
      -1.2092588591876905,
      -0.5904345020310003,
      -0.8889026096705958,
      1.22699776339405,
      -0.36062908084804746,
      0.7895295658670252,
      0.36056921115909735,
      -0.6515649054151424,
      -0.7292125652458713,
      -0.5518615716459718,
      0.6432858364672043,
      0.46889626773668536,
      -0.2542878877066617,
      0.546273990305113,
      0.9456007371811729,
      -0.09318727807052768,
      0.21193525106832906,
      -0.26674729913848616,
      -1.6538586961410209,
      -0.39545896834886973,
      1.165110038116013,
      0.978504429480438,
      0.8471392073029096,
      -0.8239759371017115,
      0.8146736798051669,
      0.31500163591887986,
      -0.009855758772162427,
      -0.9653823820579034,
      -0.04488997162091105,
      0.2771766363085259,
      -0.3625331038705657,
      0.7103769564045147,
      -0.45732107551569956,
      -1.2016825974931509,
      0.3703894784219986,
      0.3628808166430688
    ],
    "psi": [
      -1.1474217115371537,
      -0.57126374813404,
      -0.8706590434706456,
      1.2098782985812293,
      -0.3083020874741657,
      0.7710513521995755,
      0.40510429611355164,
      -0.6178567298477032,
      -0.7555144771895496,
      -0.5419026256386733,
      0.6924143836871717,
      0.5870215265779153,
      -0.22087394296260082,
      0.5629754226685104,
      1.0080635477012374,
      -0.12666089425374616,
      0.17787718462504373,
      -0.28804383396307615,
      -1.6499680891097799,
      -0.36237849894195506,
      1.1143724842514844,
      1.033101073931893,
      0.8752913012079369,
      -0.7854728642106736,
      0.8343097300422693,
      0.28655808475613787,
      -0.021269246511821178,
      -0.9916061534543587,
      -0.04444483576532262,
      0.2202325763832002,
      -0.39192770376709224,
      0.7292907702006278,
      -0.43404317983294627,
      -1.1645492799394677,
      0.3926096088898426,
      0.47882319424590675
    ]
  },
  "metrics_series": {
    "mse_train_noise": 0.019268069867485596,
    "mse_train_recovered": 0.010151723500917139,
    "delta_train_pct": 47.313230797196105,
    "mse_test_noise": 0.018957942152927745,
    "mse_test_recovered": 0.012579959238640932,
    "delta_test_pct": 33.64280185495681
  }
}