{
  "schema": {
    "name": "half_qae_bundle",
    "version": "1.0"
  },
  "timestamp": "2025-09-22 05:29:04",
  "dataset": {
    "id": "mackey_glass_tau17_n200",
    "scale_low": 0.2,
    "scale_high": 0.8,
    "window_size": 6,
    "window_step": 2,
    "split": 0.75
  },
  "run": {
    "instance_id": 3,
    "layer": 3,
    "sigma_eval": 0.2,
    "test_seed_fixed": 99123
  },
  "environment": {
    "device": "default.qubit",
    "reset_mode": "none"
  },
  "architecture": {
    "n_qubits": 6,
    "n_latent": 2,
    "n_trash": 4
  },
  "parameters": {
    "phi": [
      0.4513147427952988,
      0.0601379304333538,
      0.611381003165355,
      0.2625830607532511,
      -1.0428684507063717,
      0.13492093600335525,
      -0.635050479557586,
      0.5614150708941749,
      -0.4957480048681932,
      0.20817059088933854,
      -1.5502544293969844,
      0.15992398140469635,
      -1.0383041584803239,
      -0.8611337017748285,
      -0.8171754742984004,
      -1.3012489202903843,
      0.8480073291402792,
      1.2912336264273925,
      -0.14788790433276366,
      0.004961668713817891,
      0.2579977702159869,
      0.6596374278672664,
      1.3063382207258518,
      0.8980703769650267,
      0.039554841452516615,
      -1.5746159288436337,
      -0.4796863684091518,
      0.06995790939944273,
      0.6128064489593362,
      0.008791434859956657,
      0.14660475262614733,
      -0.6006658783416531,
      0.824159021936648,
      0.0910068588108434,
      -0.48432239524083937,
      0.25066862036734705,
      -0.5511091938869542,
      -0.0011921811047132013,
      0.013752230170021746,
      -0.4667552044741492,
      1.23299880948757,
      -1.2542755580298377,
      -1.1118972699872385,
      -0.023956409976236045,
      0.06672630123524485,
      0.28530551475799826,
      -0.839149296670502,
      0.00224442946530847,
      -0.5532788384227946,
      0.5477411384470937,
      0.027221523082410295,
      -0.058965024172746384,
      -0.6162669516551077,
      -0.27539598923348596
    ],
    "psi": [
      0.05191002841256771,
      0.035798500287024866,
      0.08769799587766523,
      0.05689210960467094,
      -0.12806263757086034,
      0.03442319164317645,
      -0.007840580471831582,
      0.05304869678944489,
      0.05697779412990366,
      0.0632194017056526,
      -0.10829056403341138,
      -0.018402834831634487,
      -0.14366581633042072,
      -0.026092891967259307,
      -0.038699440725397376,
      -0.039843106523014586,
      0.03718899011029396,
      0.059735078574370985,
      0.060366983960584694,
      -0.0027255242954598797,
      0.07486395560394869,
      0.12538608947364835,
      -0.010891435874667135,
      -0.004929386289245518,
      0.023044782553424317,
      -0.1080751847552346,
      0.012060406384759094,
      0.020356589424278534,
      0.018204267829609815,
      -0.07027399010024929,
      0.126771749113894,
      -0.037914456396290624,
      0.06757345446848194,
      0.04509580579721894,
      0.05883927980532058,
      -0.032112441243001166,
      0.018924941693192778,
      0.004151630169941294,
      -0.0076579718494425965,
      0.016828124348163716,
      0.066662414643317,
      0.04259237601176033,
      0.009636274480005782,
      0.01935099517310633,
      -0.10549989562323105,
      0.01573432807243085,
      -0.030242298283025285,
      0.05945557476527334,
      -0.008027643564156544,
      -0.013179465569037525,
      -0.03441501239862087,
      0.010964194735498855,
      -0.015553297561330262,
      0.07792559178170533
    ]
  },
  "metrics_series": {
    "mse_train_noise": 0.019067164300121137,
    "mse_train_recovered": 0.02525152054494987,
    "delta_train_pct": -32.43458831887991,
    "mse_test_noise": 0.018957942152927745,
    "mse_test_recovered": 0.023839564833216666,
    "delta_test_pct": -25.74974984579239
  }
}