{
  "schema": {
    "name": "half_qae_bundle",
    "version": "1.0"
  },
  "timestamp": "2025-09-22 05:28:52",
  "dataset": {
    "id": "mackey_glass_tau17_n200",
    "scale_low": 0.2,
    "scale_high": 0.8,
    "window_size": 6,
    "window_step": 2,
    "split": 0.75
  },
  "run": {
    "instance_id": 1,
    "layer": 3,
    "sigma_eval": 0.2,
    "test_seed_fixed": 99123
  },
  "environment": {
    "device": "default.qubit",
    "reset_mode": "none"
  },
  "architecture": {
    "n_qubits": 6,
    "n_latent": 2,
    "n_trash": 4
  },
  "parameters": {
    "phi": [
      0.6176120787921632,
      -0.6001804046990118,
      0.19790118571243367,
      0.32625060126461475,
      -0.10532918567750725,
      -0.3747524377322054,
      -0.4361398440918604,
      -0.10992686365757291,
      0.21308941669423506,
      0.03721022076641869,
      -0.19785298145805838,
      -0.16318850750144792,
      -0.33882755053935215,
      0.08902964742753257,
      0.5310857336801644,
      0.15856200534028528,
      -0.9731416723155735,
      0.015065519256572908,
      0.7242616148780363,
      -0.03141851376239089,
      -0.015673999366091564,
      -0.8559413452158611,
      -0.10221604520624529,
      0.02611513914167255,
      0.18601646966218188,
      0.008964663535203095,
      0.08515550894852339,
      -0.6926822912509931,
      0.28228134685874945,
      0.004811791016825529,
      0.3707935772352397,
      -0.0008622604297326312,
      -0.5184808884734442,
      0.05360649926941005,
      0.07012479186441177,
      -0.0296605767886549,
      0.44708690189416256,
      -0.0071062622906653584,
      -0.0011666458363875994,
      0.10664374205509207,
      0.05201993325801921,
      0.023272598757496203,
      0.46279216065159495,
      -0.04200856767103423,
      0.08789432154404205,
      -0.48546305475478024,
      0.39829505068766213,
      0.1313214678435,
      1.18330904952674,
      -0.36960312705270565,
      0.25856295502671495,
      0.42813793855386306,
      1.5143400937799223,
      -0.22390864424317833
    ],
    "psi": [
      0.07555938939467602,
      -0.0947811236537604,
      -0.0070712312019021294,
      0.06338576702365323,
      -0.04928981702567628,
      -0.03432788165190135,
      0.007694940203735013,
      0.0029163131010749984,
      -0.027704707224852985,
      0.08068159315439068,
      0.008244012554408382,
      -0.0036855095441047747,
      -0.08145401028264365,
      -0.015062777041329429,
      0.04067293535347844,
      -0.007771792506961026,
      -0.06860492018048527,
      0.011757644189475353,
      0.09744002427339582,
      -0.03057506195521621,
      0.03728336880782473,
      -0.09487625395166652,
      0.01686318766372662,
      0.009904659913648271,
      -0.024286764611977787,
      0.02222591449913013,
      -0.0005779142056427877,
      -0.03039224413862893,
      -0.02416727116574203,
      -0.025388370106735888,
      -0.006727607221317856,
      -0.027268826633848664,
      0.008315900489672318,
      0.001126702227606476,
      0.03910973610514111,
      0.019781651052668704,
      0.05092521615821107,
      -0.04713019305756644,
      0.050078193838680826,
      0.07572988519299637,
      0.0657246743907054,
      0.056102629213306,
      -0.011675500237752403,
      -0.010356250596465402,
      -0.07387666968352379,
      -0.04510558223367908,
      0.06862235178025637,
      -0.0327507557667695,
      0.026229521279437777,
      -0.03830486166182245,
      -0.002099780688501029,
      0.09109618123847017,
      0.0409549708206953,
      0.01186904270050945
    ]
  },
  "metrics_series": {
    "mse_train_noise": 0.019067164300121137,
    "mse_train_recovered": 0.024078994483197082,
    "delta_train_pct": -26.285136605468406,
    "mse_test_noise": 0.018957942152927745,
    "mse_test_recovered": 0.022349013092194524,
    "delta_test_pct": -17.887336673527532
  }
}