{
  "schema": {
    "name": "half_qae_bundle",
    "version": "1.0"
  },
  "timestamp": "2025-09-22 05:28:58",
  "dataset": {
    "id": "mackey_glass_tau17_n200",
    "scale_low": 0.2,
    "scale_high": 0.8,
    "window_size": 6,
    "window_step": 2,
    "split": 0.75
  },
  "run": {
    "instance_id": 2,
    "layer": 3,
    "sigma_eval": 0.2,
    "test_seed_fixed": 99123
  },
  "environment": {
    "device": "default.qubit",
    "reset_mode": "none"
  },
  "architecture": {
    "n_qubits": 6,
    "n_latent": 2,
    "n_trash": 4
  },
  "parameters": {
    "phi": [
      0.2008434020296135,
      -0.16309720394238497,
      0.06513407903745018,
      -0.6779230096115847,
      -0.1477302434571434,
      0.03256562410091737,
      0.4324171870525888,
      0.6337759172738996,
      0.5351539622019997,
      -0.22105439680664454,
      -0.7360449545450615,
      0.25428809586489476,
      -0.5314974403689307,
      1.183542161381049,
      0.5261513179859452,
      0.21155959348548603,
      -1.0223418999168403,
      0.20705044700535782,
      -0.04441150960889695,
      -0.030396198705223768,
      -0.01667153864991735,
      0.005531446776566469,
      -0.14089098788093635,
      0.18899314977206202,
      0.2663743486150034,
      -0.7988168619903057,
      -0.4486308854772589,
      0.6174567400268801,
      -0.4936247422637144,
      -0.37055546639569215,
      0.3761281019758546,
      -0.2000039866175957,
      -0.40972370268404323,
      0.034196739567526425,
      0.34974632062267125,
      -0.1044581488608284,
      -0.13138111775105193,
      0.021382976949178945,
      0.01350360182761715,
      0.7941017232171512,
      0.0154617944126794,
      -0.09288310823388307,
      -1.0769545625186234,
      -0.8055531469987447,
      0.17452291464947794,
      0.4223021782477292,
      0.692608537988633,
      0.005994264719293322,
      0.8818648871962375,
      -1.5269234814602557,
      0.05788634385201176,
      -0.6262853790852368,
      1.4410379150098724,
      0.19031497566708677
    ],
    "psi": [
      0.034272877173100166,
      -0.04798477874952906,
      -0.011560696749111555,
      -0.0481099023395487,
      -0.04535965405059543,
      0.022863723541050016,
      0.07028562910140776,
      0.022176908692697533,
      0.07316418982329946,
      -0.008617750775141321,
      -0.11221237751378443,
      -0.03363367727852302,
      0.05245376142814013,
      -0.01821802811681221,
      0.017659387092610595,
      -0.027382725348341137,
      -0.055238393912509565,
      0.03843428386357287,
      0.005290064327946574,
      -0.03429596597445771,
      0.016926779980525525,
      -0.01306972603116432,
      0.03698637631766208,
      0.030407869791092085,
      -0.04492180120641193,
      0.019591473800911457,
      0.005494623150845618,
      0.04571173859147285,
      -0.024591647645100412,
      -0.023470615694504506,
      -0.023966069877617208,
      -0.022019049217543395,
      0.002400467224277266,
      -0.01679451053563767,
      -0.0075112426571211964,
      -0.014690438849213514,
      0.009001097399320776,
      -0.019437037278479136,
      0.002624891585970719,
      0.001134806184628299,
      -0.09175590051757006,
      0.0007874389225506765,
      -0.05733428130464037,
      -0.0322358030444673,
      0.025164999969000255,
      0.07893439870030995,
      0.01520331017476664,
      0.05209451825690999,
      0.029920877062865253,
      -0.09047524442435241,
      -0.03326499044574945,
      -0.00478131145806692,
      0.03381023808881909,
      0.018696478205506753
    ]
  },
  "metrics_series": {
    "mse_train_noise": 0.019067164300121137,
    "mse_train_recovered": 0.023864566571379416,
    "delta_train_pct": -25.16054404182062,
    "mse_test_noise": 0.018957942152927745,
    "mse_test_recovered": 0.023177067459141592,
    "delta_test_pct": -22.25518609656836
  }
}