{
  "schema": {
    "name": "half_qae_bundle",
    "version": "1.0"
  },
  "timestamp": "2025-09-22 05:29:16",
  "dataset": {
    "id": "mackey_glass_tau17_n200",
    "scale_low": 0.2,
    "scale_high": 0.8,
    "window_size": 6,
    "window_step": 2,
    "split": 0.75
  },
  "run": {
    "instance_id": 5,
    "layer": 3,
    "sigma_eval": 0.2,
    "test_seed_fixed": 99123
  },
  "environment": {
    "device": "default.qubit",
    "reset_mode": "none"
  },
  "architecture": {
    "n_qubits": 6,
    "n_latent": 2,
    "n_trash": 4
  },
  "parameters": {
    "phi": [
      -0.35442672351961413,
      -0.2420125305856419,
      0.0572916264158536,
      0.19608214113336198,
      -0.4614702655626621,
      -0.2765396414016783,
      -0.8560777104084574,
      -0.26936606174990346,
      -0.1981318094201201,
      -0.2078545994416645,
      -0.0007375527779117717,
      -0.27337860151396337,
      -0.8163269175582837,
      -0.024893496369542325,
      -1.6065810163224612,
      -0.2912170912962141,
      -0.16264093144467712,
      0.5213125229001463,
      -0.10681469997304367,
      -0.009397679299244227,
      0.02671143563446613,
      0.34539004995046285,
      0.0341314448679938,
      0.0072317908841463985,
      -0.37048811300542334,
      0.11021193085750045,
      0.029652758612664566,
      0.09824818364299805,
      -0.03314552887325981,
      0.08030766536225879,
      -0.42448671114882686,
      0.3156325683775401,
      0.14258098570626954,
      0.19688736161983164,
      0.03807167498716538,
      -0.3727188457701054,
      1.3268788631973316,
      0.0010529795447849963,
      -0.002294667247757029,
      0.2533559117872087,
      0.017615130387891063,
      0.006531923866195575,
      0.9122940579767337,
      0.164614134211534,
      -0.0649567179101599,
      -0.01425902703725678,
      0.23642650056498726,
      -0.007114640144129637,
      -0.30860999564541436,
      0.6686569490139325,
      1.412796702002075,
      -1.154762862909094,
      0.23580441519684217,
      0.5241532995321944
    ],
    "psi": [
      -0.051822212152326526,
      -0.06077758042424506,
      0.01333167319995654,
      0.006674508647873581,
      -0.07711472534606507,
      -0.004301853270891644,
      -0.1218676732821002,
      -0.06238560097659434,
      0.008400347401251767,
      -0.02688336587534222,
      -0.024371326063499326,
      0.023922972578770026,
      -0.0016634751328381589,
      -0.03619706141260138,
      -0.05825494152128219,
      -0.019485737220123173,
      -0.011358715176222462,
      0.05078009783399701,
      -0.010866073895642927,
      -0.02235961928630767,
      0.05909196086000159,
      0.03945198182590102,
      0.018544840595341682,
      -0.00794329283321516,
      0.024062210900972315,
      -0.013297738788448123,
      0.023681827517941068,
      0.009347748411498455,
      -0.01891106122499815,
      0.019860919776105136,
      -0.09047528846018515,
      0.08599141671164015,
      0.03294875799413186,
      0.06801031079762578,
      -0.07311170662522141,
      -0.04903958202199247,
      0.04255705288455214,
      -0.05366562117145289,
      -0.02457382532661755,
      0.06418091832862377,
      -0.03125788456052071,
      0.11613827695868628,
      0.07988310852159887,
      0.019367060945731953,
      0.0039920708619052645,
      -0.06450200350681605,
      -0.01349644092579045,
      0.03161882948854082,
      -0.04295438896332545,
      -0.06426178490578278,
      0.04288800621588311,
      -0.008483642958360006,
      -0.03379684614052909,
      -0.022297526388483972
    ]
  },
  "metrics_series": {
    "mse_train_noise": 0.019067164300121137,
    "mse_train_recovered": 0.023384919549978404,
    "delta_train_pct": -22.64497846609437,
    "mse_test_noise": 0.018957942152927745,
    "mse_test_recovered": 0.02198069633821812,
    "delta_test_pct": -15.94452689488537
  }
}