{
  "schema": {
    "name": "half_qae_bundle",
    "version": "1.0"
  },
  "timestamp": "2025-09-02 22:17:23",
  "dataset": {
    "id": "mackey_glass_n100",
    "scale_low": 0.2,
    "scale_high": 0.8,
    "window_size": 6,
    "window_stride": 1
  },
  "run": {
    "tag": "inst5_L1",
    "instance_id": 5,
    "seed": 5,
    "sigma_train": 0.1,
    "sigma_eval": 0.1
  },
  "architecture": {
    "n_qubits": 6,
    "n_layers": 1,
    "n_latent": 4,
    "n_trash": 2,
    "latent_wires": [
      0,
      1,
      2,
      3
    ],
    "trash_wires": [
      4,
      5
    ]
  },
  "training": {
    "stage1": {
      "lr_init": 0.01,
      "max_epochs": 120,
      "patience": 10,
      "lr_patience": 8,
      "best_val": 0.24888045203306455,
      "final_val": 0.24888045203306455,
      "best_epoch": 119,
      "epochs": 120,
      "train_curve": [
        0.4896865342305058,
        0.48966274643085783,
        0.48738536239813307,
        0.4871946347456777,
        0.484591955718009,
        0.4825149162120881,
        0.4820535852819272,
        0.4800758756680711,
        0.47643722390287724,
        0.47619508564787605,
        0.47398687087891533,
        0.4710185478471671,
        0.46990798695183544,
        0.4655274425227278,
        0.46473329893012716,
        0.46328081696142026,
        0.4628156038578825,
        0.4582678761640376,
        0.45257176878365835,
        0.45400949344836,
        0.44974121951368146,
        0.449954807531269,
        0.44467637895800616,
        0.4460812713960159,
        0.442480375449832,
        0.4420030042023408,
        0.4381159330267892,
        0.43904607186546407,
        0.43423431520428146,
        0.4296371499670078,
        0.42879392065182453,
        0.4306004520564183,
        0.4254742306203193,
        0.42383750531095,
        0.4194355910418034,
        0.4169593962710385,
        0.41786949088783254,
        0.41616025783681626,
        0.4137424871480684,
        0.41384139611679305,
        0.41168189096301977,
        0.4096662963873724,
        0.4099020214709131,
        0.4031296405016199,
        0.4037535879483278,
        0.4039588377707259,
        0.39956539908206884,
        0.3972708241134453,
        0.39749728195761935,
        0.3974802355595821,
        0.3912396269245787,
        0.39547027385077893,
        0.3890343343019068,
        0.39037170264962345,
        0.39177914083468646,
        0.387346503400782,
        0.38760523630553617,
        0.3834336213480397,
        0.3825643228624893,
        0.38483903566626676,
        0.38517948028248034,
        0.3771637311892534,
        0.378357800714094,
        0.3736915123721516,
        0.37541082099943823,
        0.3770897384069084,
        0.3757503220513798,
        0.37228599099180193,
        0.3682979381878637,
        0.3680606364328348,
        0.36569368475420116,
        0.36840901526915676,
        0.3653922854013445,
        0.36005509004173675,
        0.36172467959356847,
        0.3569088995836195,
        0.35770829233928897,
        0.35461166844555586,
        0.35477829077578216,
        0.3516427843469829,
        0.34799963841316184,
        0.34747906387319294,
        0.3457608179985002,
        0.3450078948171532,
        0.3412755701117046,
        0.33683049205943544,
        0.33713162257146934,
        0.33685078801264745,
        0.3354456415621644,
        0.33072831064499036,
        0.3292098084381031,
        0.32811963417003553,
        0.32728000465166396,
        0.33056481303157575,
        0.32672517532440093,
        0.32397744189722505,
        0.3235656291282025,
        0.3211296586186493,
        0.32012218220620214,
        0.31682533578687,
        0.3138334132624381,
        0.3169421140307762,
        0.3179200936011945,
        0.31557883218483473,
        0.3166903191617488,
        0.32109080840538895,
        0.3193207095274434,
        0.3179857557177683,
        0.31665025651849765,
        0.3149500713656188,
        0.3173157902580229,
        0.31457059734252657,
        0.3120628456093145,
        0.31297834533629193,
        0.31391649965688373,
        0.31602477091390424,
        0.3132204336587323,
        0.31695052442886784,
        0.31328483798560514,
        0.31927281844084654
      ],
      "val_curve": [
        0.4941564562183133,
        0.49311830963791453,
        0.49202857256148513,
        0.490820339066852,
        0.48951252257885547,
        0.4880813651845915,
        0.48654875850832585,
        0.4849726738847976,
        0.48329642823134505,
        0.4814884446963502,
        0.47962692653775435,
        0.4776607467511034,
        0.47559292606748443,
        0.47347448424079824,
        0.4712518178511013,
        0.4689605926548142,
        0.4665770635742489,
        0.46416618744614035,
        0.46177409613224646,
        0.45931130564390715,
        0.45683013676705575,
        0.4544094598102188,
        0.45187774216311966,
        0.44940330569683434,
        0.44701823054183787,
        0.4445631906397286,
        0.44211398968611815,
        0.4397027297386898,
        0.43731507251058027,
        0.4349680643002573,
        0.4326562156021023,
        0.43042362024801284,
        0.4282562171659063,
        0.4262040864518946,
        0.4242176948468134,
        0.4223039512233734,
        0.42049273305304724,
        0.4187639253587127,
        0.4171211143130011,
        0.4156197822712054,
        0.4142756825225482,
        0.41303584052478354,
        0.41184300174196564,
        0.4107590290131205,
        0.40969563121403185,
        0.4087046522151871,
        0.40779156880467976,
        0.406949125982463,
        0.4061682368855496,
        0.4054114192226783,
        0.40470002021563795,
        0.4039832521039858,
        0.40327522693100376,
        0.40258079049629014,
        0.4018686804008887,
        0.4011773020385239,
        0.40045174199179245,
        0.39968189392991377,
        0.39890436941816965,
        0.398047120465582,
        0.39713295657005193,
        0.3961962299966931,
        0.3951128527190694,
        0.3939422697734633,
        0.3926345471361397,
        0.3912690103406884,
        0.38970449904133175,
        0.3879699698740063,
        0.3860565282794005,
        0.38402458260619293,
        0.3817940508760232,
        0.37938251526955946,
        0.37675997953098167,
        0.373914432876591,
        0.37100366968573123,
        0.36787952883667185,
        0.36446699437485974,
        0.36092197033295187,
        0.35708556940059705,
        0.35310516291328287,
        0.3488954065584268,
        0.344649448138303,
        0.34036515154195846,
        0.33586637582814083,
        0.33135388202198235,
        0.3266406639763564,
        0.321848300246436,
        0.3169960349136219,
        0.31237523621285584,
        0.3076322443384582,
        0.30307612910689663,
        0.29866956379436344,
        0.2944302558047742,
        0.2903430907562464,
        0.286324856568897,
        0.2825056040619022,
        0.2789863616328646,
        0.2758325812764184,
        0.2728333092196105,
        0.2700535074438493,
        0.2676615958341298,
        0.26526851907148147,
        0.2632031354910557,
        0.2611592777335946,
        0.2593483369323763,
        0.2576832649761291,
        0.2563337489904887,
        0.2550198001507744,
        0.2539302487244818,
        0.2532559442407126,
        0.2525129616710976,
        0.25192077013041014,
        0.25146958661863367,
        0.25110901038053524,
        0.25070646733085966,
        0.25030885656759533,
        0.24991635224872236,
        0.2496053886090464,
        0.2492364324977656,
        0.24888045203306455
      ],