{
  "schema": {
    "name": "full_qae_bundle",
    "version": "1.0"
  },
  "timestamp": "2025-09-08 11:50:11",
  "dataset": {
    "id": "MG_bench",
    "scale_low": 0.2,
    "scale_high": 0.8,
    "window_size": 4,
    "window_stride": 1
  },
  "run": {
    "tag": "inst1_L3",
    "instance_id": 1,
    "seed": 10023,
    "sigma_train": 0.1,
    "sigma_eval": 0.1
  },
  "architecture": {
    "n_qubits": 4,
    "n_layers": 3,
    "n_latent": 2,
    "n_trash": 2,
    "latent_wires": [
      0,
      1
    ],
    "trash_wires": [
      2,
      3
    ],
    "decoder_mode": "adjoint_encoder"
  },
  "training": {
    "stage1": {
      "lr_init": 0.0,
      "max_epochs": 0,
      "patience": 0,
      "lr_patience": 0,
      "best_val": NaN,
      "final_val": NaN,
      "best_epoch": -1,
      "epochs": 0,
      "train_curve": [],
      "val_curve": [],
      "lr_curve": [],
      "train_seconds": NaN
    },
    "stage3": {
      "lr_init": 0.5,
      "max_epochs": 120,
      "patience": 0,
      "plateau_steps": 0,
      "plateau_factor": 1.0,
      "best_val_mse": 0.0019307579796758027,
      "final_val_mse": 0.002545193524778385,
      "best_epoch": 77,
      "epochs": 120,
      "train_curve": [
        0.07582055065513753,
        0.29453040984286594,
        0.253223872867554,
        0.2610763198621618,
        0.1418342335878547,
        0.15067929543415126,
        0.06412351713941178,
        0.04976733599676219,
        0.05286527480375166,
        0.05782012071248496,
        0.03954919524412459,
        0.024456097396836175,
        0.028670970503023776,
        0.02611739324458932,
        0.024854249970005102,
        0.021718660408549053,
        0.019712964802802282,
        0.018386460961234113,
        0.01791997806080121,
        0.018902833484898265,
        0.0145603847326929,
        0.011330354218953379,
        0.012444910920512085,
        0.011046954565304662,
        0.00804911248888866,
        0.00883378110801507,
        0.009175828755077494,
        0.007210024572493316,
        0.006491103778422422,
        0.005927235837798531,
        0.005973023887207544,
        0.005693186130768083,
        0.005068577006842024,
        0.0049316388871909365,
        0.005770326604018736,
        0.004185106406891404,
        0.0036357366354181986,
        0.004881319757865212,
        0.0036825442036142967,
        0.00383475974798568,
        0.003458076332607984,
        0.0036708763510329783,
        0.0032306369040600875,
        0.003522974131639671,
        0.00345738144070668,
        0.003674816782148354,
        0.003213922610060386,
        0.0034449332187604545,
        0.003313128275291055,
        0.002919783999625672,
        0.003170283528501938,
        0.0028858949552481136,
        0.0031541093703572245,
        0.0030610556881087636,
        0.002751343040885983,
        0.00303742013971805,
        0.0031795608845369703,
        0.0024494431610830175,
        0.002592334216891867,
        0.0024389362967844833,
        0.0025159167495986995,
        0.0025975099786319914,
        0.0029772736239127304,
        0.0025795946939986525,
        0.0026381297641036167,
        0.0025362526278014295,
        0.0027445195720023235,
        0.0028447938819693773,
        0.0024386922970977324,
        0.0023146425208370445,
        0.0022757122095101263,
        0.002177735857373812,
        0.0022641058589005897,
        0.002335335201677642,
        0.002158809238066293,
        0.0023902394387683695,
        0.002234257704775932,
        0.0019307579796758027,
        0.0022155330003037987,
        0.0024016588019904247,
        0.00238274841038918,
        0.0020542381485557436,
        0.002168726198626093,
        0.0023960838996891108,
        0.0024827267403272767,
        0.0019468555206083099,
        0.002276716183222934,
        0.0022992430237325843,
        0.0025928608664148724,
        0.0024412374957007133,
        0.0026671108392796825,
        0.0019974310135530663,
        0.0026472960418382936,
        0.002607892288812669,
        0.002557862932874983,
        0.002196253762371445,
        0.0025114108021515045,
        0.0024755248340377544,
        0.0021130081235762855,
        0.0023106752424401343,
        0.0025789337946297607,
        0.0019384691549052808,
        0.002370009316316334,
        0.002537134883044885,
        0.0027440980169799894,
        0.00270530785496287,
        0.0028386863422073163,
        0.002134244955013625,
        0.0028707236069049117,
        0.002365618079746556,
        0.002448735506356871,
        0.0023070709925392505,
        0.002934195228257164,
        0.002418441196783772,
        0.0034188402002227505,
        0.0038687220183586655,
        0.0029000429063342084,
        0.002351657944834706,
        0.0022557893642528226,
        0.002545193524778385
      ],