{
  "schema": {
    "name": "full_qae_bundle",
    "version": "1.0"
  },
  "timestamp": "2025-09-08 12:04:18",
  "dataset": {
    "id": "MG_bench",
    "scale_low": 0.2,
    "scale_high": 0.8,
    "window_size": 4,
    "window_stride": 1
  },
  "run": {
    "tag": "inst4_L3",
    "instance_id": 4,
    "seed": 10026,
    "sigma_train": 0.1,
    "sigma_eval": 0.1
  },
  "architecture": {
    "n_qubits": 4,
    "n_layers": 3,
    "n_latent": 2,
    "n_trash": 2,
    "latent_wires": [
      0,
      1
    ],
    "trash_wires": [
      2,
      3
    ],
    "decoder_mode": "adjoint_encoder"
  },
  "training": {
    "stage1": {
      "lr_init": 0.0,
      "max_epochs": 0,
      "patience": 0,
      "lr_patience": 0,
      "best_val": NaN,
      "final_val": NaN,
      "best_epoch": -1,
      "epochs": 0,
      "train_curve": [],
      "val_curve": [],
      "lr_curve": [],
      "train_seconds": NaN
    },
    "stage3": {
      "lr_init": 0.5,
      "max_epochs": 120,
      "patience": 0,
      "plateau_steps": 0,
      "plateau_factor": 1.0,
      "best_val_mse": 0.002278296432674639,
      "final_val_mse": 0.0030272155055734605,
      "best_epoch": 108,
      "epochs": 120,
      "train_curve": [
        0.0967037321634114,
        0.20926660107606254,
        0.26583606124283776,
        0.19845881771606547,
        0.22332671792525424,
        0.18177555529966813,
        0.09686377244450074,
        0.13527116578745152,
        0.06640654386326099,
        0.05166403537705537,
        0.05407640426104342,
        0.02875964673696367,
        0.02556311510778542,
        0.05492526214674233,
        0.03501968142998952,
        0.02293058699864424,
        0.019647373108717146,
        0.01348356264580894,
        0.033805075221290844,
        0.014741730171553417,
        0.016221071159196132,
        0.029560172445222715,
        0.012972598186564056,
        0.01609918626142411,
        0.01688804328987368,
        0.015639204410546004,
        0.015200020830261706,
        0.01157729738783611,
        0.010093820681841283,
        0.008750465569317733,
        0.008653016430404527,
        0.007395883871917818,
        0.007466208407115319,
        0.006751805278692272,
        0.006403453344121458,
        0.007166647604420705,
        0.00619200545933727,
        0.005046344528032528,
        0.004483198322052335,
        0.004749721243993602,
        0.0048606603036887176,
        0.004726821132053294,
        0.0037210315255263382,
        0.005366819656494483,
        0.003916389860422232,
        0.003229217520227264,
        0.0040061380107674046,
        0.0033141632156069964,
        0.00343537553663758,
        0.0031833024583524283,
        0.0029501490545665674,
        0.0033780917168794644,
        0.0028964876636496497,
        0.0027797830827663433,
        0.00294373750633189,
        0.0031565757995300693,
        0.0029097679671165216,
        0.002962990623232386,
        0.0027685527283922936,
        0.0031704298720286865,
        0.002805128840105435,
        0.0028730299973185216,
        0.0027231965473934875,
        0.003104634250609789,
        0.0028068132634256598,
        0.002533745795684284,
        0.0028277563006230953,
        0.0029712302633594797,
        0.002872886686554858,
        0.003830701662958785,
        0.0032380858014858073,
        0.0028450938442323155,
        0.00411119524801808,
        0.0026006439345717634,
        0.0034768778275196736,
        0.0026237040196411612,
        0.0036150608335763163,
        0.0027864878932080004,
        0.003397308639075556,
        0.0025970659303552607,
        0.00368016508028491,
        0.002507254922395526,
        0.0040635216724389245,
        0.0023379035150178033,
        0.0036478473941174133,
        0.0023113674692031867,
        0.003448077675549694,
        0.0027753845095132164,
        0.002959324637792985,
        0.002438553293565183,
        0.0031878632946117863,
        0.002629912264873851,
        0.002597697722344069,
        0.0026694043459988765,
        0.0023037730498530395,
        0.002418728622488738,
        0.002805152552253163,
        0.002515350151847932,
        0.0024713189673868257,
        0.0026536287369868733,
        0.003371080771357035,
        0.002808520173838607,
        0.0027606973438004468,
        0.004223133190084699,
        0.0023530608013012763,
        0.0037220201018707743,
        0.0024336335408472634,
        0.003832990932891037,
        0.002278296432674639,
        0.0032000500742660355,
        0.0024491743427144646,
        0.0034295678884948473,
        0.0023073491051815984,
        0.0037285498355376385,
        0.002529884846572535,
        0.004167415850419801,
        0.0026837764177479934,
        0.0028856342990558545,
        0.0026750813638685943,
        0.0030272155055734605
      ],