{
  "schema": {
    "name": "half_qae_bundle",
    "version": "1.0"
  },
  "timestamp": "2025-09-22 05:17:08",
  "dataset": {
    "id": "mackey_glass_tau17_n200",
    "scale_low": 0.2,
    "scale_high": 0.8,
    "window_size": 6,
    "window_step": 2,
    "split": 0.75
  },
  "run": {
    "instance_id": 1,
    "layer": 3,
    "sigma_eval": 0.2,
    "test_seed_fixed": 99123
  },
  "environment": {
    "device": "default.qubit",
    "reset_mode": "none"
  },
  "architecture": {
    "n_qubits": 6,
    "n_latent": 4,
    "n_trash": 2
  },
  "parameters": {
    "phi": [
      0.6176120788503444,
      -0.6001804046707554,
      0.1979011856732962,
      0.3262506013405555,
      -0.10532918570262993,
      -0.3747524376836889,
      0.04756472182054883,
      -0.0361048205070531,
      -0.25664972271286607,
      0.46942619741566977,
      0.4133817153226149,
      -0.4219459235626731,
      -0.8336792269490833,
      0.18038683010979978,
      1.4196822695505331,
      0.20879005789264207,
      -1.13501635951758,
      0.22374511779687029,
      0.42852397970998485,
      -0.30576228308378856,
      0.13447762854945747,
      -0.9406334887261534,
      0.15893008517496632,
      -0.0888535997426097,
      -0.6084091099784961,
      0.5379845965330239,
      -0.07772435813647852,
      -0.4303816719735026,
      0.8499849346088957,
      -0.4109634531357069,
      -0.024081861935600902,
      -0.30673973374784314,
      0.15515506534232248,
      0.28772631723383785,
      -0.010163922785066903,
      0.14275248259172357,
      0.06272911726071032,
      -0.03003230521201631,
      0.0809756221410952,
      0.44994762286763296,
      1.025114306553929,
      0.26994566033473893,
      -0.06879805496847827,
      -0.5969295986902028,
      0.27446337082385447,
      -0.7087813516925073,
      1.0581541825704648,
      0.628394548714689,
      1.7321444366590548,
      -0.8889593003595286,
      0.19921930812582003,
      0.4540771722528629,
      1.957522321383475,
      -0.3743223852635114
    ],
    "psi": [
      0.033929750557419605,
      -0.09785713812538126,
      -0.014498956437495313,
      0.013361591027030897,
      -0.047427535005124956,
      -0.04628209820792965,
      0.004763272891869212,
      -0.02640914788215804,
      -0.0072419299166766775,
      0.011468564878016336,
      0.04160077774693309,
      -0.05665676434615158,
      -0.0630030260918074,
      0.023988791103366446,
      0.05904604784120511,
      0.03549023903312775,
      -0.0765010620352575,
      0.03328571273923611,
      0.02468963609189268,
      -0.03037524736609636,
      0.04777995653569448,
      -0.13056460136744016,
      0.05190239130423363,
      -0.00676053602768373,
      -0.06275924318495443,
      0.06386685365395194,
      -0.004530428572159295,
      -0.09355083905205092,
      -0.008626094332651333,
      -0.08748939963179207,
      -0.015572747543309057,
      -0.09160887180855445,
      -0.013386212406192583,
      -0.001697869580270585,
      0.0012031651783575331,
      -0.043920672589464166,
      0.006609249368492908,
      -0.04762706984374309,
      0.03217999843556899,
      0.04933950749163132,
      0.044699328039593145,
      0.05253514014287519,
      0.026799947922170494,
      -0.03698206130813845,
      -0.07396610894925236,
      -0.0200030218556688,
      0.08911333787448773,
      0.022164422858428744,
      0.014929581122268868,
      -0.0278278157216769,
      0.016189922930311997,
      0.04305076589318594,
      0.0774467901183913,
      -0.007498936004399397
    ]
  },
  "metrics_series": {
    "mse_train_noise": 0.019067164300121137,
    "mse_train_recovered": 0.022588013241413015,
    "delta_train_pct": -18.465509007385595,
    "mse_test_noise": 0.018957942152927745,
    "mse_test_recovered": 0.022628056211012344,
    "delta_test_pct": -19.359242835952053
  }
}