{
  "schema": {
    "name": "half_qae_bundle",
    "version": "1.0"
  },
  "timestamp": "2025-09-22 05:17:26",
  "dataset": {
    "id": "mackey_glass_tau17_n200",
    "scale_low": 0.2,
    "scale_high": 0.8,
    "window_size": 6,
    "window_step": 2,
    "split": 0.75
  },
  "run": {
    "instance_id": 4,
    "layer": 3,
    "sigma_eval": 0.2,
    "test_seed_fixed": 99123
  },
  "environment": {
    "device": "default.qubit",
    "reset_mode": "none"
  },
  "architecture": {
    "n_qubits": 6,
    "n_latent": 4,
    "n_trash": 2
  },
  "parameters": {
    "phi": [
      -1.0044542458970744,
      -0.8932135637109698,
      -0.1472119735025131,
      0.449597195520104,
      -0.17893166193756627,
      1.0154399046925298,
      0.5402475822526941,
      -0.027539344273001056,
      -0.2654686618907245,
      -0.2565824501431156,
      0.5100158829072826,
      -0.5628706735585638,
      -0.8053042126603185,
      0.46902840262986084,
      0.37673344362883865,
      -0.24585260972302095,
      1.2742091085766925,
      0.14910315792244502,
      -0.7730878799136072,
      -0.015749322904810136,
      0.05979768145925048,
      0.2080181178570099,
      0.3837236129008868,
      -0.4787182788812478,
      0.24854752329654,
      -0.17742475185693787,
      -0.009855758705465066,
      -0.949291320296822,
      -0.08188577783128331,
      0.37603761504513866,
      -0.7836603222518186,
      -0.09204649347394675,
      -1.2985640118861161,
      -0.26696273026475004,
      0.15200305590700797,
      0.5537627671266169,
      0.21966141080656157,
      0.19275868997720727,
      0.02002950669369974,
      -0.81251307267221,
      -0.7786052113624413,
      1.1465538201958712,
      0.1761757606377465,
      -0.43520179759883826,
      0.04094360495511344,
      -1.1399592661903626,
      -0.17211832253091627,
      -0.5091737882600371,
      0.9063987581793762,
      -1.5570968608890805,
      0.11244828123352715,
      -0.20967781397993474,
      -0.9853145510135429,
      -1.478252344225759
    ],
    "psi": [
      -0.06968343256678339,
      -0.11567296841536603,
      -0.041306501061160385,
      0.04747331916498976,
      -0.05712571377310802,
      0.06001160041232048,
      0.020935448832074127,
      -4.0839466405223694e-05,
      -0.0671047979031674,
      -0.061856018862265445,
      0.03557449812664298,
      -0.07303449545652285,
      5.425899841704116e-06,
      -0.050047845487615185,
      0.034009791166560964,
      0.07691908198601506,
      -0.017134768918221813,
      -0.005476479300460665,
      -0.07598815420524843,
      -0.01663827777529373,
      0.08090470341615405,
      0.05010943613511801,
      0.053170676064681816,
      -0.053462140664349074,
      -0.013917222352876972,
      -0.012772731787835931,
      -0.015490714910723248,
      -0.12465225552316823,
      0.002730426518535534,
      0.0593955608335839,
      0.011644775273251473,
      -0.0395926424809014,
      -0.08028516863756897,
      -0.00525530138546622,
      -0.039754565531046795,
      0.007675607559858176,
      0.02898830890947869,
      -0.04426621969423234,
      -0.06370494455114094,
      -0.08796797634365744,
      -0.0762222420993749,
      0.07353766140268243,
      -0.05524263662859696,
      -0.045895649308871175,
      0.07089706613988325,
      -0.1757581583351436,
      -0.052210033236806175,
      0.012321052178571948,
      0.009345691488885689,
      -0.08970411543690993,
      -0.025180223915557142,
      -0.03921768119548879,
      -0.1072558600811845,
      -0.16101868641126968
    ]
  },
  "metrics_series": {
    "mse_train_noise": 0.019067164300121137,
    "mse_train_recovered": 0.024016382186847197,
    "delta_train_pct": -25.956759006343777,
    "mse_test_noise": 0.018957942152927745,
    "mse_test_recovered": 0.023485392422869324,
    "delta_test_pct": -23.88154913344531
  }
}