{
  "schema": {
    "name": "half_qae_bundle",
    "version": "1.0"
  },
  "timestamp": "2025-09-11 23:37:43",
  "dataset": {
    "id": "mackey_glass_tau30_n200",
    "scale_low": 0.2,
    "scale_high": 0.8,
    "window_size": 4,
    "window_stride": 1
  },
  "run": {
    "tag": "inst5_L1",
    "instance_id": 5,
    "seed": 5,
    "sigma_train": 0.2,
    "sigma_eval": 0.2
  },
  "architecture": {
    "n_qubits": 4,
    "n_layers": 1,
    "n_latent": 3,
    "n_trash": 1,
    "latent_wires": [
      0,
      1,
      2
    ],
    "trash_wires": [
      3
    ]
  },
  "training": {
    "stage1": {
      "lr_init": 0.01,
      "max_epochs": 120,
      "patience": 10,
      "lr_patience": 8,
      "best_val": 0.3064592980719515,
      "final_val": 0.3075972924278775,
      "best_epoch": 62,
      "epochs": 73,
      "train_curve": [
        0.48824454692811914,
        0.4860513092364049,
        0.4834865740516538,
        0.4799140820891478,
        0.47661817860881567,
        0.47777179509416107,
        0.4758696316396531,
        0.4720905361228257,
        0.46975810449802,
        0.4698837814148939,
        0.46729805153978193,
        0.4662751390173984,
        0.46545517731017594,
        0.46649659526988985,
        0.46598369001225204,
        0.4604891304204802,
        0.46348319710751307,
        0.4604588293435261,
        0.45656235359536723,
        0.4572640798627502,
        0.45297074726153136,
        0.44586232430352923,
        0.4420667127578989,
        0.43932043390642583,
        0.4331795731888044,
        0.42260282652410175,
        0.41239405563959186,
        0.4028889120289973,
        0.3957320641213508,
        0.3839122636259444,
        0.36596376524413743,
        0.3610512805136018,
        0.3551298899063067,
        0.3495645537265307,
        0.33231488281239263,
        0.33076989658414324,
        0.31913231390534047,
        0.3164923348103903,
        0.3153181314728345,
        0.3110441238930869,
        0.30749123952263036,
        0.3033748397998659,
        0.30420034325593237,
        0.3075186955950171,
        0.30460183921358197,
        0.30404359504533046,
        0.3044579916926516,
        0.3080373706020837,
        0.2987108785789358,
        0.3011435870774477,
        0.3034782760535581,
        0.3052626185964737,
        0.29770982898567766,
        0.29709243409570496,
        0.304242225730448,
        0.2993038745841016,
        0.3012208013575468,
        0.29127098715023114,
        0.3040196023766398,
        0.30176724896220153,
        0.3026835824477615,
        0.2998393721783061,
        0.29943670181695026,
        0.29527693740237965,
        0.3004240077167027,
        0.3039152450126939,
        0.298704615277249,
        0.30044625345879056,
        0.30706495682875345,
        0.30054477786215594,
        0.3006132253304241,
        0.29993633857453833,
        0.30520829289307005
      ],
      "val_curve": [
        0.4783936178855644,
        0.47530759531288086,
        0.4724623659181694,
        0.4699486459148348,
        0.4678124190774972,
        0.4658306188570707,
        0.4641277611331378,
        0.4626054559634344,
        0.4611537074386433,
        0.45968428865005395,
        0.4583257372075124,
        0.45704543489703575,
        0.4559266024016521,
        0.4548364336276386,
        0.4538784533322504,
        0.453128944926538,
        0.4525015775865159,
        0.4519475776988907,
        0.45145394589361015,
        0.4509921915170751,
        0.45057083577467394,
        0.45014591894345984,
        0.44931330167760936,
        0.44801515304177003,
        0.4461876374149673,
        0.4434270686015932,
        0.43952777638895346,
        0.4345473151496984,
        0.4283541828569364,
        0.42106950691359196,
        0.41289367479265204,
        0.403920912068575,
        0.3944675446996338,
        0.3847877025833017,
        0.3754224131056159,
        0.3668124150244948,
        0.3585540671277891,
        0.3510955907121338,
        0.3442265316355687,
        0.3378742534149808,
        0.33270984473309034,
        0.3282788331282137,
        0.3243058551736059,
        0.3210670281068152,
        0.3180486615450347,
        0.31563138815031816,
        0.31357787547545785,
        0.3120276654636264,
        0.31081883735629495,
        0.3097313993655862,
        0.3087955804106703,
        0.30854826002252944,
        0.307930501443406,
        0.30766653468177996,
        0.3074684706385396,
        0.30704800705566343,
        0.3072133120912632,
        0.307195899283282,
        0.30670907723571367,
        0.30669554130718285,
        0.30688210310208996,
        0.30670041880026055,
        0.3064592980719515,
        0.30649167210079364,
        0.306549293528781,
        0.30695778712656896,
        0.30704735005437006,
        0.30753830989957376,
        0.30744472458807914,
        0.30738191028489686,
        0.30692852820884864,
        0.30723409208474395,
        0.3075972924278775
      ],
      "lr_curve": [
        0.01,
        0.01,
        0.01,
        0.01,
        0.01,
        0.01,
        0.01,
        0.01,
        0.01,
        0.01,
        0.01,
        0.01,
        0.01,
        0.01,
        0.01,
        0.01,
        0.01,
        0.01,
        0.01,
        0.01,
        0.01,
        0.01,
        0.01,
        0.01,
        0.01,
        0.01,
        0.01,
        0.01,
        0.01,
        0.01,
        0.01,
        0.01,
        0.01,
        0.01,
        0.01,
        0.01,
        0.01,
        0.01,
        0.01,
        0.01,
        0.01,
        0.01,
        0.01,
        0.01,
        0.01,
        0.01,
        0.01,
        0.01,
        0.01,
        0.01,
        0.01,
        0.01,
        0.01,
        0.01,
        0.01,
        0.01,
        0.01,
        0.01,
        0.01,
        0.01,
        0.01,
        0.01,
        0.01,
        0.01,
        0.01,
        0.01,
        0.01,
        0.01,
        0.01,
        0.01,
        0.01,
        0.005,
        0.005
      ],
      "train_seconds": 56.71052408218384
    },
    "stage3": {
      "lr_init": 0.003,
      "max_epochs": 60,
      "patience": 10,
      "plateau_steps": 5,
      "plateau_factor": 0.5,
      "best_val_mse": 0.009939475613508468,
      "final_val_mse": 0.009981750017446018,
      "best_epoch": 13,
      "epochs": 24,
      "train_curve": [
        0.20300381661596234,
        0.20203486201758789,
        0.19414435270089006,
        0.20222425370583222,
        0.19976801157158683,
        0.1972698694755202,
        0.2041937094398451,
        0.21237863651432395,
        0.19249310095594224,
        0.20914228063797674,
        0.20315337462739058,
        0.2063726878650422,
        0.19937130983933324,
        0.20677027770224463,
        0.20090159681031972,
        0.1996444140323583,
        0.2106484671939179,
        0.20512413180850075,
        0.20706014371704526,
        0.19864203911750056,
        0.21235952351155934,
        0.19712452331437733,
        0.20507783253614456,
        0.20359552921091978
      ],
      "val_curve": [
        0.013120507475936516,
        0.01235103890329836,
        0.011612193934303017,
        0.011114475676837118,
        0.010714262050896036,
        0.01050584506029237,
        0.010297749869039415,
        0.010216177502422425,
        0.010137053887526516,
        0.010047010485801361,
        0.00996554965737847,
        0.009946666853224425,
        0.00996183933545953,
        0.009939475613508468,
        0.009979186550096782,
        0.010014449490823757,
        0.010033387589918855,
        0.010011235770653047,
        0.010001072664348895,
        0.010077794320068676,
        0.01006923993959157,
        0.010016856063148945,
        0.010003784750855487,
        0.009981750017446018
      ],