{
  "schema": {
    "name": "half_qae_bundle",
    "version": "1.0"
  },
  "timestamp": "2025-09-11 23:37:43",
  "dataset": {
    "id": "mackey_glass_tau30_n200",
    "scale_low": 0.2,
    "scale_high": 0.8,
    "window_size": 4,
    "window_stride": 1
  },
  "run": {
    "tag": "inst2_L1",
    "instance_id": 2,
    "seed": 2,
    "sigma_train": 0.2,
    "sigma_eval": 0.2
  },
  "architecture": {
    "n_qubits": 4,
    "n_layers": 1,
    "n_latent": 3,
    "n_trash": 1,
    "latent_wires": [
      0,
      1,
      2
    ],
    "trash_wires": [
      3
    ]
  },
  "training": {
    "stage1": {
      "lr_init": 0.01,
      "max_epochs": 120,
      "patience": 10,
      "lr_patience": 8,
      "best_val": 0.30521986695784686,
      "final_val": 0.30655566029985737,
      "best_epoch": 73,
      "epochs": 84,
      "train_curve": [
        0.4928288675622491,
        0.48952280379820445,
        0.4839416187778958,
        0.4829196643332119,
        0.4760350452571067,
        0.4753200808219529,
        0.4722078817080973,
        0.46899664313018735,
        0.4667072998124786,
        0.4644862434260662,
        0.4609390824827975,
        0.4586775880080105,
        0.45962784998851475,
        0.4581366214364406,
        0.45626938338847867,
        0.448962566566378,
        0.4488033798826374,
        0.44494150708432456,
        0.4414188836339178,
        0.43848714326428434,
        0.428398595018058,
        0.42568339522438464,
        0.41701420565025926,
        0.41189802446143914,
        0.40239866686272185,
        0.39277912113475344,
        0.38496410605284065,
        0.3749767592059277,
        0.36191864821590936,
        0.36160451297786234,
        0.34638605167903286,
        0.3502219172137906,
        0.33366860644672053,
        0.32940400305763246,
        0.3217770808382795,
        0.3182751671695002,
        0.3121880262754175,
        0.3117063225941975,
        0.31118724601256786,
        0.30855938953399664,
        0.30314954877942246,
        0.3002205184608418,
        0.3019651124088362,
        0.2986702929444568,
        0.3029272518072331,
        0.30315101090608554,
        0.3022255539843467,
        0.30248185784616066,
        0.3002199979922336,
        0.302213803957403,
        0.3009514719880002,
        0.30097463135929203,
        0.2997091999745992,
        0.3037190543462346,
        0.2993682498278558,
        0.3010478728872359,
        0.3020261968975026,
        0.3019718891010643,
        0.30019840332662745,
        0.29906540925041325,
        0.2992041283796727,
        0.3033006739913945,
        0.29920976478936134,
        0.2968950562262581,
        0.3022074623015881,
        0.2943892972499492,
        0.29920975804975614,
        0.3024810678905184,
        0.2998182483119334,
        0.3001301890009127,
        0.3004843370767968,
        0.303989200347536,
        0.3029928863121508,
        0.30134795358907074,
        0.30032346777381946,
        0.297190960250368,
        0.3043411810080348,
        0.2970273364328806,
        0.299740770277446,
        0.2963304495878326,
        0.302851829195118,
        0.30267897848471914,
        0.3023019313788683,
        0.29850247939961433
      ],
      "val_curve": [
        0.48370819557415173,
        0.47967833759508166,
        0.4757617581843269,
        0.47206498705342603,
        0.4687149112895222,
        0.46556678166969306,
        0.46256166204599225,
        0.45997578394021693,
        0.4576137853315984,
        0.45549493559107834,
        0.45360647621796657,
        0.45196239777545894,
        0.4506077802746916,
        0.44960549996649685,
        0.4487416144914456,
        0.4481535966211417,
        0.4475962516624342,
        0.4470372126242535,
        0.44631166559334223,
        0.4454276409278467,
        0.4443704726303242,
        0.4428193461973783,
        0.4407864240778272,
        0.43787993365165184,
        0.4341646039864971,
        0.42951897010586587,
        0.4240121008305639,
        0.41749694005744675,
        0.41033934854254533,
        0.40251222361207334,
        0.3941176383438141,
        0.3857102763188644,
        0.37733921818604255,
        0.36934780850750715,
        0.36162008733068707,
        0.35463962753154715,
        0.34800327934169817,
        0.3420010291013408,
        0.3362748465702795,
        0.3313928734721233,
        0.3270753510830186,
        0.32329742030778985,
        0.32034971085303743,
        0.3179224679140469,
        0.3156927326572598,
        0.3139276078621237,
        0.3127536319594302,
        0.3116209865920291,
        0.3107341755896201,
        0.3101844569356846,
        0.30985750167931114,
        0.30901775170880896,
        0.30843055478862186,
        0.308299755458121,
        0.3080944677480062,
        0.307746026661874,
        0.3076753074852377,
        0.30722730074814686,
        0.3069872056120705,
        0.3069551875744746,
        0.3073454291471826,
        0.3078336733216421,
        0.30789181561511075,
        0.3076230990705682,
        0.307306902568821,
        0.3067026802916379,
        0.30653239820419315,
        0.306140131058165,
        0.3061700893423528,
        0.30624113283016313,
        0.30582447949350977,
        0.3058801787336661,
        0.30550529129915266,
        0.30521986695784686,
        0.3055213922175574,
        0.30598183473836865,
        0.3063663483681764,
        0.3063715801976859,
        0.30673677434975033,
        0.3071194205485915,
        0.30752704479728027,
        0.3075860810955005,
        0.30608907083793646,
        0.30655566029985737
      ],
      "lr_curve": [
        0.01,
        0.01,
        0.01,
        0.01,
        0.01,
        0.01,
        0.01,
        0.01,
        0.01,
        0.01,
        0.01,
        0.01,
        0.01,
        0.01,
        0.01,
        0.01,
        0.01,
        0.01,
        0.01,
        0.01,
        0.01,
        0.01,
        0.01,
        0.01,
        0.01,
        0.01,
        0.01,
        0.01,
        0.01,
        0.01,
        0.01,
        0.01,
        0.01,
        0.01,
        0.01,
        0.01,
        0.01,
        0.01,
        0.01,
        0.01,
        0.01,
        0.01,
        0.01,
        0.01,
        0.01,
        0.01,
        0.01,
        0.01,
        0.01,
        0.01,
        0.01,
        0.01,
        0.01,
        0.01,
        0.01,
        0.01,
        0.01,
        0.01,
        0.01,
        0.01,
        0.01,
        0.01,
        0.01,
        0.01,
        0.01,
        0.01,
        0.01,
        0.01,
        0.01,
        0.01,
        0.01,
        0.01,
        0.01,
        0.01,
        0.01,
        0.01,
        0.01,
        0.01,
        0.01,
        0.01,
        0.01,
        0.01,
        0.005,
        0.005
      ],
      "train_seconds": 65.20058798789978
    },
    "stage3": {
      "lr_init": 0.003,
      "max_epochs": 60,
      "patience": 10,
      "plateau_steps": 5,
      "plateau_factor": 0.5,
      "best_val_mse": 0.009758323910057678,
      "final_val_mse": 0.009778847978281163,
      "best_epoch": 32,
      "epochs": 43,