{
  "schema": {
    "name": "half_qae_bundle",
    "version": "1.0"
  },
  "timestamp": "2025-09-11 23:37:43",
  "dataset": {
    "id": "mackey_glass_tau30_n200",
    "scale_low": 0.2,
    "scale_high": 0.8,
    "window_size": 4,
    "window_stride": 1
  },
  "run": {
    "tag": "inst4_L1",
    "instance_id": 4,
    "seed": 4,
    "sigma_train": 0.2,
    "sigma_eval": 0.2
  },
  "architecture": {
    "n_qubits": 4,
    "n_layers": 1,
    "n_latent": 3,
    "n_trash": 1,
    "latent_wires": [
      0,
      1,
      2
    ],
    "trash_wires": [
      3
    ]
  },
  "training": {
    "stage1": {
      "lr_init": 0.01,
      "max_epochs": 120,
      "patience": 10,
      "lr_patience": 8,
      "best_val": 0.42927760849431207,
      "final_val": 0.4310341147266149,
      "best_epoch": 21,
      "epochs": 32,
      "train_curve": [
        0.5090814031691688,
        0.5037222022751597,
        0.499793591296653,
        0.4944462022320038,
        0.4898830022950484,
        0.48412142341528025,
        0.48186088638789537,
        0.47679342006725917,
        0.4728767981500115,
        0.46910637498800184,
        0.4673607958709919,
        0.4634494106487367,
        0.4637384468107755,
        0.45864795139449943,
        0.45576130550776833,
        0.45292860011539426,
        0.45009495339648947,
        0.4476413106401502,
        0.44277335364138604,
        0.44125184121516503,
        0.4370583443099938,
        0.4351817612883097,
        0.4268012826451711,
        0.4276136577602193,
        0.4243470883887591,
        0.42043482933634635,
        0.41410244816809405,
        0.4112223663111988,
        0.4056858972258337,
        0.4001243192943914,
        0.39838806078071376,
        0.3962117548692068
      ],
      "val_curve": [
        0.498009122524643,
        0.49236263761194293,
        0.48682907409981535,
        0.48150366485508356,
        0.4763228831281783,
        0.4712896932379854,
        0.46648713136841524,
        0.46201222902327277,
        0.4578385906040762,
        0.45393588770470217,
        0.45033917361961134,
        0.44688477937526566,
        0.44374769575484707,
        0.44086908803156133,
        0.4382227451315262,
        0.4358932276467947,
        0.43382871421797653,
        0.43219623017341513,
        0.4308119902760034,
        0.42996222831864933,
        0.4293861462092221,
        0.42927760849431207,
        0.42970436927354905,
        0.43035334286880805,
        0.43122219763165237,
        0.4320641058592482,
        0.432730490505303,
        0.43308357864583213,
        0.432945912110144,
        0.43215457936120905,
        0.4316320837675597,
        0.4310341147266149
      ],
      "lr_curve": [
        0.01,
        0.01,
        0.01,
        0.01,
        0.01,
        0.01,
        0.01,
        0.01,
        0.01,
        0.01,
        0.01,
        0.01,
        0.01,
        0.01,
        0.01,
        0.01,
        0.01,
        0.01,
        0.01,
        0.01,
        0.01,
        0.01,
        0.01,
        0.01,
        0.01,
        0.01,
        0.01,
        0.01,
        0.01,
        0.01,
        0.005,
        0.005
      ],
      "train_seconds": 24.744807958602905
    },
    "stage3": {
      "lr_init": 0.003,
      "max_epochs": 60,
      "patience": 10,
      "plateau_steps": 5,
      "plateau_factor": 0.5,
      "best_val_mse": 0.01171215174658625,
      "final_val_mse": 0.011980815936681268,
      "best_epoch": 4,
      "epochs": 15,
      "train_curve": [
        0.24630526118365795,
        0.23602485437973253,
        0.23875720276714893,
        0.23856896240656508,
        0.24346689746515038,
        0.2295768515763096,
        0.23210290299826858,
        0.22753088800815036,
        0.23326077408382243,
        0.20981403043521066,
        0.22677898992207654,
        0.21638189128396101,
        0.21551417070640802,
        0.2093807251114793,
        0.22513158905148914
      ],
      "val_curve": [
        0.012992173273097946,
        0.012263281282794766,
        0.011813206760909611,
        0.011727492425935428,
        0.01171215174658625,
        0.011769860717067666,
        0.011888749955319008,
        0.01209209976358322,
        0.012059696169927546,
        0.01200196397951697,
        0.012017818400989177,
        0.011981274341102324,
        0.01192374594447586,
        0.011919234803602033,
        0.011980815936681268
      ],
      "noisy_curve": [
        0.013846587727274512,
        0.013846587727274512,
        0.013846587727274512,
        0.013846587727274512,
        0.013846587727274512,
        0.013846587727274512,
        0.013846587727274512,
        0.013846587727274512,
        0.013846587727274512,
        0.013846587727274512,
        0.013846587727274512,
        0.013846587727274512,
        0.013846587727274512,
        0.013846587727274512,
        0.013846587727274512
      ],
      "delta_curve": [
        6.170577697590939,
        11.434632673875356,
        14.685069032275877,
        15.304097609297385,
        15.414887932887078,
        14.998113983824213,
        14.139496390861883,
        12.670904906306735,
        12.904923527312151,
        13.321865170608548,
        13.2073646035051,
        13.47128565471738,
        13.88675550013746,
        13.919334941099226,
        13.474596249573557
      ],
      "train_seconds": 46.584646701812744
    }
  },
  "parameters": {
    "phi_stage1": [
      -0.21532807931599732,
      -0.36964079451664916,
      -0.14721197346125456,
      0.11795162000227989,
      -0.5958562528062283,
      1.015439904618276,
      0.06505235267090521,
      0.7100492297142736,
      -0.26546866188885915,
      -0.0012720579843000345,
      0.5266433961247154,
      -0.5628706735494534
    ],
    "psi_stage3": [
      0.057701323783601675,
      -0.10902835987519445,
      0.0632671860436073,
      -0.06846416958690303,
      -0.3838095942384539,
      0.6091259964916355,
      0.17459433342197875,
      0.8991568319162406,
      -0.788200734378716,
      -0.12633635962699621,
      0.7904771043157373,
      -0.10082308432830188
    ]
  }
}