{
  "schema": {
    "name": "half_qae_bundle",
    "version": "1.0"
  },
  "timestamp": "2025-09-11 23:37:43",
  "dataset": {
    "id": "mackey_glass_tau30_n200",
    "scale_low": 0.2,
    "scale_high": 0.8,
    "window_size": 4,
    "window_stride": 1
  },
  "run": {
    "tag": "inst3_L1",
    "instance_id": 3,
    "seed": 3,
    "sigma_train": 0.2,
    "sigma_eval": 0.2
  },
  "architecture": {
    "n_qubits": 4,
    "n_layers": 1,
    "n_latent": 3,
    "n_trash": 1,
    "latent_wires": [
      0,
      1,
      2
    ],
    "trash_wires": [
      3
    ]
  },
  "training": {
    "stage1": {
      "lr_init": 0.01,
      "max_epochs": 120,
      "patience": 10,
      "lr_patience": 8,
      "best_val": 0.2902397969591277,
      "final_val": 0.30218761825117324,
      "best_epoch": 47,
      "epochs": 58,
      "train_curve": [
        0.501636387899066,
        0.5000410703937603,
        0.49814014935649975,
        0.49805816574540807,
        0.4956655573784964,
        0.49651892176174306,
        0.4970989626095253,
        0.49407641382893863,
        0.48986080594493925,
        0.4915766106027474,
        0.4896807843496182,
        0.4872697319967574,
        0.4844374660508744,
        0.4784076215826174,
        0.47384881843505744,
        0.4673107894368823,
        0.4581284385923614,
        0.4488858520798513,
        0.4376773954532271,
        0.4314032597620992,
        0.4171866304734189,
        0.4114255736855165,
        0.3968099354976406,
        0.39399195360544137,
        0.3851906882755115,
        0.378781849364517,
        0.37136771839140115,
        0.3638007418079304,
        0.36547372085597896,
        0.357240770337718,
        0.35636275309489873,
        0.35403339640808285,
        0.35302658931785547,
        0.350253921495543,
        0.3458520116847714,
        0.3462069518914376,
        0.3410136903224624,
        0.34434948302523566,
        0.33746260359611746,
        0.33767153742437095,
        0.3364004432716933,
        0.3345773146335629,
        0.3320293427735697,
        0.32316259995021984,
        0.3184415592971161,
        0.3201452698755404,
        0.31793154293961673,
        0.30996962786010107,
        0.31708212148981857,
        0.31238102977858845,
        0.3106929406799708,
        0.3058259001209425,
        0.30034939079844314,
        0.30010618252078525,
        0.30064119987555527,
        0.30010781787913166,
        0.3018442015282452,
        0.3010409028678295
      ],
      "val_curve": [
        0.4807462570404072,
        0.4797438645436838,
        0.4792328331764093,
        0.47883924471113354,
        0.47874764849297546,
        0.478431308387422,
        0.4782081957923099,
        0.4779026055572551,
        0.4773932957631777,
        0.47635903629240894,
        0.474705649491144,
        0.47262105892367856,
        0.46919415287088706,
        0.4644670071983116,
        0.4582213031905308,
        0.4499494725473913,
        0.4400479299449807,
        0.42878061688824126,
        0.4165586245359735,
        0.4037632723012196,
        0.3914530947309355,
        0.37966121795250685,
        0.36858553493127727,
        0.35881265649437655,
        0.3500878889538202,
        0.3424252235768529,
        0.3358154732458914,
        0.3302213718093003,
        0.32532358499962477,
        0.32132610975139275,
        0.3180078243651138,
        0.31530697291061477,
        0.313032489586213,
        0.3110900991629714,
        0.30928746240585314,
        0.30765407876369527,
        0.3058844698427349,
        0.30409496753271315,
        0.30225776606545846,
        0.3003187246957618,
        0.29844184091817255,
        0.2966295469203476,
        0.29467657131627817,
        0.29314641198660346,
        0.29174746568821697,
        0.2908791067630595,
        0.29044930514065886,
        0.2902397969591277,
        0.2905712270686063,
        0.2915876800972684,
        0.29303495459156126,
        0.2946114259922565,
        0.296069218476165,
        0.2977520559474782,
        0.2991887569761169,
        0.30085130102989666,
        0.30142610500786077,
        0.30218761825117324
      ],
      "lr_curve": [
        0.01,
        0.01,
        0.01,
        0.01,
        0.01,
        0.01,
        0.01,
        0.01,
        0.01,
        0.01,
        0.01,
        0.01,
        0.01,
        0.01,
        0.01,
        0.01,
        0.01,
        0.01,
        0.01,
        0.01,
        0.01,
        0.01,
        0.01,
        0.01,
        0.01,
        0.01,
        0.01,
        0.01,
        0.01,
        0.01,
        0.01,
        0.01,
        0.01,
        0.01,
        0.01,
        0.01,
        0.01,
        0.01,
        0.01,
        0.01,
        0.01,
        0.01,
        0.01,
        0.01,
        0.01,
        0.01,
        0.01,
        0.01,
        0.01,
        0.01,
        0.01,
        0.01,
        0.01,
        0.01,
        0.01,
        0.01,
        0.005,
        0.005
      ],
      "train_seconds": 45.27398490905762
    },
    "stage3": {
      "lr_init": 0.003,
      "max_epochs": 60,
      "patience": 10,
      "plateau_steps": 5,
      "plateau_factor": 0.5,
      "best_val_mse": 0.009683301051518323,
      "final_val_mse": 0.009704954308288268,
      "best_epoch": 15,
      "epochs": 26,
      "train_curve": [
        0.2130848370657249,
        0.20167732149679451,
        0.2145268618782032,
        0.20364454709826665,
        0.19445175007865217,
        0.20699025839107155,
        0.2007593451002285,
        0.1965027958913984,
        0.20207325041321453,
        0.198909914088378,
        0.2028893188108058,
        0.20034253770007052,
        0.20230047301130136,
        0.2000220788111372,
        0.21351651607777242,
        0.20038931939462282,
        0.19832420310360924,
        0.20544106325286343,
        0.20509727653254675,
        0.20256668100225084,
        0.21442665199066013,
        0.20153885086612058,
        0.21189387568164658,
        0.20191924787277488,
        0.20526662824858963,
        0.19810990621485194
      ],
      "val_curve": [
        0.012775432701809464,
        0.011697211668225332,
        0.010802513049099429,
        0.010369221091095235,
        0.010168038556615045,
        0.010072037144199693,
        0.00992830905068281,
        0.009850493024509832,
        0.009768982640658452,
        0.00978276012095009,
        0.009770288244725828,
        0.009738167120303114,
        0.009749750586206262,
        0.00976689570752616,
        0.00971422539832684,
        0.009683301051518323,
        0.009691299496204942,
        0.009710844188150648,
        0.009742552669883785,
        0.009706781290866237,
        0.009684691197348836,
        0.009711479719361177,
        0.009710600778582264,
        0.00973198706916654,
        0.00973277046622805,
        0.009704954308288268
      ],
      "noisy_curve": [
        0.013846587727274512,
        0.013846587727274512,
        0.013846587727274512,
        0.013846587727274512,
        0.013846587727274512,
        0.013846587727274512,
        0.013846587727274512,
        0.013846587727274512,
        0.013846587727274512,
        0.013846587727274512,
        0.013846587727274512,
        0.013846587727274512,
        0.013846587727274512,
        0.013846587727274512,
        0.013846587727274512,
        0.013846587727274512,
        0.013846587727274512,
        0.013846587727274512,
        0.013846587727274512,
        0.013846587727274512,
        0.013846587727274512,
        0.013846587727274512,
        0.013846587727274512,
        0.013846587727274512,
        0.013846587727274512,
        0.013846587727274512
      ],