{
  "schema": {
    "name": "half_qae_bundle",
    "version": "1.0"
  },
  "timestamp": "2025-09-11 23:37:43",
  "dataset": {
    "id": "mackey_glass_tau30_n200",
    "scale_low": 0.2,
    "scale_high": 0.8,
    "window_size": 4,
    "window_stride": 1
  },
  "run": {
    "tag": "inst1_L1",
    "instance_id": 1,
    "seed": 1,
    "sigma_train": 0.2,
    "sigma_eval": 0.2
  },
  "architecture": {
    "n_qubits": 4,
    "n_layers": 1,
    "n_latent": 3,
    "n_trash": 1,
    "latent_wires": [
      0,
      1,
      2
    ],
    "trash_wires": [
      3
    ]
  },
  "training": {
    "stage1": {
      "lr_init": 0.01,
      "max_epochs": 120,
      "patience": 10,
      "lr_patience": 8,
      "best_val": 0.30632115993616094,
      "final_val": 0.30841950704962234,
      "best_epoch": 65,
      "epochs": 76,
      "train_curve": [
        0.4838882850681814,
        0.4764846847234812,
        0.4726243807123288,
        0.4643601108178471,
        0.46194098380349846,
        0.4548665665369739,
        0.4512151975868058,
        0.4444744946196445,
        0.4414651356304608,
        0.4369940555692571,
        0.43156807172416145,
        0.4276421153051686,
        0.41416454813252956,
        0.41131304650083894,
        0.4007580726596699,
        0.40096484200160953,
        0.3861321020049799,
        0.38150262080078645,
        0.37465998964018715,
        0.36452918758470926,
        0.35352770528338806,
        0.3546991578123726,
        0.34479796813266306,
        0.33881186998152807,
        0.3370118804307539,
        0.3352343383260961,
        0.3269993441552014,
        0.3250817211880093,
        0.3182896010828792,
        0.31800464745002494,
        0.31435637117749615,
        0.31107835767406106,
        0.30819282764853634,
        0.31241308320196126,
        0.30971706154686746,
        0.30371481666723105,
        0.3003349313408886,
        0.3037845838132016,
        0.3031371728985557,
        0.30153100758552,
        0.30294874197955546,
        0.29768170745204975,
        0.29841177917543465,
        0.29896459507766887,
        0.30366699161999766,
        0.3009273983396303,
        0.30704071894116824,
        0.30234279393869395,
        0.30326857108265604,
        0.30026981018603477,
        0.2974047289566392,
        0.30016062676097044,
        0.2955536105373028,
        0.3007592567591373,
        0.3006398913533829,
        0.30371095076986804,
        0.3001295125877446,
        0.29976875217415755,
        0.29632951355186243,
        0.30706864633014985,
        0.297530661594854,
        0.29948172094518755,
        0.3033925304136287,
        0.30334669828361616,
        0.30019199854485,
        0.300258789456302,
        0.30113661416199466,
        0.2997260560886583,
        0.30553104694706157,
        0.30097337762485127,
        0.29671929782630485,
        0.30299175008400536,
        0.3020256842804998,
        0.2951190686014999,
        0.3008314905310654,
        0.3091287622249826
      ],
      "val_curve": [
        0.4772022827179644,
        0.4707809444218868,
        0.4648328611232818,
        0.4596214114637416,
        0.45516311341168664,
        0.4515012732132323,
        0.44870565539922413,
        0.4464253842326015,
        0.44462936047241514,
        0.44303424249608314,
        0.44141670154935325,
        0.4397661452218049,
        0.43789035128259235,
        0.43559689065672363,
        0.43278366159357484,
        0.429357631427573,
        0.42531864520525564,
        0.42064509534987005,
        0.41535820178932364,
        0.40969156305363236,
        0.403663189434296,
        0.39721797226537675,
        0.39075792980388024,
        0.38438393447456043,
        0.3780416163463616,
        0.37178150908239455,
        0.36588888445812123,
        0.3600349307986649,
        0.35479803415007594,
        0.34976069207011595,
        0.3452675901953583,
        0.3410488630474518,
        0.3373311591135054,
        0.3339416880459397,
        0.33084877045652383,
        0.32814181716259344,
        0.3254748738509254,
        0.3234820044994324,
        0.32191763506241033,
        0.3203012184442776,
        0.31923773504266856,
        0.3177271292234466,
        0.3165351620639087,
        0.3152600082350666,
        0.3142452466748225,
        0.3131495022075068,
        0.3124437818190037,
        0.3114750513179607,
        0.3108520971941531,
        0.310164040452195,
        0.3097676201988925,
        0.30946166883254644,
        0.3089669973512754,
        0.30876589549335043,
        0.3086517460573198,
        0.3085383670653095,
        0.3082679594702024,
        0.3077578991528688,
        0.30743462289249995,
        0.3075288967254493,
        0.30738429544619467,
        0.30747919144643604,
        0.3072711428019563,
        0.30679658424827655,
        0.3065055856649931,
        0.30632115993616094,
        0.3065226965567578,
        0.3064974455761519,
        0.3069357154438858,
        0.3072022247576018,
        0.3071179204440137,
        0.3069695771900297,
        0.3070746714816513,
        0.30748367547874217,
        0.3083713714117923,
        0.30841950704962234
      ],
      "lr_curve": [
        0.01,
        0.01,
        0.01,
        0.01,
        0.01,
        0.01,
        0.01,
        0.01,
        0.01,
        0.01,
        0.01,
        0.01,
        0.01,
        0.01,
        0.01,
        0.01,
        0.01,
        0.01,
        0.01,
        0.01,
        0.01,
        0.01,
        0.01,
        0.01,
        0.01,
        0.01,
        0.01,
        0.01,
        0.01,
        0.01,
        0.01,
        0.01,
        0.01,
        0.01,
        0.01,
        0.01,
        0.01,
        0.01,
        0.01,
        0.01,
        0.01,
        0.01,
        0.01,
        0.01,
        0.01,
        0.01,
        0.01,
        0.01,
        0.01,
        0.01,
        0.01,
        0.01,
        0.01,
        0.01,
        0.01,
        0.01,
        0.01,
        0.01,
        0.01,
        0.01,
        0.01,
        0.01,
        0.01,
        0.01,
        0.01,
        0.01,
        0.01,
        0.01,
        0.01,
        0.01,
        0.01,
        0.01,
        0.01,
        0.01,
        0.005,
        0.005
      ],
      "train_seconds": 60.83508014678955
    },
    "stage3": {
      "lr_init": 0.003,
      "max_epochs": 60,
      "patience": 10,
      "plateau_steps": 5,
      "plateau_factor": 0.5,
      "best_val_mse": 0.009797700998802464,
      "final_val_mse": 0.009949129893982191,
      "best_epoch": 26,
      "epochs": 37,
      "train_curve": [
        0.20549564082273594,
        0.19546594266836084,
        0.2104109762042601,
        0.20527742631684204,
        0.19841177139167068,
        0.19639750890891391,
        0.20439890318628245,
        0.21153760785454298,
        0.20308795247025307,
        0.20036497566209968,
        0.20121250835881327,
        0.19682453536853503,
        0.2051994526917084,
        0.20178518116612726,
        0.2079274519426804,
        0.2026092045774929,
        0.19321696587982157,
        0.21786220760477712,
        0.20532319355539072,
        0.19438230795245506,
        0.20274422881552118,
        0.2090777151652284,
        0.2048367572772456,
        0.19777005966782124,
        0.19683100429326209,
        0.20395164685841297,
        0.20248759560778623,
        0.1952488406741412,
        0.19516901527985683,
        0.2118742961590916,
        0.21174693728766514,
        0.19544429149644157,
        0.20419940249665808,
        0.20322348006852184,
        0.20583100743922278,
        0.19895443205981944,
        0.20829093978038532
      ],