{
  "schema": {
    "name": "half_qae_bundle",
    "version": "1.0"
  },
  "timestamp": "2025-09-14 15:18:35",
  "dataset": {
    "id": "mackey_glass_tau30_n200",
    "scale_low": 0.2,
    "scale_high": 0.8,
    "window_size": 4,
    "window_step": 2,
    "split": 0.75
  },
  "run": {
    "instance_id": 5,
    "layer": 1,
    "sigma_eval": 0.2,
    "test_seed_fixed": 99123
  },
  "environment": {
    "device": "default.qubit",
    "reset_mode": "swap"
  },
  "architecture": {
    "n_qubits": 4,
    "n_latent": 3,
    "n_trash": 1
  },
  "parameters": {
    "phi": [
      -0.0016772772022997707,
      -1.7665273786984872,
      0.05729162643874434,
      -0.0003580003793229362,
      -1.6563229015697316,
      -0.27653964139021997,
      -0.23650179394376356,
      -1.747913160049659,
      0.10715892939590128,
      0.007024470588637904,
      -1.7556424996721263,
      0.03741550391680858
    ],
    "psi": [
      -0.040470156669091414,
      -1.7787784402382045,
      0.10656258613752993,
      0.021399576762967935,
      -1.6884037734600368,
      -0.25012519438024383,
      -0.18223245208833047,
      -1.7636569323743443,
      0.11176226134390768,
      0.07599834520509244,
      -1.7174855635903408,
      0.05802165770615079
    ]
  },
  "metrics_series": {
    "mse_train_noise": 0.019268069867485593,
    "mse_train_recovered": 0.023893204625517795,
    "delta_train_pct": -24.004141514127507,
    "mse_test_noise": 0.018957942152927745,
    "mse_test_recovered": 0.022774863271295468,
    "delta_test_pct": -20.13362572571338
  }
}