{
  "schema": {
    "name": "half_qae_bundle",
    "version": "1.0"
  },
  "timestamp": "2025-09-14 15:18:33",
  "dataset": {
    "id": "mackey_glass_tau30_n200",
    "scale_low": 0.2,
    "scale_high": 0.8,
    "window_size": 4,
    "window_step": 2,
    "split": 0.75
  },
  "run": {
    "instance_id": 1,
    "layer": 1,
    "sigma_eval": 0.2,
    "test_seed_fixed": 99123
  },
  "environment": {
    "device": "default.qubit",
    "reset_mode": "swap"
  },
  "architecture": {
    "n_qubits": 4,
    "n_latent": 3,
    "n_trash": 1
  },
  "parameters": {
    "phi": [
      0.0010375816978129544,
      0.9125309223299106,
      0.19790118574224622,
      4.915629483690101e-05,
      0.7961788631097831,
      -0.37475243767650795,
      1.0198486087287642e-05,
      0.9116682761512053,
      -0.25664972266420927,
      -0.00021447970158226817,
      1.0783519236707337,
      -0.4219459235588934
    ],
    "psi": [
      -0.022891127948099717,
      0.9353211549263559,
      0.16705293817064523,
      0.021304283504651928,
      0.8296421027618732,
      -0.28217468610436136,
      -0.01007533842875129,
      0.8504656921340017,
      -0.21178604442741109,
      -0.03307474627933445,
      1.073011242280113,
      -0.4103319509716077
    ]
  },
  "metrics_series": {
    "mse_train_noise": 0.019268069867485593,
    "mse_train_recovered": 0.0204673784452692,
    "delta_train_pct": -6.224331684656237,
    "mse_test_noise": 0.018957942152927745,
    "mse_test_recovered": 0.01722547481315246,
    "delta_test_pct": 9.138477825283031
  }
}