{
  "schema": {
    "name": "half_qae_bundle",
    "version": "1.0"
  },
  "timestamp": "2025-09-14 15:18:35",
  "dataset": {
    "id": "mackey_glass_tau30_n200",
    "scale_low": 0.2,
    "scale_high": 0.8,
    "window_size": 4,
    "window_step": 2,
    "split": 0.75
  },
  "run": {
    "instance_id": 4,
    "layer": 1,
    "sigma_eval": 0.2,
    "test_seed_fixed": 99123
  },
  "environment": {
    "device": "default.qubit",
    "reset_mode": "swap"
  },
  "architecture": {
    "n_qubits": 4,
    "n_latent": 3,
    "n_trash": 1
  },
  "parameters": {
    "phi": [
      -0.11102910454976918,
      -1.6038354782249766,
      -0.14721197349615636,
      0.05928274895222522,
      -1.6699224736782905,
      1.0154399046568934,
      -0.0006468058962257342,
      1.177792784618737,
      -0.2654686618988389,
      1.9390389080531857e-05,
      1.1331442287255062,
      -0.5628706735477524
    ],
    "psi": [
      -0.01263621823077315,
      -1.6188149532497065,
      -0.09979040887706912,
      0.022606700953556148,
      -1.6779063204356137,
      1.020360971468575,
      0.010925961470149324,
      1.219109467037198,
      -0.3213912444922213,
      -0.009141698691585633,
      1.1922917867050362,
      -0.4830353597655288
    ]
  },
  "metrics_series": {
    "mse_train_noise": 0.019268069867485593,
    "mse_train_recovered": 0.022958423346647265,
    "delta_train_pct": -19.152688902114967,
    "mse_test_noise": 0.018957942152927745,
    "mse_test_recovered": 0.022332973625847425,
    "delta_test_pct": -17.802731149269068
  }
}