{
  "schema": {
    "name": "half_qae_bundle",
    "version": "1.0"
  },
  "timestamp": "2025-09-14 15:18:33",
  "dataset": {
    "id": "mackey_glass_tau30_n200",
    "scale_low": 0.2,
    "scale_high": 0.8,
    "window_size": 4,
    "window_step": 2,
    "split": 0.75
  },
  "run": {
    "instance_id": 2,
    "layer": 1,
    "sigma_eval": 0.2,
    "test_seed_fixed": 99123
  },
  "environment": {
    "device": "default.qubit",
    "reset_mode": "swap"
  },
  "architecture": {
    "n_qubits": 4,
    "n_latent": 3,
    "n_trash": 1
  },
  "parameters": {
    "phi": [
      -0.0009917332434868096,
      -1.6078356715719908,
      0.06513407903772843,
      0.002275410595876744,
      -1.4372113705775535,
      0.03256562411077101,
      0.0011615701009502473,
      -1.1408337203333685,
      1.0658141384405142,
      2.5750503784010086e-05,
      -1.3177221328288522,
      -0.6136759060025837
    ],
    "psi": [
      -0.04865769842842354,
      -1.6333376539318558,
      0.022088946417881086,
      -0.024147346853296642,
      -1.4610944469151388,
      -0.05418070627646872,
      -0.013741388469671252,
      -1.185235152200395,
      1.0228650044678027,
      -0.02022930785227132,
      -1.3679506437639795,
      -0.6593779941617701
    ]
  },
  "metrics_series": {
    "mse_train_noise": 0.019268069867485593,
    "mse_train_recovered": 0.02373347770776696,
    "delta_train_pct": -23.175169443498,
    "mse_test_noise": 0.018957942152927745,
    "mse_test_recovered": 0.022397039695627802,
    "delta_test_pct": -18.1406690396982
  }
}