{
  "schema": {
    "name": "half_qae_bundle",
    "version": "1.0"
  },
  "timestamp": "2025-09-14 15:18:34",
  "dataset": {
    "id": "mackey_glass_tau30_n200",
    "scale_low": 0.2,
    "scale_high": 0.8,
    "window_size": 4,
    "window_step": 2,
    "split": 0.75
  },
  "run": {
    "instance_id": 3,
    "layer": 1,
    "sigma_eval": 0.2,
    "test_seed_fixed": 99123
  },
  "environment": {
    "device": "default.qubit",
    "reset_mode": "swap"
  },
  "architecture": {
    "n_qubits": 4,
    "n_latent": 3,
    "n_trash": 1
  },
  "parameters": {
    "phi": [
      -0.0002463297463368253,
      1.1645716127509405,
      0.6113810032198781,
      -0.0160490569204565,
      -2.1046359968927826,
      0.13492093599429322,
      0.009061698028389242,
      1.0499815325212445,
      0.20365328089500254,
      -0.010335993847932563,
      -1.9615463739220298,
      -0.08964450143754525
    ],
    "psi": [
      -0.03929209617183465,
      1.1864290303921277,
      0.6007973426076663,
      0.02246489872668602,
      -2.0588686891958523,
      0.1289090971446346,
      0.005469660290725964,
      1.0801590670806018,
      0.22735777290094353,
      -0.006890224781521804,
      -2.0380232564714222,
      0.01760289483391225
    ]
  },
  "metrics_series": {
    "mse_train_noise": 0.019268069867485593,
    "mse_train_recovered": 0.02206431364029146,
    "delta_train_pct": -14.512319044080613,
    "mse_test_noise": 0.018957942152927745,
    "mse_test_recovered": 0.019957094566886692,
    "delta_test_pct": -5.270363238262354
  }
}