{
  "schema": {
    "name": "half_qae_bundle",
    "version": "1.0"
  },
  "timestamp": "2025-09-14 14:46:11",
  "dataset": {
    "id": "mackey_glass_tau17_n200",
    "scale_low": 0.2,
    "scale_high": 0.8,
    "window_size": 4,
    "window_step": 2,
    "split": 0.75
  },
  "run": {
    "instance_id": 3,
    "layer": 1,
    "sigma_eval": 0.2,
    "test_seed_fixed": 99123
  },
  "environment": {
    "device": "default.qubit",
    "reset_mode": "swap"
  },
  "architecture": {
    "n_qubits": 4,
    "n_latent": 2,
    "n_trash": 2
  },
  "parameters": {
    "phi": [
      0.0003653007784977875,
      1.156045782535932,
      0.6113810032113831,
      0.020169249211770258,
      -2.0903037584442297,
      0.1349209359963287,
      -0.5618806176620756,
      1.301807000342795,
      0.20365328091401738,
      0.9791699186800721,
      -1.706060573828771,
      -0.08964450143340195
    ],
    "psi": [
      -0.0378168459464317,
      1.169522942982808,
      0.6007973425996517,
      0.048271787980071104,
      -2.0614141542841455,
      0.12890909714619891,
      -0.5207194352638563,
      1.3284882949972867,
      0.22735777292017342,
      0.9440254721210322,
      -1.793553022668653,
      0.01760289483785849
    ]
  },
  "metrics_series": {
    "mse_train_noise": 0.019268069867485596,
    "mse_train_recovered": 0.022429972414902077,
    "delta_train_pct": -16.410063743603697,
    "mse_test_noise": 0.018957942152927745,
    "mse_test_recovered": 0.021826025429301725,
    "delta_test_pct": -15.128663508085726
  }
}