{
  "schema": {
    "name": "half_qae_bundle",
    "version": "1.0"
  },
  "timestamp": "2025-09-14 14:46:09",
  "dataset": {
    "id": "mackey_glass_tau17_n200",
    "scale_low": 0.2,
    "scale_high": 0.8,
    "window_size": 4,
    "window_step": 2,
    "split": 0.75
  },
  "run": {
    "instance_id": 1,
    "layer": 1,
    "sigma_eval": 0.2,
    "test_seed_fixed": 99123
  },
  "environment": {
    "device": "default.qubit",
    "reset_mode": "swap"
  },
  "architecture": {
    "n_qubits": 4,
    "n_latent": 2,
    "n_trash": 2
  },
  "parameters": {
    "phi": [
      1.4794623027835483,
      -1.5951463466651787,
      0.1979011857106744,
      -0.0013898328138571142,
      -1.786646683232623,
      -0.37475243768790323,
      0.00014175635825271584,
      -1.669230478623957,
      -0.2566497226651599,
      0.8728330453938515,
      -1.3706400422110046,
      -0.42194592355211746
    ],
    "psi": [
      1.4013254624214386,
      -1.6055270140014126,
      0.16705293814009983,
      0.020994427975075027,
      -1.7782193331576075,
      -0.2821746861153947,
      -0.010191286443619524,
      -1.7432357168678037,
      -0.21178604442870602,
      0.8497524324370787,
      -1.4104236658417102,
      -0.41033195096461367
    ]
  },
  "metrics_series": {
    "mse_train_noise": 0.019268069867485596,
    "mse_train_recovered": 0.024320814220435003,
    "delta_train_pct": -26.223406847178765,
    "mse_test_noise": 0.018957942152927745,
    "mse_test_recovered": 0.02310541961073271,
    "delta_test_pct": -21.8772555815846
  }
}