{
  "schema": {
    "name": "half_qae_bundle",
    "version": "1.0"
  },
  "timestamp": "2025-09-14 14:46:10",
  "dataset": {
    "id": "mackey_glass_tau17_n200",
    "scale_low": 0.2,
    "scale_high": 0.8,
    "window_size": 4,
    "window_step": 2,
    "split": 0.75
  },
  "run": {
    "instance_id": 2,
    "layer": 1,
    "sigma_eval": 0.2,
    "test_seed_fixed": 99123
  },
  "environment": {
    "device": "default.qubit",
    "reset_mode": "swap"
  },
  "architecture": {
    "n_qubits": 4,
    "n_latent": 2,
    "n_trash": 2
  },
  "parameters": {
    "phi": [
      0.14242256439789458,
      -1.340139207401632,
      0.06513407906690742,
      -0.05082536518683002,
      -1.0366378195743615,
      0.032565624121223435,
      0.04410317154859677,
      -1.1061285771022935,
      1.0658141384185822,
      -1.461170746541513,
      -1.6081896365402744,
      -0.6136759060020226
    ],
    "psi": [
      0.05469900525278057,
      -1.3506418063188714,
      0.022088946448007508,
      -0.056878063260078764,
      -1.0641717833334845,
      -0.05418070626525712,
      0.011490929363350643,
      -1.1427332235996077,
      1.0228650044461627,
      -1.4628618540500955,
      -1.6210016691770888,
      -0.659377994161059
    ]
  },
  "metrics_series": {
    "mse_train_noise": 0.019268069867485596,
    "mse_train_recovered": 0.023455362962147935,
    "delta_train_pct": -21.73177242692219,
    "mse_test_noise": 0.018957942152927745,
    "mse_test_recovered": 0.022875457946034447,
    "delta_test_pct": -20.66424594771592
  }
}