{
  "schema": {
    "name": "half_qae_bundle",
    "version": "1.0"
  },
  "timestamp": "2025-09-14 14:46:11",
  "dataset": {
    "id": "mackey_glass_tau17_n200",
    "scale_low": 0.2,
    "scale_high": 0.8,
    "window_size": 4,
    "window_step": 2,
    "split": 0.75
  },
  "run": {
    "instance_id": 4,
    "layer": 1,
    "sigma_eval": 0.2,
    "test_seed_fixed": 99123
  },
  "environment": {
    "device": "default.qubit",
    "reset_mode": "swap"
  },
  "architecture": {
    "n_qubits": 4,
    "n_latent": 2,
    "n_trash": 2
  },
  "parameters": {
    "phi": [
      -1.894797638987938,
      -1.4833864916446327,
      -0.1472119734725479,
      -0.004681052918502625,
      -1.7575103546569681,
      1.0154399046577585,
      0.0010597718852585806,
      -1.6628385560098997,
      -0.2654686618953327,
      0.3006171722450659,
      -1.2397872235201022,
      -0.562870673553641
    ],
    "psi": [
      -1.8398181128767757,
      -1.4757205144932921,
      -0.09979040885404365,
      -0.012527302770811708,
      -1.743796217300386,
      1.0203609714691961,
      0.012488827271571017,
      -1.61744892400353,
      -0.3213912444886352,
      0.3171926518959355,
      -1.205900511425442,
      -0.4830353597712608
    ]
  },
  "metrics_series": {
    "mse_train_noise": 0.019268069867485596,
    "mse_train_recovered": 0.02554260495150317,
    "delta_train_pct": -32.56441941081862,
    "mse_test_noise": 0.018957942152927745,
    "mse_test_recovered": 0.024284906227950438,
    "delta_test_pct": -28.09885182712213
  }
}