{
  "schema": {
    "name": "half_qae_bundle",
    "version": "1.0"
  },
  "timestamp": "2025-09-14 14:46:12",
  "dataset": {
    "id": "mackey_glass_tau17_n200",
    "scale_low": 0.2,
    "scale_high": 0.8,
    "window_size": 4,
    "window_step": 2,
    "split": 0.75
  },
  "run": {
    "instance_id": 5,
    "layer": 1,
    "sigma_eval": 0.2,
    "test_seed_fixed": 99123
  },
  "environment": {
    "device": "default.qubit",
    "reset_mode": "swap"
  },
  "architecture": {
    "n_qubits": 4,
    "n_latent": 2,
    "n_trash": 2
  },
  "parameters": {
    "phi": [
      -4.056239646695154e-05,
      0.8840476218193293,
      0.05729162643024988,
      3.270876178201663e-05,
      0.7881612640881798,
      -0.2765396413966305,
      -2.631623722511442,
      -1.2035206549990773,
      0.10715892940889861,
      -1.7242318997408648,
      -1.533502249035197,
      0.037415503918595064
    ],
    "psi": [
      -0.03729859044200347,
      0.8940046919589915,
      0.10656258612929131,
      0.0212639500995127,
      0.7677344382350706,
      -0.2501251943863956,
      -2.645175592542243,
      -1.1870927382525094,
      0.11176226135711381,
      -1.6579351841584031,
      -1.496973636701099,
      0.05802165770785992
    ]
  },
  "metrics_series": {
    "mse_train_noise": 0.019268069867485596,
    "mse_train_recovered": 0.02123117972197823,
    "delta_train_pct": -10.188409467028837,
    "mse_test_noise": 0.018957942152927745,
    "mse_test_recovered": 0.021126054792703634,
    "delta_test_pct": -11.436434515341421
  }
}