n_layers,runs,noisy_baseline_mse (mean±std),best_val_mse (mean±std),final_val_mse (mean±std),best_delta_pct (mean±std),final_delta_pct (mean±std),s1_best_val (mean±std)
1,5,0.003475 ± 0.000000,0.002898 ± 0.000122,0.002966 ± 0.000128,16.586736 ± 3.514454,14.654060 ± 3.675257,0.256298 ± 0.007674
3,5,0.003475 ± 0.000000,0.002818 ± 0.000123,0.002898 ± 0.000180,18.900056 ± 3.537491,16.596480 ± 5.184911,0.086426 ± 0.011213
