n_layers,runs,noisy_baseline_mse (mean±std),best_val_mse (mean±std),final_val_mse (mean±std),best_delta_pct (mean±std),final_delta_pct (mean±std),s1_best_val (mean±std),delta_MG_A,delta_MG_B,succ_MG_A,succ_MG_B,p50_MG_A,p50_MG_B
1,5,0.003475 ± 0.000000,0.002898 ± 0.000122,0.002966 ± 0.000128,16.586736 ± 3.514454,14.654060 ± 3.675257,0.256298 ± 0.007674,38.031158 ± 3.315535,13.716160 ± 1.759261,100.000000 ± 0.000000,85.000000 ± 8.944272,0.000002,0.002577
3,5,0.003475 ± 0.000000,0.002818 ± 0.000123,0.002898 ± 0.000180,18.900056 ± 3.537491,16.596480 ± 5.184911,0.086426 ± 0.011213,35.198832 ± 3.114496,9.740660 ± 1.520631,99.000000 ± 2.000000,80.000000 ± 11.401754,0.000002,0.011818
