{
  "schema": {
    "name": "half_qae_bundle",
    "version": "1.0"
  },
  "timestamp": "2025-09-14 16:56:02",
  "dataset": {
    "id": "mackey_glass_tau17_n200",
    "scale_low": 0.2,
    "scale_high": 0.8,
    "window_size": 6,
    "window_step": 2,
    "split": 0.75
  },
  "run": {
    "instance_id": 4,
    "layer": 1,
    "sigma_eval": 0.2,
    "test_seed_fixed": 99123
  },
  "environment": {
    "device": "default.qubit",
    "reset_mode": "swap"
  },
  "architecture": {
    "n_qubits": 6,
    "n_latent": 2,
    "n_trash": 4
  },
  "parameters": {
    "phi": [
      -2.2683418128388078,
      -1.2897172082418407,
      -0.14721197348169787,
      8.997870991203074e-05,
      -1.9556706348271555,
      1.015439904652051,
      0.0009284685597310405,
      -1.7299284176726326,
      -0.2654686619040306,
      0.01185338326320574,
      -1.2317906765956275,
      -0.5628706735500543,
      -0.007237274536556081,
      -0.3970134924500047,
      0.15545057713678262,
      0.00017945610133207333,
      0.18588463473615563,
      0.2855860922102476
    ],
    "psi": [
      -2.2179373920489316,
      -1.273230947549227,
      -0.09979040886319787,
      -0.009297634370632187,
      -1.9477330162928443,
      1.0203609714633701,
      0.011919583435710267,
      -1.693130100286374,
      -0.32139124449724726,
      -0.03216558305723754,
      -1.194851678434516,
      -0.4830353597676202,
      0.010863405153975238,
      -0.41709876894415754,
      0.22209591360935707,
      -0.03880960966709406,
      0.13882876992648774,
      0.2589756329918127
    ]
  },
  "metrics_series": {
    "mse_train_noise": 0.019067164300121137,
    "mse_train_recovered": 0.04057646512107073,
    "delta_train_pct": -112.80807403968791,
    "mse_test_noise": 0.018957942152927745,
    "mse_test_recovered": 0.04357168734991358,
    "delta_test_pct": -129.83342283901126
  }
}