{
  "schema": {
    "name": "half_qae_bundle",
    "version": "1.0"
  },
  "timestamp": "2025-09-14 16:55:59",
  "dataset": {
    "id": "mackey_glass_tau17_n200",
    "scale_low": 0.2,
    "scale_high": 0.8,
    "window_size": 6,
    "window_step": 2,
    "split": 0.75
  },
  "run": {
    "instance_id": 1,
    "layer": 1,
    "sigma_eval": 0.2,
    "test_seed_fixed": 99123
  },
  "environment": {
    "device": "default.qubit",
    "reset_mode": "swap"
  },
  "architecture": {
    "n_qubits": 6,
    "n_latent": 2,
    "n_trash": 4
  },
  "parameters": {
    "phi": [
      1.8363542684030376,
      -1.5001364485639757,
      0.1979011857068655,
      0.00015088962104417667,
      1.0414907967991283,
      -0.37475243768425004,
      6.939208106090723e-06,
      0.9770440871744712,
      -0.2566497226606798,
      -4.48881688395691e-05,
      0.23250578429213153,
      -0.4219459235592179,
      -9.838140831942334e-05,
      0.8599660040779505,
      0.49346128651452176,
      -2.766287646111386e-07,
      -1.7368985980488483,
      -0.07747494712740337
    ],
    "psi": [
      1.8282781777863062,
      -1.4838712614405603,
      0.16705293813447072,
      0.021097423921420683,
      1.0511284467102349,
      -0.2821746861121525,
      -0.010096833562571936,
      0.926568446369607,
      -0.21178604442352927,
      -0.04228070592449343,
      0.2129731348570002,
      -0.41033195097194597,
      -0.00765233360615404,
      0.8025047614665219,
      0.5860588929858486,
      0.0010264705811978325,
      -1.7256283411341353,
      -0.08416511802597659
    ]
  },
  "metrics_series": {
    "mse_train_noise": 0.019067164300121137,
    "mse_train_recovered": 0.03131457628333071,
    "delta_train_pct": -64.23300177432132,
    "mse_test_noise": 0.018957942152927745,
    "mse_test_recovered": 0.03259483609968923,
    "delta_test_pct": -71.93235339973589
  }
}