{
  "schema": {
    "name": "half_qae_bundle",
    "version": "1.0"
  },
  "timestamp": "2025-09-14 16:56:00",
  "dataset": {
    "id": "mackey_glass_tau17_n200",
    "scale_low": 0.2,
    "scale_high": 0.8,
    "window_size": 6,
    "window_step": 2,
    "split": 0.75
  },
  "run": {
    "instance_id": 2,
    "layer": 1,
    "sigma_eval": 0.2,
    "test_seed_fixed": 99123
  },
  "environment": {
    "device": "default.qubit",
    "reset_mode": "swap"
  },
  "architecture": {
    "n_qubits": 6,
    "n_latent": 2,
    "n_trash": 4
  },
  "parameters": {
    "phi": [
      0.30343525569990637,
      -1.1912537391243927,
      0.06513407902846319,
      -0.10315887365888671,
      -0.019933169872479863,
      0.03256562409648764,
      0.03592375684396289,
      -0.35910263980980844,
      1.0658141384120359,
      -8.514838325731781e-05,
      0.03956147732625687,
      -0.6136759060011732,
      -0.010260993009688113,
      0.6908873867906647,
      0.33126582544515876,
      -0.2649077519057886,
      -1.278509568816461,
      0.6058712785212184
    ],
    "psi": [
      0.24739642328008887,
      -1.22048647268902,
      0.022088946409110292,
      -0.10041626320066034,
      -0.02657544581290394,
      -0.05418070629105722,
      0.007129829861240982,
      -0.35491105384210136,
      1.0228650044368237,
      -0.012348623786123428,
      0.0034182156863410583,
      -0.6593779941579754,
      -0.050495788381487175,
      0.7561023399166169,
      0.28374219360291386,
      -0.3214765021463332,
      -1.3527497294349347,
      0.6207444570089218
    ]
  },
  "metrics_series": {
    "mse_train_noise": 0.019067164300121137,
    "mse_train_recovered": 0.03821485804117738,
    "delta_train_pct": -100.42234618461117,
    "mse_test_noise": 0.018957942152927745,
    "mse_test_recovered": 0.04061524906183104,
    "delta_test_pct": -114.23870130102003
  }
}