{
  "schema": {
    "name": "half_qae_bundle",
    "version": "1.0"
  },
  "timestamp": "2025-09-14 16:56:03",
  "dataset": {
    "id": "mackey_glass_tau17_n200",
    "scale_low": 0.2,
    "scale_high": 0.8,
    "window_size": 6,
    "window_step": 2,
    "split": 0.75
  },
  "run": {
    "instance_id": 5,
    "layer": 1,
    "sigma_eval": 0.2,
    "test_seed_fixed": 99123
  },
  "environment": {
    "device": "default.qubit",
    "reset_mode": "swap"
  },
  "architecture": {
    "n_qubits": 6,
    "n_latent": 2,
    "n_trash": 4
  },
  "parameters": {
    "phi": [
      7.147284911230707e-06,
      0.8884136476507375,
      0.05729162642807161,
      -6.0861583561962884e-06,
      0.7388173520833157,
      -0.27653964141235815,
      -2.643865168377514,
      -1.1663037799406235,
      0.10715892939912365,
      -0.0027306021670559805,
      -1.7804291509880663,
      0.037415503911350005,
      -0.00012242323040618063,
      -1.4174730269232485,
      -0.7677516404803832,
      -0.0002785923655799779,
      -1.3420695244541185,
      0.2755571677177368
    ],
    "psi": [
      -0.03719646803557294,
      0.8936349969441615,
      0.10656258612701418,
      0.021218630766441267,
      0.7194136155566893,
      -0.25012519440209674,
      -2.6571958344823012,
      -1.1463180919188731,
      0.11176226134725015,
      0.06999876903393223,
      -1.7375632831434966,
      0.05802165770062639,
      -0.0806691951351957,
      -1.3509919161973893,
      -0.7653061003256012,
      -0.021896405077198568,
      -1.3071512416982214,
      0.2564813812743156
    ]
  },
  "metrics_series": {
    "mse_train_noise": 0.019067164300121137,
    "mse_train_recovered": 0.023139139301958683,
    "delta_train_pct": -21.35595486430919,
    "mse_test_noise": 0.018957942152927745,
    "mse_test_recovered": 0.022461371769201086,
    "delta_test_pct": -18.480010056008588
  }
}