{
  "schema": {
    "name": "half_qae_bundle",
    "version": "1.0"
  },
  "timestamp": "2025-09-14 16:56:01",
  "dataset": {
    "id": "mackey_glass_tau17_n200",
    "scale_low": 0.2,
    "scale_high": 0.8,
    "window_size": 6,
    "window_step": 2,
    "split": 0.75
  },
  "run": {
    "instance_id": 3,
    "layer": 1,
    "sigma_eval": 0.2,
    "test_seed_fixed": 99123
  },
  "environment": {
    "device": "default.qubit",
    "reset_mode": "swap"
  },
  "architecture": {
    "n_qubits": 6,
    "n_latent": 2,
    "n_trash": 4
  },
  "parameters": {
    "phi": [
      -0.005186948873872473,
      1.1040829248753865,
      0.6113810032247106,
      -0.009748651849381578,
      -2.166427778311349,
      0.13492093597213572,
      -0.3823648196907062,
      1.2309507104246542,
      0.20365328092016963,
      0.7445867186060541,
      -1.7796979285363357,
      -0.08964450144428804,
      -0.77052227250729,
      -1.647417880170772,
      -0.6652049636731149,
      -2.04272135123778,
      -1.407938329399674,
      0.3048714365300656
    ],
    "psi": [
      -0.042730352568878485,
      1.1235787792227487,
      0.6007973426127602,
      0.026088511089181296,
      -2.1370952547660234,
      0.12890909712234522,
      -0.3425229223624187,
      1.2562502176717671,
      0.22735777292610723,
      0.7150332594524597,
      -1.8675515795160145,
      0.017602894827130317,
      -0.8570072068618398,
      -1.6510092719959397,
      -0.6454816260406345,
      -2.046811913142529,
      -1.4107272712383299,
      0.36356458900487165
    ]
  },
  "metrics_series": {
    "mse_train_noise": 0.019067164300121137,
    "mse_train_recovered": 0.022382259522383766,
    "delta_train_pct": -17.386409274511607,
    "mse_test_noise": 0.018957942152927745,
    "mse_test_recovered": 0.02132322249629663,
    "delta_test_pct": -12.47646144443799
  }
}