{
  "schema": {
    "name": "half_qae_bundle",
    "version": "1.0"
  },
  "timestamp": "2025-09-20 23:53:23",
  "dataset": {
    "id": "mackey_glass_tau17_n200",
    "scale_low": 0.2,
    "scale_high": 0.8,
    "window_size": 4,
    "window_step": 2,
    "split": 0.75
  },
  "run": {
    "instance_id": 3,
    "layer": 1,
    "sigma_eval": 0.2,
    "test_seed_fixed": 99123
  },
  "environment": {
    "device": "default.qubit",
    "reset_mode": "none"
  },
  "architecture": {
    "n_qubits": 4,
    "n_latent": 2,
    "n_trash": 2
  },
  "parameters": {
    "phi": [
      0.4513147428360365,
      0.06013793045514728,
      0.6113810032107532,
      0.26258306078221944,
      -1.0428684508024406,
      0.13492093599417188,
      -1.4269974982362912,
      -0.07239803876157706,
      -0.4431130616707847,
      1.504568590811004,
      0.04226013717903315,
      -0.5100063619867964
    ],
    "psi": [
      0.07196575679099254,
      -0.0340109284920046,
      0.09051870603923529,
      -0.006449909397594424,
      -0.0987446465747849,
      -0.002010982625964182,
      -0.08331793923167648,
      0.02974192309335995,
      0.05111902298566989,
      0.07667247061153523,
      -0.11905893494426179,
      -0.008964450161585227
    ]
  },
  "metrics_series": {
    "mse_train_noise": 0.019268069867485596,
    "mse_train_recovered": 0.028670904240274193,
    "delta_train_pct": -48.80008447891115,
    "mse_test_noise": 0.018957942152927745,
    "mse_test_recovered": 0.02715489788416173,
    "delta_test_pct": -43.23758172227621
  }
}