{
  "schema": {
    "name": "sidekick_bundle",
    "version": "1.0"
  },
  "timestamp": "2025-10-02 21:32:35",
  "dataset": {
    "id": "mackey_glass_tau17_n200",
    "scale_low": 0.2,
    "scale_high": 0.8,
    "window_size": 4,
    "window_step": 2,
    "split": 0.75
  },
  "run": {
    "instance_id": 1,
    "layer": 1,
    "sigma_eval": 0.2,
    "test_seed_fixed": 99123
  },
  "environment": {
    "stage1_backend": "lightning.qubit",
    "stage1_diff": "adjoint",
    "stage3_backend": "lightning.qubit",
    "stage3_diff": "adjoint"
  },
  "architecture": {
    "n_qubits": 4,
    "n_latent": 3,
    "n_trash": 1,
    "rot": "Rxyz"
  },
  "parameters": {
    "phi": [
      [
        [
          -2.620016069090077e-06,
          1.2046289690980083,
          0.273184088256607
        ],
        [
          2.1724229781884007e-06,
          0.8992134235189972,
          0.004709711660793149
        ],
        [
          3.0270291657182033e-06,
          0.8856131245535431,
          0.027122650880365595
        ],
        [
          1.6343531699216591e-06,
          0.9603199825109925,
          0.28175133135759667
        ]
      ]
    ],
    "psi": [
      [
        [
          0.008952377812195093,
          1.1669009227158296,
          0.19457109276940485
        ],
        [
          0.00043916801168593177,
          0.9006845343511587,
          0.002695863041782605
        ],
        [
          -0.00012918308601412616,
          0.8522129828190012,
          0.02784135332898718
        ],
        [
          -0.0035664070524338695,
          0.9286954152807906,
          0.19644971369631226
        ]
      ]
    ]
  },
  "metrics_series": {
    "mse_train_noise": 0.019268069867485596,
    "mse_train_recovered": 0.017689002749978294,
    "delta_train_pct": 8.195253226541077,
    "mse_test_noise": 0.018957942152927745,
    "mse_test_recovered": 0.01753622507213123,
    "delta_test_pct": 7.49932175827931
  },
  "times_seconds": {
    "stage1": 52.2908059170004,
    "stage3": 109.54320887499489,
    "total": 161.8340147919953
  }
}