{
  "schema": {
    "name": "sidekick_bundle",
    "version": "1.0"
  },
  "timestamp": "2025-10-02 21:32:35",
  "dataset": {
    "id": "mackey_glass_tau17_n200",
    "scale_low": 0.2,
    "scale_high": 0.8,
    "window_size": 4,
    "window_step": 2,
    "split": 0.75
  },
  "run": {
    "instance_id": 3,
    "layer": 1,
    "sigma_eval": 0.2,
    "test_seed_fixed": 99123
  },
  "environment": {
    "stage1_backend": "lightning.qubit",
    "stage1_diff": "adjoint",
    "stage3_backend": "lightning.qubit",
    "stage3_diff": "adjoint"
  },
  "architecture": {
    "n_qubits": 4,
    "n_latent": 3,
    "n_trash": 1,
    "rot": "Rxyz"
  },
  "parameters": {
    "phi": [
      [
        [
          1.005355048369985e-06,
          1.2046359693872706,
          0.17394272195509625
        ],
        [
          -4.620474723282704e-06,
          0.8992275048449133,
          0.24977991297867272
        ],
        [
          -2.9345692239549556e-06,
          0.8856179002322302,
          0.23214443443672772
        ],
        [
          1.1384959999083833e-06,
          0.9603199799512244,
          0.29662432529500643
        ]
      ]
    ],
    "psi": [
      [
        [
          0.007929993650202706,
          1.1960649049157022,
          0.12555007127531043
        ],
        [
          0.0095750531732089,
          0.9191748463147309,
          0.17391710945116742
        ],
        [
          -9.17654750650503e-05,
          0.8624364633145721,
          0.2321995369570382
        ],
        [
          -0.00418798935120298,
          0.9021014277041696,
          0.20859056030407802
        ]
      ]
    ]
  },
  "metrics_series": {
    "mse_train_noise": 0.019268069867485596,
    "mse_train_recovered": 0.017865162914565212,
    "delta_train_pct": 7.280993698739668,
    "mse_test_noise": 0.018957942152927745,
    "mse_test_recovered": 0.017630520640130237,
    "delta_test_pct": 7.0019282793966635
  },
  "times_seconds": {
    "stage1": 54.47535824996885,
    "stage3": 117.173476499971,
    "total": 171.64883474993985
  }
}