{
  "schema": {
    "name": "half_qae_bundle",
    "version": "1.0"
  },
  "timestamp": "2025-09-20 23:21:15",
  "dataset": {
    "id": "mackey_glass_tau17_n200",
    "scale_low": 0.2,
    "scale_high": 0.8,
    "window_size": 4,
    "window_step": 2,
    "split": 0.75
  },
  "run": {
    "instance_id": 1,
    "layer": 1,
    "sigma_eval": 0.2,
    "test_seed_fixed": 99123
  },
  "environment": {
    "device": "default.qubit",
    "reset_mode": "none"
  },
  "architecture": {
    "n_qubits": 4,
    "n_latent": 3,
    "n_trash": 1
  },
  "parameters": {
    "phi": [
      0.6176120788619698,
      -0.6001804046957185,
      0.1979011857089111,
      0.32625060129889233,
      -0.10532918569309345,
      -0.3747524376881747,
      0.047564721780538145,
      -0.036104820498166414,
      -0.2566497226692872,
      0.6128786451713318,
      0.40925843933384154,
      -0.2737443288649244
    ],
    "psi": [
      0.08919194396662092,
      -0.0854965541724998,
      -0.0174745275093132,
      0.022527945966758264,
      -0.023586606161608323,
      -0.004340920404531773,
      0.018350088275194944,
      -0.02639911555709042,
      -0.015158102897715783,
      0.022371904894786295,
      0.009356458217026752,
      -0.08173853738529038
    ]
  },
  "metrics_series": {
    "mse_train_noise": 0.019268069867485596,
    "mse_train_recovered": 0.029578680599497118,
    "delta_train_pct": -53.51138335558161,
    "mse_test_noise": 0.018957942152927745,
    "mse_test_recovered": 0.027653148220737552,
    "delta_test_pct": -45.86576959497144
  }
}