{
  "schema": {
    "name": "half_qae_bundle",
    "version": "1.0"
  },
  "timestamp": "2025-09-20 23:21:28",
  "dataset": {
    "id": "mackey_glass_tau17_n200",
    "scale_low": 0.2,
    "scale_high": 0.8,
    "window_size": 4,
    "window_step": 2,
    "split": 0.75
  },
  "run": {
    "instance_id": 5,
    "layer": 1,
    "sigma_eval": 0.2,
    "test_seed_fixed": 99123
  },
  "environment": {
    "device": "default.qubit",
    "reset_mode": "none"
  },
  "architecture": {
    "n_qubits": 4,
    "n_latent": 3,
    "n_trash": 1
  },
  "parameters": {
    "phi": [
      -0.3544267234887227,
      -0.2420125305811364,
      0.057291626423912924,
      0.19608214112596478,
      -0.46147026561956994,
      -0.2765396413932493,
      -1.0985096374364844,
      -0.3933429765113573,
      0.10715892939421882,
      -1.06439206199513,
      0.2579675132917791,
      0.4268783732547829
    ],
    "psi": [
      -0.04856758543460148,
      -0.0630243162140585,
      0.02432351425903014,
      -0.011122545109132236,
      -0.0664113221888691,
      -0.027222704768894237,
      -0.15281970089916874,
      -0.07455350423635172,
      0.033747942334916924,
      -0.08970701381204362,
      -0.058920035049569705,
      0.03931634706747258
    ]
  },
  "metrics_series": {
    "mse_train_noise": 0.019268069867485596,
    "mse_train_recovered": 0.027679183467796294,
    "delta_train_pct": -43.65311968535182,
    "mse_test_noise": 0.018957942152927745,
    "mse_test_recovered": 0.025008745718965924,
    "delta_test_pct": -31.91698506741003
  }
}