{
  "schema": {
    "name": "sidekick_bundle",
    "version": "1.0"
  },
  "timestamp": "2025-10-02 21:32:35",
  "dataset": {
    "id": "mackey_glass_tau17_n200",
    "scale_low": 0.2,
    "scale_high": 0.8,
    "window_size": 4,
    "window_step": 2,
    "split": 0.75
  },
  "run": {
    "instance_id": 5,
    "layer": 1,
    "sigma_eval": 0.2,
    "test_seed_fixed": 99123
  },
  "environment": {
    "stage1_backend": "lightning.qubit",
    "stage1_diff": "adjoint",
    "stage3_backend": "lightning.qubit",
    "stage3_diff": "adjoint"
  },
  "architecture": {
    "n_qubits": 4,
    "n_latent": 3,
    "n_trash": 1,
    "rot": "Rxyz"
  },
  "parameters": {
    "phi": [
      [
        [
          -0.003392931567553913,
          1.2046700742677716,
          0.30169271833407224
        ],
        [
          -4.12276759524247e-06,
          0.8992303090418492,
          0.056201930007119386
        ],
        [
          -9.581283858946202e-07,
          0.8856323070237513,
          0.3088663820510374
        ],
        [
          1.9356367248414014e-06,
          0.9603005823400516,
          0.0009781765228810291
        ]
      ]
    ],
    "psi": [
      [
        [
          0.004821257130460169,
          1.1130768409279466,
          0.1970691722580113
        ],
        [
          0.0021074658384755483,
          0.9011582015663971,
          0.03847221345336102
        ],
        [
          0.00012041876011493651,
          0.8652740231270186,
          0.30876987453177984
        ],
        [
          -6.454877942184802e-05,
          0.9472824410117405,
          0.0005934529780803863
        ]
      ]
    ]
  },
  "metrics_series": {
    "mse_train_noise": 0.019268069867485596,
    "mse_train_recovered": 0.017750395154001133,
    "delta_train_pct": 7.876630736353629,
    "mse_test_noise": 0.018957942152927745,
    "mse_test_recovered": 0.01763368185076402,
    "delta_test_pct": 6.985253417703962
  },
  "times_seconds": {
    "stage1": 51.29616150003858,
    "stage3": 116.4570106669562,
    "total": 167.75317216699477
  }
}