{
  "schema": {
    "name": "sidekick_bundle",
    "version": "1.0"
  },
  "timestamp": "2025-10-02 21:32:35",
  "dataset": {
    "id": "mackey_glass_tau17_n200",
    "scale_low": 0.2,
    "scale_high": 0.8,
    "window_size": 4,
    "window_step": 2,
    "split": 0.75
  },
  "run": {
    "instance_id": 4,
    "layer": 1,
    "sigma_eval": 0.2,
    "test_seed_fixed": 99123
  },
  "environment": {
    "stage1_backend": "lightning.qubit",
    "stage1_diff": "adjoint",
    "stage3_backend": "lightning.qubit",
    "stage3_diff": "adjoint"
  },
  "architecture": {
    "n_qubits": 4,
    "n_latent": 3,
    "n_trash": 1,
    "rot": "Rxyz"
  },
  "parameters": {
    "phi": [
      [
        [
          2.8913920431935208e-06,
          1.2046191587955326,
          0.27642503115604045
        ],
        [
          -1.6030961081731829e-06,
          0.8992152805943643,
          0.14766508691355237
        ],
        [
          -3.0447435546193302e-06,
          0.8856017707515746,
          0.15111159829219123
        ],
        [
          1.5186882667310936e-06,
          0.9602930447361857,
          0.058525618171457135
        ]
      ]
    ],
    "psi": [
      [
        [
          0.0022646941053572006,
          1.1512953951302982,
          0.18152860535358234
        ],
        [
          0.005887202630911585,
          0.9067777196333433,
          0.10102515055080427
        ],
        [
          -1.9383409256004757e-05,
          0.8576419087328009,
          0.15112854888111277
        ],
        [
          0.0009842913943338585,
          0.9325931315972693,
          0.03960815976387456
        ]
      ]
    ]
  },
  "metrics_series": {
    "mse_train_noise": 0.019268069867485596,
    "mse_train_recovered": 0.01772792582920987,
    "delta_train_pct": 7.9932450363109915,
    "mse_test_noise": 0.018957942152927745,
    "mse_test_recovered": 0.01758128058684735,
    "delta_test_pct": 7.261661392229712
  },
  "times_seconds": {
    "stage1": 52.77038891706616,
    "stage3": 108.52722712501418,
    "total": 161.29761604208034
  }
}