{
  "schema": {
    "name": "sidekick_bundle",
    "version": "1.0"
  },
  "timestamp": "2025-10-02 21:32:35",
  "dataset": {
    "id": "mackey_glass_tau17_n200",
    "scale_low": 0.2,
    "scale_high": 0.8,
    "window_size": 4,
    "window_step": 2,
    "split": 0.75
  },
  "run": {
    "instance_id": 2,
    "layer": 1,
    "sigma_eval": 0.2,
    "test_seed_fixed": 99123
  },
  "environment": {
    "stage1_backend": "lightning.qubit",
    "stage1_diff": "adjoint",
    "stage3_backend": "lightning.qubit",
    "stage3_diff": "adjoint"
  },
  "architecture": {
    "n_qubits": 4,
    "n_latent": 3,
    "n_trash": 1,
    "rot": "Rxyz"
  },
  "parameters": {
    "phi": [
      [
        [
          -6.785840282351924e-06,
          1.2046283748519033,
          0.05874891826613411
        ],
        [
          2.6347403095607883e-06,
          0.8991986895372102,
          0.007153431750675852
        ],
        [
          -2.5909586420301285e-06,
          0.8855867702847071,
          0.1924109870016014
        ],
        [
          5.031532661983288e-06,
          0.9602856028533874,
          0.014713768583755556
        ]
      ]
    ],
    "psi": [
      [
        [
          0.0013350085217240007,
          1.171827789901989,
          0.03908732188069825
        ],
        [
          0.00012711142794884748,
          0.9126759881260249,
          0.0051068757133934965
        ],
        [
          -4.1500808866885586e-05,
          0.8655533745695917,
          0.1924056093925305
        ],
        [
          0.00018165772654154248,
          0.9420467576206091,
          0.009758029948162682
        ]
      ]
    ]
  },
  "metrics_series": {
    "mse_train_noise": 0.019268069867485596,
    "mse_train_recovered": 0.017783423405059236,
    "delta_train_pct": 7.7052163119444845,
    "mse_test_noise": 0.018957942152927745,
    "mse_test_recovered": 0.01761468736441505,
    "delta_test_pct": 7.085446182275912
  },
  "times_seconds": {
    "stage1": 53.580259500071406,
    "stage3": 116.15145266603213,
    "total": 169.73171216610353
  }
}