layer,runs,mse_test_noise_mean,mse_test_recovered_mean,delta_test_pct_mean
1,5,0.0189579421529277,0.01351164075058198,28.728336432362305
3,5,0.0189579421529277,0.006841902754191919,63.910097947338
