{
  "schema": {
    "name": "full_qae_bundle",
    "version": "1.0"
  },
  "timestamp": "2025-09-08 11:41:46",
  "dataset": {
    "id": "MG_bench",
    "scale_low": 0.2,
    "scale_high": 0.8,
    "window_size": 4,
    "window_stride": 1
  },
  "run": {
    "tag": "inst3_L1",
    "instance_id": 3,
    "seed": 10025,
    "sigma_train": 0.1,
    "sigma_eval": 0.1
  },
  "architecture": {
    "n_qubits": 4,
    "n_layers": 1,
    "n_latent": 2,
    "n_trash": 2,
    "latent_wires": [
      0,
      1
    ],
    "trash_wires": [
      2,
      3
    ],
    "decoder_mode": "adjoint_encoder"
  },
  "training": {
    "stage1": {
      "lr_init": 0.0,
      "max_epochs": 0,
      "patience": 0,
      "lr_patience": 0,
      "best_val": NaN,
      "final_val": NaN,
      "best_epoch": -1,
      "epochs": 0,
      "train_curve": [],
      "val_curve": [],
      "lr_curve": [],
      "train_seconds": NaN
    },
    "stage3": {
      "lr_init": 0.5,
      "max_epochs": 120,
      "patience": 0,
      "plateau_steps": 0,
      "plateau_factor": 1.0,
      "best_val_mse": 0.007510685483171055,
      "final_val_mse": 0.007986581391444258,
      "best_epoch": 90,
      "epochs": 120,
      "train_curve": [
        0.11163004868977595,
        0.06617024267146059,
        0.08351696689806663,
        0.05574749259140553,
        0.04280795821763195,
        0.04676426144760367,
        0.035341323676143004,
        0.03824473088864212,
        0.03654856273485305,
        0.029458388090491137,
        0.021622709460985455,
        0.015117189522722181,
        0.015437414561231497,
        0.02028607286157375,
        0.015711144982927968,
        0.010017454651210851,
        0.011257045254910392,
        0.013242036254630657,
        0.016190044873683238,
        0.013123658068678615,
        0.010975035451648383,
        0.01150574367757333,
        0.011757944129150301,
        0.011559433131778202,
        0.010453428504517415,
        0.010756988735669555,
        0.010471475574089662,
        0.010199468778228216,
        0.010420025032623797,
        0.009970718293249947,
        0.009833960936527905,
        0.00980279661429148,
        0.00928380672017718,
        0.009355006543028638,
        0.009048853673677092,
        0.009617020756896537,
        0.009062665946584053,
        0.009270887235234653,
        0.008877209326697742,
        0.008759549103324236,
        0.008633891358262627,
        0.008747418243339891,
        0.00881397748829228,
        0.008523691957515615,
        0.008363554303073733,
        0.008489379800114688,
        0.00889162488773325,
        0.008387660889668672,
        0.008154261212071684,
        0.008250391010419808,
        0.00803152150937711,
        0.008174706173151584,
        0.008203987275460059,
        0.008593234045165245,
        0.00810390422859201,
        0.007842630225422842,
        0.008401689851219668,
        0.008058765399183985,
        0.008315109152820452,
        0.008237583629924959,
        0.008361955905692437,
        0.007694570124197091,
        0.008430680871466546,
        0.0078544169224259,
        0.008025825006269766,
        0.008420206747751607,
        0.008141157914737577,
        0.008326065950765345,
        0.008216736087978758,
        0.008502926692895582,
        0.008703345464377826,
        0.008089208655760523,
        0.00777852021595841,
        0.007642713074846559,
        0.008053215878528721,
        0.00829830655250983,
        0.00843594415018717,
        0.008321255722255538,
        0.007955831877739806,
        0.007918693216346522,
        0.008041569211536388,
        0.008067380407334476,
        0.008048740719157437,
        0.00833498207375278,
        0.007988414416599202,
        0.008648851632435249,
        0.008396652981611318,
        0.008198879249366619,
        0.008508979622275955,
        0.0082414335922121,
        0.007510685483171055,
        0.00802828030373296,
        0.008572044523740495,
        0.00869205211375954,
        0.007750326844209393,
        0.008133980118349367,
        0.007667123805187386,
        0.00818901404857061,
        0.007923954888693944,
        0.007815447450988408,
        0.008239975229618968,
        0.008230075380857323,
        0.0075667284607267,
        0.007888168042652135,
        0.008391838553435596,
        0.008380334742237181,
        0.008290152991242673,
        0.008327573986048763,
        0.008221083336338426,
        0.008212163022715827,
        0.008323700600518616,
        0.008587296842632878,
        0.008550792940448387,
        0.008191932219860724,
        0.008421042866420295,
        0.00854803454565387,
        0.00817972773976582,
        0.008563103270909457,
        0.00921633113019474,
        0.007986581391444258
      ],