{
  "schema": {
    "name": "full_qae_bundle",
    "version": "1.0"
  },
  "timestamp": "2025-09-08 11:38:02",
  "dataset": {
    "id": "MG_bench",
    "scale_low": 0.2,
    "scale_high": 0.8,
    "window_size": 4,
    "window_stride": 1
  },
  "run": {
    "tag": "inst1_L1",
    "instance_id": 1,
    "seed": 10023,
    "sigma_train": 0.1,
    "sigma_eval": 0.1
  },
  "architecture": {
    "n_qubits": 4,
    "n_layers": 1,
    "n_latent": 2,
    "n_trash": 2,
    "latent_wires": [
      0,
      1
    ],
    "trash_wires": [
      2,
      3
    ],
    "decoder_mode": "adjoint_encoder"
  },
  "training": {
    "stage1": {
      "lr_init": 0.0,
      "max_epochs": 0,
      "patience": 0,
      "lr_patience": 0,
      "best_val": NaN,
      "final_val": NaN,
      "best_epoch": -1,
      "epochs": 0,
      "train_curve": [],
      "val_curve": [],
      "lr_curve": [],
      "train_seconds": NaN
    },
    "stage3": {
      "lr_init": 0.5,
      "max_epochs": 120,
      "patience": 0,
      "plateau_steps": 0,
      "plateau_factor": 1.0,
      "best_val_mse": 0.00779204776337454,
      "final_val_mse": 0.008327330326926433,
      "best_epoch": 67,
      "epochs": 120,
      "train_curve": [
        0.10944848634086173,
        0.16120700983705322,
        0.05190194448685154,
        0.0834397247418245,
        0.048400336673806166,
        0.07162219455477414,
        0.07620242139461939,
        0.0488757604513654,
        0.03857474634597708,
        0.04220287493574829,
        0.03577481820632402,
        0.03815637288024118,
        0.04840242137284708,
        0.034002740813926194,
        0.025272664366564165,
        0.03149292743611945,
        0.02374248183084079,
        0.019518316879885082,
        0.022590090942157,
        0.01610338178563216,
        0.010683922920394415,
        0.01282733512200035,
        0.012436487343742456,
        0.010646575568022409,
        0.01269587176195308,
        0.010074672588186966,
        0.00959032984951484,
        0.01085308341446645,
        0.010132095328231951,
        0.009567060111943977,
        0.010744214465279374,
        0.0097394568270867,
        0.009978938539996998,
        0.009546510750743517,
        0.008941137197600967,
        0.00930385325629154,
        0.00988286844449593,
        0.009009877864534126,
        0.009023709185740825,
        0.008962832844729703,
        0.009202895451325261,
        0.009189817054027593,
        0.008975637956194625,
        0.008946563197908706,
        0.009105228102959642,
        0.009123362353988234,
        0.008625224538335788,
        0.009111500962970717,
        0.008691974217533838,
        0.008710539247364911,
        0.008417356287032217,
        0.00858894059861207,
        0.008652733503230339,
        0.008462646444194298,
        0.008238728042538489,
        0.008658674487613602,
        0.008340084923937478,
        0.008603213080472375,
        0.008265412533566292,
        0.008115126290643215,
        0.008243508080913209,
        0.00830855430294231,
        0.008142883044812916,
        0.008141744148159403,
        0.008315693369109372,
        0.007894669268608275,
        0.008491924400165973,
        0.00779204776337454,
        0.008082391374995286,
        0.008086901958645679,
        0.008090531797445786,
        0.008031591732674785,
        0.008302077593944565,
        0.008027281073072417,
        0.008228887736388246,
        0.0079928373494195,
        0.008390866319745354,
        0.0080456417856629,
        0.007889985385070087,
        0.00790283215751129,
        0.007889966972652852,
        0.00800106119750573,
        0.00841656019829394,
        0.00836643279535397,
        0.0078014690070765565,
        0.007883667543166255,
        0.008365994007389861,
        0.008397247569842552,
        0.008045145962066716,
        0.008421943674076365,
        0.008131497473601366,
        0.00797798778770164,
        0.00801975150900569,
        0.008010913731563152,
        0.007836556097639199,
        0.008286674256696101,
        0.0083767944161377,
        0.008231050159665403,
        0.008219019625233507,
        0.008350418324799665,
        0.00823198699834816,
        0.00844578620951044,
        0.008518326132761076,
        0.008178306369093714,
        0.008136160520173083,
        0.008289091004757375,
        0.008638152270462138,
        0.007965287233652408,
        0.008273490374767111,
        0.008227941385489879,
        0.008792455933971655,
        0.008307076771290585,
        0.008581099519803372,
        0.008193944507120203,
        0.007838435717808909,
        0.008030175344966473,
        0.008362053588663662,
        0.007932705453840574,
        0.008193339828431708,
        0.008327330326926433
      ],