{
  "schema": {
    "name": "full_qae_bundle",
    "version": "1.0"
  },
  "timestamp": "2025-09-08 11:43:37",
  "dataset": {
    "id": "MG_bench",
    "scale_low": 0.2,
    "scale_high": 0.8,
    "window_size": 4,
    "window_stride": 1
  },
  "run": {
    "tag": "inst4_L1",
    "instance_id": 4,
    "seed": 10026,
    "sigma_train": 0.1,
    "sigma_eval": 0.1
  },
  "architecture": {
    "n_qubits": 4,
    "n_layers": 1,
    "n_latent": 2,
    "n_trash": 2,
    "latent_wires": [
      0,
      1
    ],
    "trash_wires": [
      2,
      3
    ],
    "decoder_mode": "adjoint_encoder"
  },
  "training": {
    "stage1": {
      "lr_init": 0.0,
      "max_epochs": 0,
      "patience": 0,
      "lr_patience": 0,
      "best_val": NaN,
      "final_val": NaN,
      "best_epoch": -1,
      "epochs": 0,
      "train_curve": [],
      "val_curve": [],
      "lr_curve": [],
      "train_seconds": NaN
    },
    "stage3": {
      "lr_init": 0.5,
      "max_epochs": 120,
      "patience": 0,
      "plateau_steps": 0,
      "plateau_factor": 1.0,
      "best_val_mse": 0.007576380104696093,
      "final_val_mse": 0.008542246868952911,
      "best_epoch": 64,
      "epochs": 120,
      "train_curve": [
        0.11434712117377104,
        0.07868130917218451,
        0.057609830376736185,
        0.04571490838796321,
        0.027452721132688387,
        0.03301745794787467,
        0.023576653704456975,
        0.03060063623782785,
        0.01957548207502515,
        0.011944533563974865,
        0.017012262521987585,
        0.01619633978642358,
        0.016034874054121535,
        0.013938653072589246,
        0.009536399946754434,
        0.014437361368799076,
        0.015230715617707754,
        0.01253195043431704,
        0.014023688822291708,
        0.009177004826403094,
        0.010899829190439112,
        0.011358367120409614,
        0.0117822264526072,
        0.00999040380991194,
        0.008426024963658138,
        0.009665199339055085,
        0.010630265376103865,
        0.010219749826498073,
        0.009232202731288976,
        0.009344407954724167,
        0.008531442962990464,
        0.008849371025384977,
        0.009999399422823626,
        0.008692568601619917,
        0.00861164171796602,
        0.008660845669715894,
        0.008286418962851101,
        0.009152219870976993,
        0.00865558728129131,
        0.008588994379327584,
        0.008005803927419444,
        0.008268375612615059,
        0.00902909863023837,
        0.008545160677874307,
        0.008330173521581318,
        0.008220991050229744,
        0.008373336975293666,
        0.008226561182498926,
        0.008175034091632016,
        0.008279336360375554,
        0.008116649634044345,
        0.008121458639169347,
        0.00813776473484184,
        0.008223696486617381,
        0.008451932164126074,
        0.008158169153217114,
        0.008173085350376552,
        0.008007210070703803,
        0.008224731998752611,
        0.00801709250207423,
        0.00805771397570584,
        0.00797996714643055,
        0.007863576990663956,
        0.007756102681955142,
        0.007576380104696093,
        0.0077327140476259,
        0.008550014557360638,
        0.00774618874075101,
        0.008245552784226996,
        0.00861430941922211,
        0.007996262132426919,
        0.008045968239728566,
        0.008120362557876562,
        0.008018502363653934,
        0.008189147728771221,
        0.007952999876339718,
        0.008136458525769346,
        0.00869217924553544,
        0.00792700028526759,
        0.008207623681673307,
        0.007903914340654385,
        0.007969872107939565,
        0.00784496319282937,
        0.007912570699065034,
        0.007860844795813707,
        0.007820352277362243,
        0.007719277769772969,
        0.007995553891086984,
        0.008058576496120283,
        0.007920006150849935,
        0.008353624313654731,
        0.007986471966893921,
        0.007941871893570922,
        0.0084367193562468,
        0.008304192204398401,
        0.008199058280015896,
        0.008800607589395616,
        0.008050015648159856,
        0.008885767158546557,
        0.008053779485607954,
        0.00905130954358784,
        0.008079102916790584,
        0.008365004236878849,
        0.00822430087359187,
        0.008273136546699237,
        0.008489657113535038,
        0.008142678723553898,
        0.00860175531189741,
        0.008001016265551416,
        0.008170532139069781,
        0.008664390857200922,
        0.008148102003383584,
        0.00890223988283444,
        0.008290549421697897,
        0.007861030739055285,
        0.008587095494983278,
        0.008190493439845837,
        0.008324064241075013,
        0.00845001468477784,
        0.008542246868952911
      ],