{
  "schema": {
    "name": "full_qae_bundle",
    "version": "1.0"
  },
  "timestamp": "2025-09-08 11:39:54",
  "dataset": {
    "id": "MG_bench",
    "scale_low": 0.2,
    "scale_high": 0.8,
    "window_size": 4,
    "window_stride": 1
  },
  "run": {
    "tag": "inst2_L1",
    "instance_id": 2,
    "seed": 10024,
    "sigma_train": 0.1,
    "sigma_eval": 0.1
  },
  "architecture": {
    "n_qubits": 4,
    "n_layers": 1,
    "n_latent": 2,
    "n_trash": 2,
    "latent_wires": [
      0,
      1
    ],
    "trash_wires": [
      2,
      3
    ],
    "decoder_mode": "adjoint_encoder"
  },
  "training": {
    "stage1": {
      "lr_init": 0.0,
      "max_epochs": 0,
      "patience": 0,
      "lr_patience": 0,
      "best_val": NaN,
      "final_val": NaN,
      "best_epoch": -1,
      "epochs": 0,
      "train_curve": [],
      "val_curve": [],
      "lr_curve": [],
      "train_seconds": NaN
    },
    "stage3": {
      "lr_init": 0.5,
      "max_epochs": 120,
      "patience": 0,
      "plateau_steps": 0,
      "plateau_factor": 1.0,
      "best_val_mse": 0.00763522972778621,
      "final_val_mse": 0.00815997213909575,
      "best_epoch": 81,
      "epochs": 120,
      "train_curve": [
        0.1163318610330902,
        0.08489506537413138,
        0.044629047091919186,
        0.08228079568963236,
        0.03218276618058369,
        0.03310219380626856,
        0.048959596970758364,
        0.0277874801662074,
        0.022005264242333004,
        0.03192636170805241,
        0.01866780973256315,
        0.015694797828619187,
        0.023364947235504915,
        0.015905018433797977,
        0.009430142285479502,
        0.019094421144391,
        0.02024995169356938,
        0.011544409819562004,
        0.015814251555318896,
        0.014488273264345923,
        0.009595868380711232,
        0.013566382080153856,
        0.014552569713049654,
        0.009044062576469156,
        0.0105618228984054,
        0.012091330859315729,
        0.00932280918442792,
        0.008844899050352024,
        0.010767426017097523,
        0.010307743663169746,
        0.008857973579440792,
        0.010727179364090449,
        0.010262882907561468,
        0.008138901116342454,
        0.010225986899805018,
        0.00995741516068351,
        0.008297708092312225,
        0.009200211222737831,
        0.009023328767810283,
        0.008377776793459975,
        0.008379518405666113,
        0.008160005234198216,
        0.008467760315152673,
        0.00864941232375645,
        0.008551827790359212,
        0.008458620601780006,
        0.008765799695673093,
        0.008663146545284914,
        0.008251285755879996,
        0.008396212654014959,
        0.008062939422998272,
        0.008083050488113534,
        0.00814699228921844,
        0.008476222882675265,
        0.008021421384542347,
        0.008264405140540358,
        0.008205668262890799,
        0.007783591969612773,
        0.007781153720470613,
        0.008589738675801655,
        0.00849917527870262,
        0.008032047684536634,
        0.008246800028315059,
        0.008012562195060783,
        0.008726999738242328,
        0.007995236433184347,
        0.008112422525938173,
        0.00813683355946794,
        0.008108262317996655,
        0.008098149202856009,
        0.007714488770660747,
        0.008146343121726114,
        0.008127558921121067,
        0.008269500569549833,
        0.008115101700279261,
        0.008371230052126383,
        0.007636508328531141,
        0.008437839346867294,
        0.008313574974923032,
        0.008352726713189049,
        0.008027987031126596,
        0.00763522972778621,
        0.008509741010750653,
        0.008013785679460737,
        0.008114072737838436,
        0.008213913086193722,
        0.007881547455413467,
        0.007862599083251237,
        0.008041953403366614,
        0.008450250687402778,
        0.007991692986082566,
        0.008414470187241539,
        0.008183472711875705,
        0.008542404742251436,
        0.007662582571716575,
        0.008295561634111106,
        0.007887969477420632,
        0.008522939970704491,
        0.00807845058539399,
        0.008138722507709415,
        0.008425514969831172,
        0.008091250544150313,
        0.008229633859680941,
        0.007766540234200916,
        0.008212661415571929,
        0.007978640261062705,
        0.008326741942635586,
        0.008240810262148367,
        0.0081839603648846,
        0.008352338872277197,
        0.00817836847838085,
        0.0077375852882352915,
        0.008053445231377363,
        0.008147793958086388,
        0.007783212627782925,
        0.008372744463017655,
        0.008261723970259717,
        0.008000896801030128,
        0.008264332981013402,
        0.00815997213909575
      ],