{
  "schema": {
    "name": "half_qae_bundle",
    "version": "1.0"
  },
  "timestamp": "2025-09-20 14:47:19",
  "dataset": {
    "id": "mackey_glass_tau30_n200",
    "scale_low": 0.2,
    "scale_high": 0.8,
    "window_size": 4,
    "window_step": 2,
    "split": 0.75
  },
  "run": {
    "instance_id": 2,
    "layer": 1,
    "sigma_eval": 0.2,
    "test_seed_fixed": 99123
  },
  "environment": {
    "device": "default.qubit",
    "reset_mode": "none"
  },
  "architecture": {
    "n_qubits": 4,
    "n_latent": 2,
    "n_trash": 2
  },
  "parameters": {
    "phi": [
      0.20084340193771824,
      -0.16309720407342548,
      0.06513407902911919,
      -0.6779230097256639,
      -0.1477302434857848,
      0.03256562402316114,
      1.1419561912085279,
      -0.20349452095189788,
      0.40863849502819066,
      1.1934382152413696,
      0.1495217001229886,
      -0.4365224872009619
    ],
    "psi": [
      0.018087231112984957,
      -0.056242841231176996,
      0.01833718943432624,
      -0.08572503868814856,
      -0.035420313648170665,
      0.014671891210470444,
      0.037465114855160325,
      -0.004508606820127866,
      0.07368958340049007,
      0.0027206511455719795,
      -0.13002094332041067,
      -0.061367590598121205
    ]
  },
  "metrics_series": {
    "mse_train_noise": 0.019268069867485593,
    "mse_train_recovered": 0.024183971645711174,
    "delta_train_pct": -25.513202993523755,
    "mse_test_noise": 0.018957942152927745,
    "mse_test_recovered": 0.023405348501561507,
    "delta_test_pct": -23.459330726710405
  }
}