{
  "schema": {
    "name": "qae_model_bundle",
    "version": "1.0"
  },
  "timestamp": "2025-08-24 17:13:13",
  "dataset": {
    "id": "unknown_dataset",
    "scale_low": 0.2,
    "scale_high": 0.8,
    "n_samples": -1,
    "window_size": 4,
    "window_stride": 1
  },
  "run": {
    "tag": "20250824-171313",
    "seed": null,
    "regime": "stage3_fixed_decoder_denoiser",
    "sigma_train": 0.1,
    "sigma_eval": 0.1,
    "user_note": null
  },
  "architecture": {
    "n_qubits": 4,
    "n_layers": 3,
    "latent_wires": [
      0,
      1
    ],
    "trash_wires": [
      2,
      3
    ],
    "n_latent": 2,
    "n_trash": 2
  },
  "parameters": {
    "phi_stage1": [
      -0.5869964319376697,
      0.7775679686916251,
      -1.2273712854161638,
      0.8847776336343951,
      -0.367845213577532,
      0.11443901762613935,
      0.40455850853711056,
      1.1674443699431867,
      -0.6537027657283676,
      -0.17848075079286294,
      -0.022700974504133786,
      0.1667325015479038,
      0.20869830891577146,
      0.6920012640348524,
      -0.16038428673248822,
      -0.1339753801276599,
      0.49046401887452284,
      -0.7144637403644996,
      -0.08189795260742468,
      -0.619028517882612,
      1.395971658499114,
      0.31464904372269137,
      -0.645320445294304,
      0.2531385754318049,
      -0.6300424884266299,
      1.3378861883380326,
      0.016977653935004142,
      0.29032338026587357,
      -0.9798629792543249,
      -0.7410339587654612,
      -1.309863385720453,
      0.6601661904204188,
      0.07473728710883115,
      0.42477738476546784,
      -0.2439256949778645,
      0.13198780078212313
    ],
    "psi_stage3": [
      -0.5838177494525897,
      0.7837041601291052,
      -1.2108094685516928,
      0.8747630811506697,
      -0.3816639583275318,
      -0.0012175563505157929,
      0.4876389855171667,
      1.1036748223912192,
      -0.5746438101890593,
      -0.24883172169778275,
      -0.033162091625234105,
      0.19644688935596905,
      0.18149261623840882,
      0.6298250696346389,
      -0.04978107215399029,
      -0.1338633079049725,
      0.5400034179499146,
      -0.6587364369780334,
      -0.08604734271308213,
      -0.6292383539553844,
      1.4732230017021297,
      0.3437630086515785,
      -0.5826748961779502,
      0.33149090917771223,
      -0.5155622373365092,
      1.4065387061451464,
      -0.0166753519530495,
      0.25236000053720214,
      -0.9978917971064263,
      -1.1173957982074658,
      -1.3761449919800597,
      0.7220135591693373,
      0.1806483703515767,
      0.3434228761018006,
      -0.23901661160963725,
      0.43013976517132607
    ]
  },
  "training_history": {
    "val_mse_values": [
      0.00397208767756405,
      0.003987592480240419,
      0.003966477935343759,
      0.003898548104661964,
      0.003836847577479734,
      0.003806343019521047,
      0.003735612972287304,
      0.0038295904224733765,
      0.0038868869694978644,
      0.004127127755053591,
      0.004344807865379744,
      0.004570144371973882,
      0.0048609381903909,
      0.0056047233297889885,
      0.006390468909017207,
      0.006914589971446329,
      0.0074514197078749496,
      0.007887574645470732,
      0.008189952152164911,
      0.008490813442110747,
      0.008680143702649799,
      0.009023968334142879
    ],
    "train_loss": null,
    "lr": null
  }
}