{
  "schema": {
    "name": "full_qae_bundle",
    "version": "1.0"
  },
  "timestamp": "2025-09-08 11:40:38",
  "dataset": {
    "id": "MG_bench",
    "scale_low": 0.2,
    "scale_high": 0.8,
    "window_size": 6,
    "window_stride": 1
  },
  "run": {
    "tag": "inst1_L1",
    "instance_id": 1,
    "seed": 10023,
    "sigma_train": 0.1,
    "sigma_eval": 0.1
  },
  "architecture": {
    "n_qubits": 6,
    "n_layers": 1,
    "n_latent": 2,
    "n_trash": 4,
    "latent_wires": [
      0,
      1
    ],
    "trash_wires": [
      2,
      3,
      4,
      5
    ],
    "decoder_mode": "adjoint_encoder"
  },
  "training": {
    "stage1": {
      "lr_init": 0.0,
      "max_epochs": 0,
      "patience": 0,
      "lr_patience": 0,
      "best_val": NaN,
      "final_val": NaN,
      "best_epoch": -1,
      "epochs": 0,
      "train_curve": [],
      "val_curve": [],
      "lr_curve": [],
      "train_seconds": NaN
    },
    "stage3": {
      "lr_init": 0.5,
      "max_epochs": 120,
      "patience": 0,
      "plateau_steps": 0,
      "plateau_factor": 1.0,
      "best_val_mse": 0.010682996552817322,
      "final_val_mse": 0.011054622189239596,
      "best_epoch": 67,
      "epochs": 120,
      "train_curve": [
        0.15671381469667858,
        0.07137408818684535,
        0.08268902844166032,
        0.07812757047442669,
        0.03194793563729037,
        0.041068874813265016,
        0.037446525658335075,
        0.04153610617992593,
        0.0426701346146357,
        0.02457402375005266,
        0.01763953864815127,
        0.02356083521044907,
        0.024204033246623367,
        0.024073246473882585,
        0.02063665193745212,
        0.014416837610798273,
        0.016170552815775754,
        0.02047254064358219,
        0.019674549562667395,
        0.015090143573990257,
        0.014873814417473936,
        0.014986152392176431,
        0.015246135008905964,
        0.015263457862503719,
        0.013073903705185857,
        0.01262974259475866,
        0.014145268408496146,
        0.013303559352516732,
        0.013284672347812535,
        0.01255626200919082,
        0.012091670925983521,
        0.012040838354597015,
        0.012821449878868305,
        0.012672769268618881,
        0.0118933992477923,
        0.011403877789967999,
        0.011896627506029614,
        0.012375754340732303,
        0.012046005845423178,
        0.01154225631996865,
        0.0115249210443801,
        0.011389485902618818,
        0.011758100777943878,
        0.011573399884590576,
        0.011109282307543057,
        0.01168594488454681,
        0.011319805679509545,
        0.011280788867938001,
        0.011368467087794697,
        0.011068848395624685,
        0.011189752855544443,
        0.011010305013690443,
        0.010930267934630183,
        0.011137263012769235,
        0.010915505367487201,
        0.011116448675240222,
        0.011181722726249402,
        0.011121400747520199,
        0.010970252690187398,
        0.01102524066949474,
        0.01085972800861156,
        0.011388251254792143,
        0.010728864293217635,
        0.011368578792471844,
        0.011013925525225994,
        0.011045438747363967,
        0.011426576940622265,
        0.010682996552817322,
        0.011146875915846734,
        0.010763861530943303,
        0.011336221022164883,
        0.010936829342976077,
        0.011403475171212638,
        0.010846560896975999,
        0.011143177465973143,
        0.010793702448903793,
        0.011153908064298335,
        0.011028949711355165,
        0.010758159338651945,
        0.010814680725030022,
        0.010811149227441353,
        0.010837336247538456,
        0.011386557917170387,
        0.01105282030825244,
        0.010945314236290856,
        0.01074612183317662,
        0.011268052255786918,
        0.010944667739616741,
        0.011162252318803651,
        0.01104522658716232,
        0.011132741234201606,
        0.010854263953708396,
        0.010989328208025522,
        0.010857581718891946,
        0.010829731627455808,
        0.01128727797867443,
        0.010968922613272982,
        0.01109779759829652,
        0.010997337717773198,
        0.011322542163840535,
        0.010873950949737535,
        0.01139529595480308,
        0.011084067069608364,
        0.011161490203479655,
        0.011137654184760917,
        0.011130052348640066,
        0.011559379293181725,
        0.010778519339875179,
        0.011330272426186665,
        0.010841567128349407,
        0.011546810162958058,
        0.010870464716403232,
        0.011210076998430317,
        0.010925584041449589,
        0.010773181933057513,
        0.010884455487640563,
        0.011234591499585085,
        0.010751918302423554,
        0.011101390237906556,
        0.011054622189239596
      ],