{
  "schema": {
    "name": "full_qae_bundle",
    "version": "1.0"
  },
  "timestamp": "2025-09-08 11:51:58",
  "dataset": {
    "id": "MG_bench",
    "scale_low": 0.2,
    "scale_high": 0.8,
    "window_size": 6,
    "window_stride": 1
  },
  "run": {
    "tag": "inst5_L1",
    "instance_id": 5,
    "seed": 10027,
    "sigma_train": 0.1,
    "sigma_eval": 0.1
  },
  "architecture": {
    "n_qubits": 6,
    "n_layers": 1,
    "n_latent": 2,
    "n_trash": 4,
    "latent_wires": [
      0,
      1
    ],
    "trash_wires": [
      2,
      3,
      4,
      5
    ],
    "decoder_mode": "adjoint_encoder"
  },
  "training": {
    "stage1": {
      "lr_init": 0.0,
      "max_epochs": 0,
      "patience": 0,
      "lr_patience": 0,
      "best_val": NaN,
      "final_val": NaN,
      "best_epoch": -1,
      "epochs": 0,
      "train_curve": [],
      "val_curve": [],
      "lr_curve": [],
      "train_seconds": NaN
    },
    "stage3": {
      "lr_init": 0.5,
      "max_epochs": 120,
      "patience": 0,
      "plateau_steps": 0,
      "plateau_factor": 1.0,
      "best_val_mse": 0.010568348836642897,
      "final_val_mse": 0.011693800163476476,
      "best_epoch": 113,
      "epochs": 120,
      "train_curve": [
        0.15698797993517408,
        0.10503389237067214,
        0.04419241486199479,
        0.07643625692149171,
        0.056375401158695874,
        0.03137860521437921,
        0.03678602917691606,
        0.04218926305085568,
        0.03369833656991374,
        0.023541388894925422,
        0.02491512470623629,
        0.027724642770523632,
        0.024381202873351007,
        0.020063729856177787,
        0.01699749633743735,
        0.016749778641099413,
        0.017839658337878872,
        0.0165820985100632,
        0.014198702692347149,
        0.013705238440517131,
        0.014761691202205683,
        0.015467167117806732,
        0.014834122914502711,
        0.015257832353522096,
        0.01459238634492689,
        0.014843125084392807,
        0.014534336623136981,
        0.014856747678716425,
        0.013938342251486052,
        0.013727640987569583,
        0.013302621033891546,
        0.012758941614630167,
        0.012395724960386672,
        0.012290004752729464,
        0.012154398491530901,
        0.011476073972087938,
        0.011425190701112782,
        0.011758286463445925,
        0.011277123198165179,
        0.011860399552076732,
        0.011442612950070595,
        0.011747765195640584,
        0.011750016758506248,
        0.011403059160615816,
        0.01124727005219927,
        0.010982176760319332,
        0.01128355608267835,
        0.011248338980845839,
        0.010894549435117643,
        0.011299778673225356,
        0.011014778140535034,
        0.011128902797761245,
        0.011120662791931048,
        0.01131316105577469,
        0.01111849677659503,
        0.011072191462356985,
        0.010858890071149579,
        0.011092767133777659,
        0.011129653594550013,
        0.010934169602570513,
        0.010955518638477038,
        0.01138395806105397,
        0.010970154387036182,
        0.011145674576146295,
        0.010991502377041698,
        0.01077406363453964,
        0.011063634319853818,
        0.010918680219405444,
        0.010955954945721949,
        0.011198581089833121,
        0.011077047343596373,
        0.010925149850572951,
        0.010982833002713447,
        0.010892119448949862,
        0.010814381188324338,
        0.010727354895983265,
        0.010911174627231335,
        0.010923909916836585,
        0.010978841240812644,
        0.010915448080279274,
        0.011074677153002975,
        0.011299997517705693,
        0.01119447547504112,
        0.011038442665660758,
        0.011075592547749742,
        0.010923760484961425,
        0.010702516912289559,
        0.010976303860243604,
        0.011080001120134502,
        0.01118466631281007,
        0.0108873102974211,
        0.011340264332719176,
        0.011310353507278267,
        0.010989865648878232,
        0.01100078575799084,
        0.010952639559345079,
        0.010825154058396307,
        0.010844963030896881,
        0.010649977577393381,
        0.010858765571803585,
        0.010709538329408373,
        0.011001375065744447,
        0.011150961839491502,
        0.011144002587967045,
        0.010866028937257317,
        0.010825895878837382,
        0.011098085868461074,
        0.010836040532415856,
        0.010989519511639775,
        0.010844105809891409,
        0.011054245988560928,
        0.010933932312629388,
        0.010805058740155337,
        0.010568348836642897,
        0.011111634371782935,
        0.010878349555791339,
        0.011115164447131374,
        0.011004002690960893,
        0.011313104465350693,
        0.011693800163476476
      ],