{
  "schema": {
    "name": "full_qae_bundle",
    "version": "1.0"
  },
  "timestamp": "2025-09-08 11:46:17",
  "dataset": {
    "id": "MG_bench",
    "scale_low": 0.2,
    "scale_high": 0.8,
    "window_size": 6,
    "window_stride": 1
  },
  "run": {
    "tag": "inst3_L1",
    "instance_id": 3,
    "seed": 10025,
    "sigma_train": 0.1,
    "sigma_eval": 0.1
  },
  "architecture": {
    "n_qubits": 6,
    "n_layers": 1,
    "n_latent": 2,
    "n_trash": 4,
    "latent_wires": [
      0,
      1
    ],
    "trash_wires": [
      2,
      3,
      4,
      5
    ],
    "decoder_mode": "adjoint_encoder"
  },
  "training": {
    "stage1": {
      "lr_init": 0.0,
      "max_epochs": 0,
      "patience": 0,
      "lr_patience": 0,
      "best_val": NaN,
      "final_val": NaN,
      "best_epoch": -1,
      "epochs": 0,
      "train_curve": [],
      "val_curve": [],
      "lr_curve": [],
      "train_seconds": NaN
    },
    "stage3": {
      "lr_init": 0.5,
      "max_epochs": 120,
      "patience": 0,
      "plateau_steps": 0,
      "plateau_factor": 1.0,
      "best_val_mse": 0.01040677493814379,
      "final_val_mse": 0.010895555771717481,
      "best_epoch": 90,
      "epochs": 120,
      "train_curve": [
        0.16003731235604154,
        0.06843485116320011,
        0.08036565537303125,
        0.07132000135662334,
        0.03160277925674442,
        0.04217015205209492,
        0.03431178495395258,
        0.03492180936383995,
        0.042234333501318055,
        0.023385626064931626,
        0.014318131948343141,
        0.025817513971750066,
        0.02650530845135299,
        0.01727697192284429,
        0.01812315775760512,
        0.021302986967953297,
        0.017836334579474852,
        0.017823824414461932,
        0.018788127165066414,
        0.01626593969879798,
        0.01346359208295313,
        0.016853097949820615,
        0.01639628359741299,
        0.01339923702640093,
        0.012699642067417716,
        0.014384058715903408,
        0.013499081874344671,
        0.013471383682819525,
        0.013613293687082867,
        0.013427628783704171,
        0.012134428594387705,
        0.012534699451863739,
        0.012190479742781628,
        0.012024139768835663,
        0.012392236285102524,
        0.0122902310345697,
        0.011531118183590153,
        0.011200166185494971,
        0.011693226596667071,
        0.011948102555678549,
        0.011506346232743074,
        0.011734104232096629,
        0.011565092657085253,
        0.011269151298102884,
        0.011365686780706869,
        0.011401842229385667,
        0.011428040932151193,
        0.01180926284659257,
        0.011036204318699026,
        0.010946520133901377,
        0.01087764712058475,
        0.011105669288545427,
        0.011423513862572808,
        0.011642092152115702,
        0.011028539280466536,
        0.010981906922434595,
        0.011332075366197287,
        0.010922848846982618,
        0.011197305182053792,
        0.011150798140982847,
        0.011030917063318203,
        0.010603778791879428,
        0.011066454764734147,
        0.01090427654729288,
        0.010846804966477186,
        0.01098195944534323,
        0.011005523190390304,
        0.010993839466706795,
        0.010795966929880583,
        0.011044571711946345,
        0.011164394051705103,
        0.011049433956820603,
        0.010735194166511239,
        0.010657721455522122,
        0.011028246224750479,
        0.010989239189350544,
        0.01114408616524784,
        0.011227372213443365,
        0.010893343825957622,
        0.011024472879792415,
        0.010778373705018756,
        0.011025593316445214,
        0.010696664036011817,
        0.01106959129518473,
        0.010784859736490206,
        0.010771914752140918,
        0.010997205560555737,
        0.010828114240758557,
        0.010816215315625448,
        0.010860541607793735,
        0.01040677493814379,
        0.010747101665553819,
        0.011265898387806639,
        0.01117657198408598,
        0.01070342641624518,
        0.011128644615944034,
        0.01068413110180101,
        0.01146008439610084,
        0.010826182963354573,
        0.011181515240212834,
        0.01111532363251242,
        0.011136729596510077,
        0.010539949494137394,
        0.010765975544636396,
        0.011011139971613156,
        0.010911915276776573,
        0.011238769660105135,
        0.010910897653497025,
        0.010884881760351774,
        0.011027208162934794,
        0.01090935150835691,
        0.011015967938851009,
        0.011388510465556122,
        0.011066587073404991,
        0.010887700571335078,
        0.010800472146314953,
        0.01099451156317537,
        0.010920884712948352,
        0.011291793847637512,
        0.010895555771717481
      ],