{
  "model_type": "Full_QAE_Denoising",
  "n_qubits": 4,
  "n_latent": 2,
  "n_trash": 2,
  "n_layers": 2,
  "n_epochs": 200,
  "batch_size": 12,
  "learning_rate": 0.05,
  "noise_level": 0.08,
  "actual_noise_train": 0.07828340289790155,
  "enc_params": [
    -0.018069227793359052,
    -0.034229687520923036,
    0.16826932020781366,
    1.4170627148062211,
    0.41709354278523325,
    0.0873935613796724,
    -0.7688062458983189,
    -0.040026997151780194,
    -0.1682812332853238,
    -1.1394216670968165,
    0.3949679233651033,
    -0.09345099328538249,
    -1.8474476475017023,
    1.2184260504121176,
    -0.4879823906328698,
    0.252459761276696,
    -0.3456131909641178,
    0.8613709294541737,
    1.0643044810140465,
    0.8495970682323722,
    0.2028698524742739,
    0.7873513821128,
    0.18728669985334623,
    0.5051626537600145
  ],
  "dec_params": [
    -0.36987947722719366,
    1.3054621728690219,
    -0.802155696979184,
    0.117440389922662,
    -0.3301413666680168,
    0.8786717642712969,
    0.001746854616971499,
    -1.142405253717569,
    0.7481521300522086,
    0.72642566940828,
    0.5967390102579812,
    -0.31967671404334236,
    -0.40076342039188684,
    -0.18115245344023875,
    0.193066018495037,
    1.672295153282989,
    -0.47700163455893774,
    0.08275824537844279,
    0.07551731574039934,
    -0.24891976452062686,
    -0.2760207733064771,
    1.4279011701121183,
    -0.274340913073311,
    0.24362155256525764
  ],
  "train_costs": [
    0.0030618197307778145,
    0.0029004696766826944,
    0.002559010187416955,
    0.00250614763742134,
    0.002522625437418499,
    0.0025128118736878744,
    0.002524804637514481,
    0.0025369293294742676,
    0.0025349960890369365,
    0.0026097937571112053,
    0.0025254454535883894,
    0.0024485155663381054,
    0.002458847887705178,
    0.0025473264504199235,
    0.002514544968995915,
    0.0024457809650903317,
    0.0025813417445648894,
    0.002633515114702665,
    0.002603287296971268,
    0.002545816521290052,
    0.0025359488931014583,
    0.0024686424082095153,
    0.002563119794491353,
    0.0025715130524099883,
    0.002480938508495972,
    0.002463584844420935,
    0.002506152383883074,
    0.0024886878519445217,
    0.002504472794283811,
    0.0024958888524867794,
    0.0025173543323729957,
    0.0024710267186645028,
    0.0024519648978461985,
    0.002430705206179944,
    0.002502459478227066,
    0.00247451055890327,
    0.002460079139186933,
    0.0024431955658639243,
    0.0024840327459276688,
    0.002398463364383844,
    0.0025788452398344624,
    0.002488403048478301,
    0.002561462181407917,
    0.002453076659067599,
    0.002511266646758083,
    0.0024170716884592573,
    0.0024714645288523318,
    0.002567106324879498,
    0.0025885761190194037,
    0.0025806674663872626,
    0.002562027179589583,
    0.0025373735750818067,
    0.0024977916162962264,
    0.0024856079423377026,
    0.002476341133585272,
    0.002555190223196865,
    0.0025177661429900034,
    0.0023701388321730995,
    0.002395756346565245,
    0.0024257881255609665,
    0.002445724889521281,
    0.002455576630418428,
    0.0025011196959472777,
    0.002531684636680441,
    0.002381792829926381,
    0.002441959992907271,
    0.002549647450583907,
    0.002491901936502265,
    0.0023968043748496194,
    0.0025142722618347476,
    0.002438702394241225,
    0.0027217891695271177,
    0.002428306975434913,
    0.002664607170411861,
    0.0023675353844756788,
    0.002462130435727972,
    0.002545482407013176,
    0.0024732492706336143,
    0.002417047080319235,
    0.002588751472988337,
    0.002580935003461582,
    0.002665121253895647,
    0.002544679919087655,
    0.002626106478616214,
    0.0024009722139085423,
    0.002590769873682794,
    0.0024610555691461913,
    0.0024359284411145654,
    0.0025037628840741113,
    0.002459079024773293,
    0.0025089165118510164,
    0.0025307633975544504,
    0.0025345519316807294,
    0.0024614088834784198,
    0.0025590325186230765,
    0.0023752688080819805,
    0.0025567442131148796,
    0.002485695490878952,
    0.002433040725398316,
    0.002562601097375165,
    0.0026190056264594327,
    0.0025059081830622484,
    0.002435256995914338,
    0.0024585171285113417,
    0.0024308478980581538,
    0.002547118325668454,
    0.002518567516003643,
    0.002561155804495699,
    0.0025233810932290034,
    0.0026876311933063265,
    0.0024877358152245914,
    0.0025883095475832006,
    0.002477458330505611,
    0.0026154988369182725,
    0.0025192473314054028,
    0.00250718708777894,
    0.002497570541607895,
    0.002639140553954529,
    0.002405279729630256,
    0.0026033300930942806,
    0.002680151761911219,
    0.0025756561652890584,
    0.0024891210444646676,
    0.0024652872577436997,
    0.002462839136188108,
    0.0024273400351527224,
    0.0024701734122356384,
    0.002448163695076464,
    0.0024604515733895487,
    0.0024809142497076767,
    0.0025595630556273403,
    0.0024137838430413673,
    0.0025413452325885643,
    0.0024922697866995016,
    0.002604410655757482,
    0.0024775999403454188,
    0.0025442364515180426,
    0.002394849531576311,
    0.002586020384204585,
    0.0025438524153527453,
    0.0023818947768409894,
    0.0025377297667140337,
    0.0026184862215421476,
    0.002508542389548915,
    0.0025186841348528227,
    0.002546907917095686,
    0.0025695217651874576,
    0.0025871530755188785,
    0.002493773429537241,
    0.002526296449588266,
    0.002524712795067164,
    0.0024148267294543486,
    0.002456031594240216,
    0.0025325150888765753,
    0.0024913064072074253,
    0.002557199244161437,
    0.0024967241681459296,
    0.0024476596934585697,
    0.0024412502024331066,
    0.002545553897804241,
    0.002431464133197594,
    0.002478563507518129,
    0.002522951043444611,
    0.0024762059840879222,
    0.002530264242448599,
    0.002505153095729675,
    0.002466610617395896,
    0.002510191973083167,
    0.0023813246706003203,
    0.002498920004188234,
    0.002571600993472418,
    0.0025560423682021195,
    0.002425289831904873,
    0.002627099178385088,
    0.0028427998413941757,
    0.002510118469714764,
    0.0025847994725866816,
    0.002543385824507349,
    0.002519117913138836,
    0.002477113857611215,
    0.0026049695675986304,
    0.002439568449748201,
    0.0025252333151012606,
    0.0024666193986025353,
    0.0024090549351661068,
    0.002424485142522634,
    0.0024819543645099923,
    0.0024230320097375383,
    0.002478809721682642,
    0.0023885558332463635,
    0.002509005580209908,
    0.0025103197335593435,
    0.0024767361516153533,
    0.0025159284436755613,
    0.002467065711238176,
    0.0024335947903335693,
    0.0024481215704529975,
    0.002433686150558314,
    0.002456819952101763,
    0.0025045527427756038
  ],
  "final_train_cost": 0.0025045527427756038,
  "avg_denoising_error": 0.002407758333105819,
  "denoising_errors": [
    0.002948914675465303,
    0.004441770814560338,
    0.0029274923552429664,
    0.0049621813754931405,
    0.0016486518447753253,
    0.000843449600178582,
    0.0010745144024565077,
    0.000415091596674389
  ],
  "data_info": {
    "data_name": "mackey_glass",
    "major_version": 6,
    "minor_version": 0,
    "samples": 100,
    "scale_margin": 0.2,
    "scale_low": 0.2,
    "scale_high": 0.8,
    "mackey_glass_beta": 0.25,
    "mackey_glass_gamma": 0.1,
    "mackey_glass_n": 10,
    "mackey_glass_tau": 15,
    "mackey_glass_dt": 1.0,
    "mackey_glass_T": 300
  },
  "training_samples": 57,
  "test_samples": 20,
  "half_qae_source": "half_qae_replicating_model.json",
  "encoder_initialization": "half_qae_encoder"
}