{
  "n_qubits": 4,
  "n_latent": 2,
  "n_trash": 2,
  "n_layers": 2,
  "n_epochs": 100,
  "batch_size": 8,
  "learning_rate": 0.01,
  "init_scale": 0.1,
  "enc_params": [
    -0.8714272942731774,
    1.0980168016087748,
    0.5202529686572969,
    0.3046233737720339,
    0.9451715965294275,
    0.4625248303629596,
    -0.29999540156716126,
    0.2821918337313036,
    0.22340993705953988,
    0.08100430292195797,
    -0.11184383198832248,
    0.514044046054513,
    0.008634197193862145,
    0.6646010910327648,
    0.08928641369737098,
    -0.9523571670560351,
    1.0114436883311233,
    0.21004842977411314,
    0.8242760262031574,
    1.1627171086205943,
    -1.196788490525058,
    0.9124979235807595,
    -0.2708293532533468,
    -0.02672763132182649
  ],
  "dec_params": [
    0.16905130198574853,
    -0.010081047395583801,
    -0.2371349724258985,
    0.39712674410560256,
    0.4118950363702672,
    -0.1342457492092978,
    1.171990537334668,
    -0.21674575284452646,
    -0.08698968139326405,
    0.5012204249533905,
    0.48286318865068495,
    0.06167946963180038
  ],
  "train_costs": [
    0.024502435307800902,
    0.024355454430511948,
    0.01632242708704003,
    0.014369101821079446,
    0.012579331505595509,
    0.012928815193851495,
    0.010502397429403211,
    0.009480093867939831,
    0.00983081227305918,
    0.009620575519558187,
    0.006251637605746543,
    0.00695880471537354,
    0.005679271916706774,
    0.005061896315752731,
    0.00404952653021625,
    0.0038711196533287263,
    0.004068838869198359,
    0.0036876491729494155,
    0.0030407323670984736,
    0.0030568410324561344,
    0.002709899850485215,
    0.0033057218610812664,
    0.002458516626726925,
    0.0027183316456332357,
    0.0026539568577506993,
    0.0027251177001950747,
    0.0024693134088950314,
    0.0020838975000175165,
    0.0020766355152434146,
    0.0020575796156173365,
    0.0023128251244127255,
    0.0022623666554598687,
    0.0019828738696443036,
    0.0019803616702085214,
    0.002403424898680259,
    0.0018730964269178274,
    0.002072831876874715,
    0.0021483848997212607,
    0.002195128006157186,
    0.0017475460512384826,
    0.0019455875335003417,
    0.0022189088055052783,
    0.0018399177549644904,
    0.0017180288465044238,
    0.0017945140772386901,
    0.0018123198044027533,
    0.0017619439465080932,
    0.0016722011839319208,
    0.0016676951325100397,
    0.0019675778460258608,
    0.001631850711571839,
    0.0016582039739738647,
    0.0019983430809163262,
    0.002126446382144337,
    0.0017980012834331633,
    0.0016988560037555283,
    0.0017798622353090731,
    0.0016619256375095884,
    0.0016002706958869062,
    0.0015911201992771236,
    0.0016018728881828728,
    0.0016179930328420343,
    0.0015633954839865804,
    0.0015774829071767988,
    0.0018937137890898573,
    0.0015646689690783238,
    0.0019276468037596616,
    0.0016311995152370883,
    0.0018441066906625192,
    0.0016093412098346681,
    0.0015999509672398743,
    0.0018496275653585614,
    0.001976982610295151,
    0.0017997387892279596,
    0.0016244883119965676,
    0.0016093397981248266,
    0.0015202160045328214,
    0.0015771464108920508,
    0.0020979241718703774,
    0.001778256551464835,
    0.001757349841689113,
    0.0017172693685703162,
    0.001907543934953113,
    0.0018160760332486636,
    0.0015788460027258194,
    0.002531633429084598,
    0.0017884545400343446,
    0.0017786257561450752,
    0.0016865690736963402,
    0.0018013725028380072,
    0.0015231318618392827,
    0.001501576157421639,
    0.0014734425233830578,
    0.0018164811667637577,
    0.0014413259037965203,
    0.001556954458315393,
    0.0014921265011820643,
    0.0015374870741461778,
    0.0015747119006397155,
    0.0017042005104804072
  ],
  "final_train_cost": 0.0017042005104804072,
  "avg_reconstruction_error": 0.0014579791571634635,
  "reconstruction_errors": [
    0.000667835710293156,
    0.0002709684017245307,
    0.000641754904972577,
    0.005460732101739456,
    0.0015825032448307142,
    0.002388554001713267,
    0.0005331781081071733,
    0.00011830678392683451
  ],
  "compression_analysis": {
    "latent_variance": 0.13327817697182295,
    "trash_variance": 0.10068298912191329,
    "information_ratio": 1.3237407642957577,
    "compression_quality": "EXCELLENT"
  },
  "data_info": {
    "data_name": "mackey_glass",
    "major_version": 6,
    "minor_version": 0,
    "samples": 100,
    "scale_margin": 0.2,
    "scale_low": 0.2,
    "scale_high": 0.8,
    "mackey_glass_beta": 0.25,
    "mackey_glass_gamma": 0.1,
    "mackey_glass_n": 10,
    "mackey_glass_tau": 15,
    "mackey_glass_dt": 1.0,
    "mackey_glass_T": 300
  },
  "training_samples": 57,
  "validation_samples": 20,
  "test_samples": 20,
  "creation_date": "2024-08-14",
  "model_type": "Half-QAE",
  "data_source": "mackey_glass",
  "notes": "Successful compression QAE with proper latent/trash information distribution"
}