{
  "model_type": "noisy_encoder_qae",
  "timestamp": "2025-07-31T18:12:59",
  "architecture": {
    "n_qubits": 4,
    "n_latent": 2,
    "n_layers": 2,
    "adjoint_based": true,
    "dynamic_noise_training": true
  },
  "training_config": {
    "n_epochs": 100,
    "batch_size": 8,
    "learning_rate": 0.01,
    "noise_level": 0.2,
    "wind_size": 4,
    "wind_step": 1
  },
  "performance_metrics": {
    "final_train_cost": 0.006584769578119183,
    "final_val_cost": 0.004890191294100845,
    "single_noise_score": 0.5104217021860196,
    "stability_score": 0.8740117946380253,
    "generalization_score": 0.8570213998812553,
    "overall_readiness_score": 0.723478639230192,
    "readiness_status": "READY",
    "avg_improvement_percent": 51.04217021860196
  },
  "model_parameters": {
    "enc_params": [
      0.9078176665478215,
      1.0448340760160113,
      -0.310372606231095,
      0.43293291055873645,
      -0.694387330467767,
      0.2815273329239736,
      -0.12838032990975215,
      -1.5555445801859478,
      0.519669485508068,
      -0.4704241853863713,
      -1.6088553623536894,
      0.7396393846403001,
      -0.35333841646676417,
      0.5695400880842932,
      0.9768381400116664,
      1.124626376145786,
      -0.6359639238659709,
      0.31001735194102964,
      -0.41725866393873984,
      -0.05713193781034647,
      -0.9493935268116738,
      -1.5968299526823362,
      0.6161177992081615,
      0.2781902757349012
    ],
    "param_shape": [
      24
    ],
    "decoder_dependency": "half_qae_replicating_model"
  },
  "training_history": {
    "train_costs": [
      0.027426327633169698,
      0.02404752633616395,
      0.01958654284805942,
      0.018516580007913737,
      0.016843468663676302,
      0.015589858789344139,
      0.014807183246100416,
      0.013410956661493032,
      0.013321948588455902,
      0.013052680252478993,
      0.01243552037653594,
      0.012781444104704427,
      0.011982456971281067,
      0.01172732470888315,
      0.011575610871687358,
      0.012378878344792184,
      0.012189885436838311,
      0.012537814061275172,
      0.010591265744381299,
      0.011335286315677536,
      0.009999103325442198,
      0.011600768974077275,
      0.010799097362084807,
      0.011286540779938715,
      0.009643238438169091,
      0.009970764851300376,
      0.00910064789245317,
      0.009566410274853089,
      0.00990977880384573,
      0.008980219630701936,
      0.008787997248805067,
      0.009999608050196106,
      0.009219654157258202,
      0.009632716125840206,
      0.009056310868563759,
      0.009378802553329792,
      0.00894726703038073,
      0.00839828261116974,
      0.008757941090623472,
      0.008570945578144328,
      0.008299900755042505,
      0.007397790871042636,
      0.007982521520861189,
      0.008161878470682511,
      0.00803562048192267,
      0.007109327226588816,
      0.007638254692222362,
      0.007242586530016273,
      0.0065313002284291995,
      0.0070178538102002525,
      0.006444423814991644,
      0.007470442670912859,
      0.005722304806113589,
      0.006750678933022773,
      0.006718279838253608,
      0.006020731538048645,
      0.005668409737215884,
      0.005450438857973249,
      0.007716738263908461,
      0.006568263142651275,
      0.006447297024196965,
      0.006283842495932692,
      0.004738008021530301,
      0.005069546160893406,
      0.0064982154220325035,
      0.005687179466998199,
      0.006121342502276555,
      0.005934184144997791,
      0.006574893266761613,
      0.006848170628290729,
      0.006022983920730759,
      0.006234808323495633,
      0.005888454498193629,
      0.006001039813930197,
      0.0068909429987521545,
      0.005628692302842658,
      0.005963265825161645,
      0.005805032070888616,
      0.00562384140604246,
      0.005772713072793681,
      0.005468472726490606,
      0.0057115297745969785,
      0.0060114868281333,
      0.005234534761567342,
      0.005213579391732153,
      0.005962563716914477,
      0.005345070798441638,
      0.005018046164826718,
      0.005763839539657502,
      0.004887210635285702,
      0.005065796506611036,
      0.0061168383310910126,
      0.005776144509642181,
      0.004898579062274176,
      0.004914395169466253,
      0.0044787536957919035,
      0.00701105089801985,
      0.005292444011275558,
      0.004756780265141834,
      0.006584769578119183
    ],
    "val_costs": [
      0.027022273399414543,
      0.012353311856902322,
      0.013424028887744566,
      0.008996838163173985,
      0.008958645079616901,
      0.0068109956916848485,
      0.006108592800659815,
      0.005776979134001721,
      0.008194651376988436,
      0.004890191294100845
    ]
  },
  "evaluation_results": {
    "improvements": [
      51.6165551565451,
      25.41307127919546,
      62.95385168828063,
      21.41095180566759,
      47.73819149915083,
      91.0631514281576,
      78.76570904195125,
      16.472212697500574,
      -9.279512452708746,
      1.6800401059754295,
      1.4444551362793352,
      93.9514877967751,
      92.2959047026698,
      88.48065489586926,
      34.41604686991804,
      55.96767556328462,
      76.0889828944043,
      68.38895075046435,
      61.15947058924325,
      60.815552923415474
    ],
    "stable_gen_score": 0.6157051846324005
  },
  "notes": {
    "innovation": "Adjoint-based encoder with dynamic noise generation",
    "training_method": "Sequential training (Half-QAE decoder fixed)",
    "architecture_novelty": "Encoder created as adjoint of decoder circuit"
  }
}