{
  "schema": {
    "name": "sidekick_bundle",
    "version": "1.0"
  },
  "timestamp": "2025-10-03 10:34:40",
  "dataset": {
    "id": "mackey_glass_tau17_n200",
    "scale_low": 0.2,
    "scale_high": 0.8,
    "window_size": 6,
    "window_step": 2,
    "split": 0.75
  },
  "run": {
    "instance_id": 5,
    "layer": 1,
    "sigma_eval": 0.2,
    "test_seed_fixed": 99123
  },
  "environment": {
    "stage1_backend": "lightning.qubit",
    "stage1_diff": "adjoint",
    "stage3_backend": "lightning.qubit",
    "stage3_diff": "adjoint"
  },
  "architecture": {
    "n_qubits": 6,
    "n_latent": 4,
    "n_trash": 2,
    "rot": "Rxyz"
  },
  "parameters": {
    "phi": [
      [
        [
          1.9883276289132377e-05,
          1.4266925316442112,
          0.3016927181211757
        ],
        [
          -4.270261824791112e-06,
          1.075024549772708,
          0.05620192977849881
        ],
        [
          -5.013263678405208e-05,
          0.7974078371215186,
          0.30886638196418464
        ],
        [
          2.348771877239879e-06,
          0.6369674074639663,
          0.0009781766572962542
        ],
        [
          -0.0027316198351784757,
          -2.1329419837554218,
          0.048258048241714965
        ],
        [
          -3.5084652122802578e-06,
          -1.8310094571188031,
          0.18267182345056343
        ]
      ]
    ],
    "psi": [
      [
        [
          -0.007925710039273422,
          1.4874727386659197,
          0.14169383909113115
        ],
        [
          0.0072987785071112424,
          1.1072323015531755,
          0.024760788586371443
        ],
        [
          -2.2198496753960347e-05,
          0.8292151341605106,
          0.30884793843477887
        ],
        [
          1.5674444427796374e-06,
          0.6244869096288278,
          0.0009792666172294628
        ],
        [
          2.7116113723020647,
          -0.9721379345782798,
          0.38775999475518425
        ],
        [
          -0.00021123047273884782,
          1.2319541530009337,
          0.18267182341054333
        ]
      ]
    ]
  },
  "metrics_series": {
    "mse_train_noise": 0.019067164300121137,
    "mse_train_recovered": 0.01548168790898235,
    "delta_train_pct": 18.80445531754299,
    "mse_test_noise": 0.018957942152927745,
    "mse_test_recovered": 0.014414240723456057,
    "delta_test_pct": 23.967271304127213
  },
  "times_seconds": {
    "stage1": 64.72293833410367,
    "stage3": 210.2156483749859,
    "total": 274.9385867090896
  }
}