{
  "schema": {
    "name": "sidekick_bundle",
    "version": "1.0"
  },
  "timestamp": "2025-10-03 10:34:40",
  "dataset": {
    "id": "mackey_glass_tau17_n200",
    "scale_low": 0.2,
    "scale_high": 0.8,
    "window_size": 6,
    "window_step": 2,
    "split": 0.75
  },
  "run": {
    "instance_id": 3,
    "layer": 1,
    "sigma_eval": 0.2,
    "test_seed_fixed": 99123
  },
  "environment": {
    "stage1_backend": "lightning.qubit",
    "stage1_diff": "adjoint",
    "stage3_backend": "lightning.qubit",
    "stage3_diff": "adjoint"
  },
  "architecture": {
    "n_qubits": 6,
    "n_latent": 4,
    "n_trash": 2,
    "rot": "Rxyz"
  },
  "parameters": {
    "phi": [
      [
        [
          0.00011454167697847538,
          1.4265898708469478,
          0.1739427218267648
        ],
        [
          -2.488133317035313e-05,
          1.0750044993555692,
          0.2497799128243483
        ],
        [
          -7.768051431400683e-05,
          0.7975862536027557,
          0.23214443433636536
        ],
        [
          -0.0023977670364666555,
          0.6370102103487689,
          0.2966243253799971
        ],
        [
          -2.5458429618304537e-06,
          -2.132886851066917,
          0.148031505401252
        ],
        [
          8.862730886018572e-06,
          -1.8311228430916475,
          0.13617820825907295
        ]
      ]
    ],
    "psi": [
      [
        [
          -0.005690212858625941,
          1.4822137748120712,
          0.08611326417492263
        ],
        [
          0.024576639495300378,
          1.102818002967998,
          0.11685273789700104
        ],
        [
          -3.5680374805831876e-05,
          0.8265991982085994,
          0.23210972870093347
        ],
        [
          -0.0016846660621671636,
          0.6245593089591903,
          0.29604058339407974
        ],
        [
          2.944237287062082,
          -0.9722350707028747,
          0.1677891511764057
        ],
        [
          -4.060942219968284e-08,
          1.2331989170915618,
          0.13617820827605995
        ]
      ]
    ]
  },
  "metrics_series": {
    "mse_train_noise": 0.019067164300121137,
    "mse_train_recovered": 0.015482564958085416,
    "delta_train_pct": 18.799855529712662,
    "mse_test_noise": 0.018957942152927745,
    "mse_test_recovered": 0.014420836724673286,
    "delta_test_pct": 23.932478491890418
  },
  "times_seconds": {
    "stage1": 70.46062504104339,
    "stage3": 234.75886458414607,
    "total": 305.21948962518945
  }
}