{
  "schema": {
    "name": "half_qae_bundle",
    "version": "1.0"
  },
  "timestamp": "2025-09-22 05:17:02",
  "dataset": {
    "id": "mackey_glass_tau17_n200",
    "scale_low": 0.2,
    "scale_high": 0.8,
    "window_size": 6,
    "window_step": 2,
    "split": 0.75
  },
  "run": {
    "instance_id": 5,
    "layer": 1,
    "sigma_eval": 0.2,
    "test_seed_fixed": 99123
  },
  "environment": {
    "device": "default.qubit",
    "reset_mode": "none"
  },
  "architecture": {
    "n_qubits": 6,
    "n_latent": 4,
    "n_trash": 2
  },
  "parameters": {
    "phi": [
      -0.35442672345904747,
      -0.24201253058854494,
      0.05729162642703601,
      0.19608214117098338,
      -0.46147026561606,
      -0.2765396414070899,
      -1.0985096373804546,
      -0.3933429764798414,
      0.10715892940096033,
      -0.4966491452195149,
      -0.1991146112013206,
      0.03741550394056732,
      -0.7401311546136813,
      -0.34225157925556376,
      -0.29758882185371055,
      -1.0033988028329177,
      0.295896337302211,
      0.4285094876129354
    ],
    "psi": [
      -0.020704542387237273,
      -0.0632112443613074,
      0.018796737397411695,
      -0.012986463282859859,
      -0.08056239097677872,
      -0.013126055978824427,
      -0.07562921052218655,
      -0.06913582730511089,
      0.027953625986739818,
      -0.029075205785854135,
      -0.05587789748845704,
      -0.03062076134422033,
      0.001579312346100829,
      -0.03778845329576404,
      -0.0509279468228708,
      0.002101500309811069,
      -0.08689593872965098,
      0.027555716772218488
    ]
  },
  "metrics_series": {
    "mse_train_noise": 0.019067164300121137,
    "mse_train_recovered": 0.024497421465524284,
    "delta_train_pct": -28.47962644014479,
    "mse_test_noise": 0.018957942152927745,
    "mse_test_recovered": 0.024253033767587025,
    "delta_test_pct": -27.93072988589924
  }
}