{
  "schema": {
    "name": "sidekick_bundle",
    "version": "1.0"
  },
  "timestamp": "2025-10-03 10:34:40",
  "dataset": {
    "id": "mackey_glass_tau17_n200",
    "scale_low": 0.2,
    "scale_high": 0.8,
    "window_size": 6,
    "window_step": 2,
    "split": 0.75
  },
  "run": {
    "instance_id": 2,
    "layer": 1,
    "sigma_eval": 0.2,
    "test_seed_fixed": 99123
  },
  "environment": {
    "stage1_backend": "lightning.qubit",
    "stage1_diff": "adjoint",
    "stage3_backend": "lightning.qubit",
    "stage3_diff": "adjoint"
  },
  "architecture": {
    "n_qubits": 6,
    "n_latent": 4,
    "n_trash": 2,
    "rot": "Rxyz"
  },
  "parameters": {
    "phi": [
      [
        [
          1.54137831598284e-05,
          1.4268133234671823,
          0.058748918194435555
        ],
        [
          7.298504065596597e-06,
          1.075151703382549,
          0.007153431764063156
        ],
        [
          -2.1051907465564734e-05,
          0.7974747057866125,
          0.19241098696767794
        ],
        [
          -1.2420823427125712e-06,
          0.6369170249194605,
          0.014713768582978418
        ],
        [
          4.45723422453085e-06,
          -2.1330234482598294,
          0.12996277504905543
        ],
        [
          -4.6747604028459e-06,
          -1.830994194253136,
          0.26682814089626866
        ]
      ]
    ],
    "psi": [
      [
        [
          -0.0023673684096724196,
          1.48359812205012,
          0.02750134960174852
        ],
        [
          0.0007919726921824622,
          1.106230997956037,
          0.0029054597089430774
        ],
        [
          -1.3713457925345693e-05,
          0.8311444476175432,
          0.1924022765897097
        ],
        [
          -5.807202380464132e-07,
          0.6249035207242235,
          0.014713286876926437
        ],
        [
          0.1844820643122835,
          0.9691701438905584,
          2.886719411262225
        ],
        [
          7.893792410781993e-08,
          1.2367061833470447,
          0.26682814088848467
        ]
      ]
    ]
  },
  "metrics_series": {
    "mse_train_noise": 0.019067164300121137,
    "mse_train_recovered": 0.01549852903852824,
    "delta_train_pct": 18.716130020289512,
    "mse_test_noise": 0.018957942152927745,
    "mse_test_recovered": 0.014433567204277157,
    "delta_test_pct": 23.865327323787998
  },
  "times_seconds": {
    "stage1": 63.30885437503457,
    "stage3": 213.6893048749771,
    "total": 276.99815925001167
  }
}