{
  "schema": {
    "name": "sidekick_bundle",
    "version": "1.0"
  },
  "timestamp": "2025-10-03 10:34:40",
  "dataset": {
    "id": "mackey_glass_tau17_n200",
    "scale_low": 0.2,
    "scale_high": 0.8,
    "window_size": 6,
    "window_step": 2,
    "split": 0.75
  },
  "run": {
    "instance_id": 1,
    "layer": 1,
    "sigma_eval": 0.2,
    "test_seed_fixed": 99123
  },
  "environment": {
    "stage1_backend": "lightning.qubit",
    "stage1_diff": "adjoint",
    "stage3_backend": "lightning.qubit",
    "stage3_diff": "adjoint"
  },
  "architecture": {
    "n_qubits": 6,
    "n_latent": 4,
    "n_trash": 2,
    "rot": "Rxyz"
  },
  "parameters": {
    "phi": [
      [
        [
          -7.203657129077487e-05,
          1.4267987272037657,
          0.27318408867818805
        ],
        [
          1.8988563633077475e-05,
          1.0750806219443483,
          0.00470971173827601
        ],
        [
          -4.461778553481809e-05,
          0.797440522195451,
          0.0271226510013371
        ],
        [
          3.31937669278962e-06,
          0.6369529897002075,
          0.2817513316133902
        ],
        [
          -2.5092498182932036e-06,
          -2.132951404627191,
          0.07792492565230404
        ],
        [
          2.8275435810481544e-05,
          -1.830970237141252,
          0.20730638151861694
        ]
      ]
    ],
    "psi": [
      [
        [
          -0.006831089549307893,
          1.4809901946964492,
          0.13312836739967418
        ],
        [
          0.0005350290433210567,
          1.1059062748604935,
          0.002025909770895502
        ],
        [
          -2.2868193703640623e-05,
          0.8236513097179327,
          0.02710063705482076
        ],
        [
          7.214262323543319e-07,
          0.6246592990325166,
          0.2817501988567652
        ],
        [
          2.97842692386329,
          -0.9709265531777194,
          0.14353987350356864
        ],
        [
          -3.4829263505898436e-08,
          1.2329340656062657,
          0.20730638150432218
        ]
      ]
    ]
  },
  "metrics_series": {
    "mse_train_noise": 0.019067164300121137,
    "mse_train_recovered": 0.015472101876714071,
    "delta_train_pct": 18.85473039839608,
    "mse_test_noise": 0.018957942152927745,
    "mse_test_recovered": 0.014412714885363111,
    "delta_test_pct": 23.97531984695237
  },
  "times_seconds": {
    "stage1": 67.60861762496643,
    "stage3": 211.84833183302544,
    "total": 279.45694945799187
  }
}