{
  "schema": {
    "name": "sidekick_bundle",
    "version": "1.0"
  },
  "timestamp": "2025-10-03 10:34:40",
  "dataset": {
    "id": "mackey_glass_tau17_n200",
    "scale_low": 0.2,
    "scale_high": 0.8,
    "window_size": 6,
    "window_step": 2,
    "split": 0.75
  },
  "run": {
    "instance_id": 4,
    "layer": 1,
    "sigma_eval": 0.2,
    "test_seed_fixed": 99123
  },
  "environment": {
    "stage1_backend": "lightning.qubit",
    "stage1_diff": "adjoint",
    "stage3_backend": "lightning.qubit",
    "stage3_diff": "adjoint"
  },
  "architecture": {
    "n_qubits": 6,
    "n_latent": 4,
    "n_trash": 2,
    "rot": "Rxyz"
  },
  "parameters": {
    "phi": [
      [
        [
          5.5261809669770295e-05,
          1.4268003962993439,
          0.27642503092461795
        ],
        [
          -6.967936355512133e-06,
          1.0751435006084689,
          0.1476650868528368
        ],
        [
          -2.3392327536216e-05,
          0.7974973617580711,
          0.15111159838831104
        ],
        [
          -1.3241152615050577e-06,
          0.636988458375618,
          0.05852561821733423
        ],
        [
          -4.9911993974297184e-06,
          -2.1329831580298575,
          0.08826361182239306
        ],
        [
          5.367961160689694e-06,
          -1.8309934167836808,
          0.1965115341021806
        ]
      ]
    ],
    "psi": [
      [
        [
          -0.006706692252181611,
          1.4789404288744854,
          0.13634986887590672
        ],
        [
          0.019963919218387804,
          1.1025538497154876,
          0.070568111393659
        ],
        [
          -2.4215688386143733e-05,
          0.8324277441903706,
          0.15110971219243938
        ],
        [
          -7.04214059429004e-07,
          0.6247186687453554,
          0.05852502253177252
        ],
        [
          0.15990675685903333,
          0.9698761636228208,
          2.914691046327207
        ],
        [
          3.709607442232555e-08,
          1.233691141331694,
          0.19651153406948046
        ]
      ]
    ]
  },
  "metrics_series": {
    "mse_train_noise": 0.019067164300121137,
    "mse_train_recovered": 0.01550309108706987,
    "delta_train_pct": 18.69220381673967,
    "mse_test_noise": 0.018957942152927745,
    "mse_test_recovered": 0.01444123711787795,
    "delta_test_pct": 23.824869801874904
  },
  "times_seconds": {
    "stage1": 71.69008316705003,
    "stage3": 220.26854270813055,
    "total": 291.9586258751806
  }
}