{
  "schema": {
    "name": "half_qae_bundle",
    "version": "1.0"
  },
  "timestamp": "2025-09-14 12:09:24",
  "dataset": {
    "id": "mackey_glass_tau17_n200",
    "scale_low": 0.2,
    "scale_high": 0.8,
    "window_size": 4,
    "window_step": 2,
    "split": 0.75
  },
  "run": {
    "instance_id": 3,
    "layer": 1,
    "sigma_eval": 0.2,
    "test_seed_fixed": 99123
  },
  "environment": {
    "device": "default.qubit",
    "reset_mode": "swap"
  },
  "architecture": {
    "n_qubits": 4,
    "n_latent": 3,
    "n_trash": 1
  },
  "parameters": {
    "phi": [
      -0.010601972243361695,
      -1.569093698425244,
      0.6113810032088063,
      0.286389217199125,
      -1.913859819322384,
      0.13492093601250604,
      0.00031433987100926695,
      0.8892508350086994,
      0.20365328089888668,
      -1.8698748073118007e-06,
      0.6818033986324528,
      -0.08964450143495858
    ],
    "psi": [
      -0.07468288399443958,
      -1.5629844888110442,
      0.6007973425964722,
      0.30631175362921065,
      -1.8859620121661387,
      0.12890909716261317,
      0.001113186471671989,
      0.9129585586522384,
      0.22735777290497988,
      -0.0016173369230600674,
      0.6140399293000836,
      0.017602894836650392
    ]
  },
  "metrics_series": {
    "mse_train_noise": 0.019268069867485596,
    "mse_train_recovered": 0.019657746154572338,
    "delta_train_pct": -2.022393990507121,
    "mse_test_noise": 0.018957942152927745,
    "mse_test_recovered": 0.020591603059454587,
    "delta_test_pct": -8.617290280498867
  }
}