{
  "schema": {
    "name": "half_qae_bundle",
    "version": "1.0"
  },
  "timestamp": "2025-09-14 12:09:23",
  "dataset": {
    "id": "mackey_glass_tau17_n200",
    "scale_low": 0.2,
    "scale_high": 0.8,
    "window_size": 4,
    "window_step": 2,
    "split": 0.75
  },
  "run": {
    "instance_id": 2,
    "layer": 1,
    "sigma_eval": 0.2,
    "test_seed_fixed": 99123
  },
  "environment": {
    "device": "default.qubit",
    "reset_mode": "swap"
  },
  "architecture": {
    "n_qubits": 4,
    "n_latent": 3,
    "n_trash": 1
  },
  "parameters": {
    "phi": [
      1.5250003187920074,
      -1.5574969865638413,
      0.06513407902035528,
      -0.8594703428974109,
      -1.8183068756097807,
      0.03256562408172482,
      -0.011338224319822359,
      0.7539562808190531,
      1.0658141384208828,
      -0.0001944098261272669,
      0.5355627088678688,
      -0.6136759060054423
    ],
    "psi": [
      1.451437068501624,
      -1.5687639575038121,
      0.022088946401446412,
      -0.8468612159736137,
      -1.8545061681640178,
      -0.05418070630494847,
      -0.017390568980262238,
      0.7273613861726522,
      1.022865004448476,
      -0.00945280712698735,
      0.5258737881434409,
      -0.6593779941645362
    ]
  },
  "metrics_series": {
    "mse_train_noise": 0.019268069867485596,
    "mse_train_recovered": 0.018467047071554152,
    "delta_train_pct": 4.157254989422432,
    "mse_test_noise": 0.018957942152927745,
    "mse_test_recovered": 0.019413003365195605,
    "delta_test_pct": -2.400372406440665
  }
}