{
  "schema": {
    "name": "half_qae_bundle",
    "version": "1.0"
  },
  "timestamp": "2025-09-14 12:09:23",
  "dataset": {
    "id": "mackey_glass_tau17_n200",
    "scale_low": 0.2,
    "scale_high": 0.8,
    "window_size": 4,
    "window_step": 2,
    "split": 0.75
  },
  "run": {
    "instance_id": 1,
    "layer": 1,
    "sigma_eval": 0.2,
    "test_seed_fixed": 99123
  },
  "environment": {
    "device": "default.qubit",
    "reset_mode": "swap"
  },
  "architecture": {
    "n_qubits": 4,
    "n_latent": 3,
    "n_trash": 1
  },
  "parameters": {
    "phi": [
      1.1551301169603564e-05,
      0.8357165044778957,
      0.1979011857255747,
      0.0007157680040224292,
      0.5876530051636262,
      -0.3747524376971534,
      -0.0001493922599608557,
      0.9526069744329361,
      -0.2566497226866355,
      -0.0008491629045651287,
      1.200938206072539,
      -0.4219459235564967
    ],
    "psi": [
      -0.023264252575549534,
      0.8593436799835541,
      0.16705293815422867,
      0.021461576117273947,
      0.6080597157761289,
      -0.28217468612501606,
      -0.01014910032621972,
      0.8774190122916437,
      -0.21178604444987498,
      -0.0330202869601927,
      1.180828547309561,
      -0.41033195096913566
    ]
  },
  "metrics_series": {
    "mse_train_noise": 0.019268069867485596,
    "mse_train_recovered": 0.01896122420829982,
    "delta_train_pct": 1.5925085454644883,
    "mse_test_noise": 0.018957942152927745,
    "mse_test_recovered": 0.019575718658234306,
    "delta_test_pct": -3.258668585034985
  }
}