{
  "schema": {
    "name": "half_qae_bundle",
    "version": "1.0"
  },
  "timestamp": "2025-09-14 12:09:24",
  "dataset": {
    "id": "mackey_glass_tau17_n200",
    "scale_low": 0.2,
    "scale_high": 0.8,
    "window_size": 4,
    "window_step": 2,
    "split": 0.75
  },
  "run": {
    "instance_id": 4,
    "layer": 1,
    "sigma_eval": 0.2,
    "test_seed_fixed": 99123
  },
  "environment": {
    "device": "default.qubit",
    "reset_mode": "swap"
  },
  "architecture": {
    "n_qubits": 4,
    "n_latent": 3,
    "n_trash": 1
  },
  "parameters": {
    "phi": [
      -0.08663885070154746,
      -1.5198737197212502,
      -0.14721197349599413,
      1.6172475176720815,
      -1.5520611999560483,
      1.01543990462611,
      -0.008326651823934121,
      1.0860973880438103,
      -0.2654686618772848,
      -0.0004247790891334917,
      0.8522609825090446,
      -0.5628706735489686
    ],
    "psi": [
      0.000747208701301904,
      -1.5019121886500117,
      -0.09979040887801421,
      1.6321752218659002,
      -1.5284636099204678,
      1.0203609714379813,
      0.006798135541741456,
      1.1285598255527254,
      -0.32139124447030687,
      -0.009385783880976457,
      0.9088565441587002,
      -0.4830353597667547
    ]
  },
  "metrics_series": {
    "mse_train_noise": 0.019268069867485596,
    "mse_train_recovered": 0.02135917979046828,
    "delta_train_pct": -10.852721301947232,
    "mse_test_noise": 0.018957942152927745,
    "mse_test_recovered": 0.021506581344299763,
    "delta_test_pct": -13.44364895099346
  }
}