{
  "schema": {
    "name": "half_qae_bundle",
    "version": "1.0"
  },
  "timestamp": "2025-09-14 12:09:25",
  "dataset": {
    "id": "mackey_glass_tau17_n200",
    "scale_low": 0.2,
    "scale_high": 0.8,
    "window_size": 4,
    "window_step": 2,
    "split": 0.75
  },
  "run": {
    "instance_id": 5,
    "layer": 1,
    "sigma_eval": 0.2,
    "test_seed_fixed": 99123
  },
  "environment": {
    "device": "default.qubit",
    "reset_mode": "swap"
  },
  "architecture": {
    "n_qubits": 4,
    "n_latent": 3,
    "n_trash": 1
  },
  "parameters": {
    "phi": [
      0.00042918253986418576,
      0.8088077824904599,
      0.057291626428942956,
      -2.655421274810259e-05,
      0.6773269278734367,
      -0.2765396413842375,
      -2.806656524365411,
      -1.1455140160333672,
      0.10715892938935198,
      -1.7526211535997742,
      -1.5499303310566377,
      0.037415503911912965
    ],
    "psi": [
      -0.03687945324195064,
      0.8044013063508392,
      0.10656258612808726,
      0.02113148139213378,
      0.6559132869037566,
      -0.250125194374135,
      -2.8182161341918897,
      -1.1276898602658005,
      0.11176226133782284,
      -1.687390929461282,
      -1.5050148592735995,
      0.058021657701374456
    ]
  },
  "metrics_series": {
    "mse_train_noise": 0.019268069867485596,
    "mse_train_recovered": 0.02050914383922191,
    "delta_train_pct": -6.441091299085433,
    "mse_test_noise": 0.018957942152927745,
    "mse_test_recovered": 0.02034641891896927,
    "delta_test_pct": -7.323984612048706
  }
}