{
  "schema": {
    "name": "full_qae_bundle",
    "version": "1.0"
  },
  "timestamp": "2025-09-08 11:51:15",
  "dataset": {
    "id": "MG_bench",
    "scale_low": 0.2,
    "scale_high": 0.8,
    "window_size": 6,
    "window_stride": 1
  },
  "run": {
    "tag": "inst5_L1",
    "instance_id": 5,
    "seed": 10027,
    "sigma_train": 0.1,
    "sigma_eval": 0.1
  },
  "architecture": {
    "n_qubits": 6,
    "n_layers": 1,
    "n_latent": 4,
    "n_trash": 2,
    "latent_wires": [
      0,
      1,
      2,
      3
    ],
    "trash_wires": [
      4,
      5
    ],
    "decoder_mode": "adjoint_encoder"
  },
  "training": {
    "stage1": {
      "lr_init": 0.0,
      "max_epochs": 0,
      "patience": 0,
      "lr_patience": 0,
      "best_val": NaN,
      "final_val": NaN,
      "best_epoch": -1,
      "epochs": 0,
      "train_curve": [],
      "val_curve": [],
      "lr_curve": [],
      "train_seconds": NaN
    },
    "stage3": {
      "lr_init": 0.5,
      "max_epochs": 120,
      "patience": 0,
      "plateau_steps": 0,
      "plateau_factor": 1.0,
      "best_val_mse": 0.008077288526552207,
      "final_val_mse": 0.009382415596117029,
      "best_epoch": 86,
      "epochs": 120,
      "train_curve": [
        0.11862819195353223,
        0.08353832952318746,
        0.06216067249355693,
        0.04907065154510904,
        0.034937534522791865,
        0.030201432342118757,
        0.02505908286218028,
        0.034035353568173506,
        0.02503410824734835,
        0.022551686529752896,
        0.014584046614210063,
        0.016169977646771392,
        0.02195654715798488,
        0.01636855132045222,
        0.014669550638541442,
        0.011622616524191658,
        0.014086977895791462,
        0.014794627857717567,
        0.011792137933126922,
        0.010509611822680946,
        0.00965192782426751,
        0.010407573182784097,
        0.012060847706538513,
        0.010897830017738462,
        0.010049420037240657,
        0.008966828448912844,
        0.010536249402418891,
        0.010075989590755646,
        0.011349932872971051,
        0.009934180349652834,
        0.01094273594463108,
        0.009322762142928834,
        0.010091233855491401,
        0.009931717716014008,
        0.008848614167279837,
        0.009870076450993723,
        0.008837374061165837,
        0.010008318280386352,
        0.009156941180886995,
        0.008944874100722441,
        0.00974062431926624,
        0.009188068056515635,
        0.008890321924802344,
        0.008591062921546745,
        0.008624719671511748,
        0.008935997578467178,
        0.008644223483230492,
        0.009048515574584089,
        0.008779531656368921,
        0.00874486633761972,
        0.008597292000057079,
        0.008427142867877851,
        0.008670747194771483,
        0.008763471528131204,
        0.00889130529051491,
        0.008574916452931335,
        0.008954372599558119,
        0.008954083486216964,
        0.008510105897344819,
        0.008787872943416136,
        0.008394586655147815,
        0.00943179168491648,
        0.008402056275021703,
        0.008158643207720792,
        0.008363343782947542,
        0.008713407873113995,
        0.008563238388254428,
        0.008476847741278703,
        0.008360309137054671,
        0.00926329035063568,
        0.00847668800796734,
        0.00900826627809833,
        0.008470748476973333,
        0.008225717130541056,
        0.008164029567983557,
        0.00849189777522386,
        0.008144054466887292,
        0.008389609057913673,
        0.008731745047603344,
        0.008666879714332483,
        0.008613385625117683,
        0.009072179693522083,
        0.008760472854883756,
        0.009315082244652826,
        0.008869940855956953,
        0.009125299522602364,
        0.008077288526552207,
        0.009467807154404784,
        0.008536107239994251,
        0.00980855724152399,
        0.008447387423072649,
        0.009883767617211898,
        0.009463302171738415,
        0.00864174233720654,
        0.008653001197673168,
        0.008548689793709844,
        0.00885629388793122,
        0.008419536820698025,
        0.008572784367747143,
        0.008403164496689746,
        0.008516057041217927,
        0.008963941058689015,
        0.008469846253753969,
        0.008313769012903482,
        0.009096012606137252,
        0.008397380367774087,
        0.009393775935128242,
        0.008531224557838932,
        0.009136269925788278,
        0.008356039289457266,
        0.009118620871249119,
        0.008404144798983559,
        0.009075262399719872,
        0.008171316263433493,
        0.008728099322678968,
        0.00867593292005208,
        0.008686625670656804,
        0.009774162608889428,
        0.009030728095761364,
        0.009382415596117029
      ],