{
  "schema": {
    "name": "full_qae_bundle",
    "version": "1.0"
  },
  "timestamp": "2025-09-08 11:48:36",
  "dataset": {
    "id": "MG_bench",
    "scale_low": 0.2,
    "scale_high": 0.8,
    "window_size": 6,
    "window_stride": 1
  },
  "run": {
    "tag": "inst4_L1",
    "instance_id": 4,
    "seed": 10026,
    "sigma_train": 0.1,
    "sigma_eval": 0.1
  },
  "architecture": {
    "n_qubits": 6,
    "n_layers": 1,
    "n_latent": 4,
    "n_trash": 2,
    "latent_wires": [
      0,
      1,
      2,
      3
    ],
    "trash_wires": [
      4,
      5
    ],
    "decoder_mode": "adjoint_encoder"
  },
  "training": {
    "stage1": {
      "lr_init": 0.0,
      "max_epochs": 0,
      "patience": 0,
      "lr_patience": 0,
      "best_val": NaN,
      "final_val": NaN,
      "best_epoch": -1,
      "epochs": 0,
      "train_curve": [],
      "val_curve": [],
      "lr_curve": [],
      "train_seconds": NaN
    },
    "stage3": {
      "lr_init": 0.5,
      "max_epochs": 120,
      "patience": 0,
      "plateau_steps": 0,
      "plateau_factor": 1.0,
      "best_val_mse": 0.007814695463964735,
      "final_val_mse": 0.011143794227234851,
      "best_epoch": 82,
      "epochs": 120,
      "train_curve": [
        0.1387627900260611,
        0.08546195363976228,
        0.03872788423121954,
        0.054702075887769416,
        0.033132732639728754,
        0.020602272416645195,
        0.020972418072138625,
        0.022827607702099524,
        0.01853053317265324,
        0.012596101473599164,
        0.012186718001221737,
        0.01574544827384169,
        0.01706789842845344,
        0.012624684089149582,
        0.011216100391821743,
        0.012701667968971942,
        0.014890944647164832,
        0.015467415607900551,
        0.014141219265844496,
        0.01140745534322791,
        0.01141747979355468,
        0.01152924020111592,
        0.011256629268879482,
        0.010907336016766266,
        0.010427838719122064,
        0.010471932664772986,
        0.010983571594943608,
        0.01061443593025934,
        0.009841959196720835,
        0.00938310721668304,
        0.010141474908960764,
        0.010073792380810895,
        0.00932656414511543,
        0.00956657450245782,
        0.00940462754515534,
        0.009479820941511143,
        0.009382881289093363,
        0.009324981790539548,
        0.009000215690823841,
        0.009052240669885993,
        0.009002823964739459,
        0.008650867789758872,
        0.009026695124457739,
        0.008417513691783274,
        0.008684707362993394,
        0.00854054008234917,
        0.008274052528746507,
        0.00908586994458467,
        0.008342671576739395,
        0.008898233421318468,
        0.008425680217875096,
        0.008754672808709422,
        0.00821902149714601,
        0.00851919037714367,
        0.008737540429453886,
        0.008127286696082828,
        0.008076249083353495,
        0.008317687351349246,
        0.008751659319335775,
        0.00874671572782966,
        0.008495600485964388,
        0.008772188745982403,
        0.008390773272979407,
        0.00933061023310963,
        0.008279479278764577,
        0.00899416390867363,
        0.008333399275061595,
        0.008985835048163181,
        0.008511055242320953,
        0.009796887771731202,
        0.008399257340756746,
        0.009599206622720898,
        0.008218510021672513,
        0.009481366692910772,
        0.008414870527457196,
        0.00978271948345401,
        0.007886042756649241,
        0.008880445379302337,
        0.007970659275057168,
        0.009262736488262003,
        0.008447783812826204,
        0.009183397677253,
        0.007814695463964735,
        0.00875319552358783,
        0.008183537108799698,
        0.008805204510445983,
        0.008488033108225526,
        0.009080724513730883,
        0.00840736987681675,
        0.008948945632293486,
        0.008721167630423136,
        0.009081404264831268,
        0.008630835882725186,
        0.008445416037882146,
        0.008262381433123836,
        0.008900616084225526,
        0.008475036065798542,
        0.008194589030955678,
        0.008535565106589312,
        0.008466406591512082,
        0.008688088036913672,
        0.008314397183544367,
        0.008547582923707608,
        0.008687122182168472,
        0.00840880225516332,
        0.008374965675177785,
        0.008855733066138675,
        0.008847048272257418,
        0.008749947963516741,
        0.008441646787397783,
        0.008484815591577986,
        0.008127088954578934,
        0.008901677095863324,
        0.00849762782822268,
        0.008814247203118679,
        0.009106449896916157,
        0.008459376810397927,
        0.009891151099460292,
        0.008895426100145643,
        0.011143794227234851
      ],