{
  "schema": {
    "name": "full_qae_bundle",
    "version": "1.0"
  },
  "timestamp": "2025-09-08 11:40:40",
  "dataset": {
    "id": "MG_bench",
    "scale_low": 0.2,
    "scale_high": 0.8,
    "window_size": 6,
    "window_stride": 1
  },
  "run": {
    "tag": "inst1_L1",
    "instance_id": 1,
    "seed": 10023,
    "sigma_train": 0.1,
    "sigma_eval": 0.1
  },
  "architecture": {
    "n_qubits": 6,
    "n_layers": 1,
    "n_latent": 4,
    "n_trash": 2,
    "latent_wires": [
      0,
      1,
      2,
      3
    ],
    "trash_wires": [
      4,
      5
    ],
    "decoder_mode": "adjoint_encoder"
  },
  "training": {
    "stage1": {
      "lr_init": 0.0,
      "max_epochs": 0,
      "patience": 0,
      "lr_patience": 0,
      "best_val": NaN,
      "final_val": NaN,
      "best_epoch": -1,
      "epochs": 0,
      "train_curve": [],
      "val_curve": [],
      "lr_curve": [],
      "train_seconds": NaN
    },
    "stage3": {
      "lr_init": 0.5,
      "max_epochs": 120,
      "patience": 0,
      "plateau_steps": 0,
      "plateau_factor": 1.0,
      "best_val_mse": 0.007946274563857842,
      "final_val_mse": 0.008811112364421924,
      "best_epoch": 107,
      "epochs": 120,
      "train_curve": [
        0.13177315345677482,
        0.12518607548575758,
        0.05128812557702242,
        0.05330554771469192,
        0.0643745164639621,
        0.03934169641686554,
        0.027233489231801817,
        0.03165586874066831,
        0.021526705660721276,
        0.029060783705055805,
        0.02076031423744182,
        0.012435956387212576,
        0.01287657490980523,
        0.014296534896571782,
        0.014216380632144195,
        0.010879783862983326,
        0.011070454923328593,
        0.013300052086554137,
        0.014335759473472851,
        0.01356055984818394,
        0.013138495576985624,
        0.012217430393807975,
        0.01262810984395554,
        0.012392428443471142,
        0.011727502174349091,
        0.010997817901439692,
        0.010762421292874677,
        0.010142187426282619,
        0.011088691969514989,
        0.010364094304927463,
        0.009911113241380424,
        0.009577321555390497,
        0.010108304918621823,
        0.009845795143818229,
        0.009540567751592772,
        0.009323875528327797,
        0.009489292473895754,
        0.009383703220496071,
        0.009623161642853357,
        0.00912484483666063,
        0.008820711019942409,
        0.008975401398691267,
        0.009435295843599896,
        0.008835604457544662,
        0.00852251247185906,
        0.008816574935252315,
        0.008705793628667989,
        0.008754049495538348,
        0.008761569867850877,
        0.008676668539345539,
        0.009017871324290975,
        0.008402590942544585,
        0.008361718916280916,
        0.008631372743657637,
        0.008592543951479096,
        0.008761051207812983,
        0.009198880582557013,
        0.00866814572878112,
        0.008744215921570736,
        0.008531532886295032,
        0.008454871225527214,
        0.009016312878499903,
        0.008890511030826349,
        0.008407952605969776,
        0.008683517876406073,
        0.00862259994523164,
        0.009475254503286672,
        0.008863663930236876,
        0.009054052616654821,
        0.008226130438349083,
        0.00892650695272792,
        0.008180335595303316,
        0.00995388616997523,
        0.008354633397916391,
        0.009195319001481402,
        0.008494884048356834,
        0.009000196691418964,
        0.008523917052912548,
        0.008169311510845127,
        0.008515208500482251,
        0.00852762204304033,
        0.008607568526952459,
        0.008737512842433168,
        0.008791641898682477,
        0.008434521295529226,
        0.008571847369850442,
        0.008198575033247543,
        0.008788557957199182,
        0.008290124221118522,
        0.008705673520379114,
        0.008481187361649122,
        0.009133709017525032,
        0.008283816154063433,
        0.00804519318266401,
        0.008529977058571718,
        0.009037273514598237,
        0.008387372125023888,
        0.008757219889463945,
        0.008639991104086604,
        0.008304803689320111,
        0.008513714964867039,
        0.008634337600603887,
        0.008585116650640509,
        0.008364208979930125,
        0.008684541676236912,
        0.008356451386523193,
        0.008435450365146693,
        0.007946274563857842,
        0.008472843582181873,
        0.008443570732070168,
        0.008784957314110926,
        0.008640036408685594,
        0.008092647974562783,
        0.008883872472553298,
        0.008386222794500065,
        0.0081910069485321,
        0.008324919555999595,
        0.008668064708831061,
        0.00849648785576568,
        0.008811112364421924
      ],