{
  "schema": {
    "name": "sidekick_bundle",
    "version": "1.0"
  },
  "timestamp": "2025-10-02 23:39:58",
  "dataset": {
    "id": "mackey_glass_tau17_n200",
    "scale_low": 0.2,
    "scale_high": 0.8,
    "window_size": 4,
    "window_step": 2,
    "split": 0.75
  },
  "run": {
    "instance_id": 5,
    "layer": 1,
    "sigma_eval": 0.2,
    "test_seed_fixed": 99123
  },
  "environment": {
    "stage1_backend": "lightning.qubit",
    "stage1_diff": "adjoint",
    "stage3_backend": "lightning.qubit",
    "stage3_diff": "adjoint"
  },
  "architecture": {
    "n_qubits": 4,
    "n_latent": 2,
    "n_trash": 2,
    "rot": "Rxyz"
  },
  "parameters": {
    "phi": [
      [
        [
          0.00012340832769314615,
          1.0762240438290023,
          0.30169271791818797
        ],
        [
          2.4428991849020298e-05,
          0.8267812818399923,
          0.05620192959959869
        ],
        [
          -6.317741705525517e-06,
          -2.097520854430421,
          0.30886638177100534
        ],
        [
          -7.922928190423244e-06,
          -1.920476579283781,
          0.0009781765659240124
        ]
      ]
    ],
    "psi": [
      [
        [
          -0.013618672594256063,
          1.0574454683267247,
          0.13028959513898464
        ],
        [
          0.00367236541341386,
          0.8330215388397615,
          0.02570529553446963
        ],
        [
          0.24331123301127197,
          0.8961069316333431,
          2.6102083383278707
        ],
        [
          -7.593950033061828e-08,
          1.0628538579268612,
          0.0009781765520058337
        ]
      ]
    ]
  },
  "metrics_series": {
    "mse_train_noise": 0.019268069867485596,
    "mse_train_recovered": 0.019134859843989212,
    "delta_train_pct": 0.6913511545916351,
    "mse_test_noise": 0.018957942152927745,
    "mse_test_recovered": 0.019214609625794327,
    "delta_test_pct": -1.3538783418375555
  },
  "times_seconds": {
    "stage1": 72.51089054101612,
    "stage3": 146.41122487501707,
    "total": 218.9221154160332
  }
}