{
  "schema": {
    "name": "sidekick_bundle",
    "version": "1.0"
  },
  "timestamp": "2025-10-02 23:39:58",
  "dataset": {
    "id": "mackey_glass_tau17_n200",
    "scale_low": 0.2,
    "scale_high": 0.8,
    "window_size": 4,
    "window_step": 2,
    "split": 0.75
  },
  "run": {
    "instance_id": 3,
    "layer": 1,
    "sigma_eval": 0.2,
    "test_seed_fixed": 99123
  },
  "environment": {
    "stage1_backend": "lightning.qubit",
    "stage1_diff": "adjoint",
    "stage3_backend": "lightning.qubit",
    "stage3_diff": "adjoint"
  },
  "architecture": {
    "n_qubits": 4,
    "n_latent": 2,
    "n_trash": 2,
    "rot": "Rxyz"
  },
  "parameters": {
    "phi": [
      [
        [
          8.709064230875169e-05,
          1.0761153038514875,
          0.1739427221039971
        ],
        [
          4.454321152921693e-06,
          0.8266485929541711,
          0.24977991309264802
        ],
        [
          -5.769619474674585e-06,
          -2.0974632003157603,
          0.23214443439566124
        ],
        [
          1.2582303099742906e-06,
          -1.9203881384645125,
          0.296624325387282
        ]
      ]
    ],
    "psi": [
      [
        [
          -0.007763459408220109,
          1.0543213202568504,
          0.07593220581106745
        ],
        [
          0.007215897521368544,
          0.8331178988635205,
          0.10970184218681041
        ],
        [
          0.28245452904084944,
          0.8947239200309056,
          2.5704052117609626
        ],
        [
          -3.709342899793919e-07,
          1.0588021850148293,
          0.2966243253850867
        ]
      ]
    ]
  },
  "metrics_series": {
    "mse_train_noise": 0.019268069867485596,
    "mse_train_recovered": 0.019130380456284415,
    "delta_train_pct": 0.7145988786013691,
    "mse_test_noise": 0.018957942152927745,
    "mse_test_recovered": 0.0191999056572662,
    "delta_test_pct": -1.2763173470338174
  },
  "times_seconds": {
    "stage1": 56.936690583010204,
    "stage3": 135.77040866599418,
    "total": 192.7070992490044
  }
}