{
  "schema": {
    "name": "sidekick_bundle",
    "version": "1.0"
  },
  "timestamp": "2025-10-02 23:39:58",
  "dataset": {
    "id": "mackey_glass_tau17_n200",
    "scale_low": 0.2,
    "scale_high": 0.8,
    "window_size": 4,
    "window_step": 2,
    "split": 0.75
  },
  "run": {
    "instance_id": 2,
    "layer": 1,
    "sigma_eval": 0.2,
    "test_seed_fixed": 99123
  },
  "environment": {
    "stage1_backend": "lightning.qubit",
    "stage1_diff": "adjoint",
    "stage3_backend": "lightning.qubit",
    "stage3_diff": "adjoint"
  },
  "architecture": {
    "n_qubits": 4,
    "n_latent": 2,
    "n_trash": 2,
    "rot": "Rxyz"
  },
  "parameters": {
    "phi": [
      [
        [
          1.5303779794687494e-06,
          1.0762768467037145,
          0.05874891827222656
        ],
        [
          -0.0009019568442511081,
          0.8267929007170075,
          0.007153431750502607
        ],
        [
          1.3962981027636869e-05,
          -2.0974484364977903,
          0.19241098701359385
        ],
        [
          9.152539940539673e-06,
          -1.9204711641380265,
          0.01471376861158069
        ]
      ]
    ],
    "psi": [
      [
        [
          -0.0015378554196322542,
          1.0539008068908575,
          0.01944033386764915
        ],
        [
          0.0003822061303766632,
          0.8327121539492914,
          0.002736078848172336
        ],
        [
          0.27848968417882863,
          0.8915501528702682,
          2.5589373520050662
        ],
        [
          1.980166563200864e-07,
          1.0587045882741588,
          0.014713768616534601
        ]
      ]
    ]
  },
  "metrics_series": {
    "mse_train_noise": 0.019268069867485596,
    "mse_train_recovered": 0.019123350535614515,
    "delta_train_pct": 0.7510836989193748,
    "mse_test_noise": 0.018957942152927745,
    "mse_test_recovered": 0.01919582036433084,
    "delta_test_pct": -1.2547681044925874
  },
  "times_seconds": {
    "stage1": 54.844823291990906,
    "stage3": 115.12283633300103,
    "total": 169.96765962499194
  }
}