{
  "schema": {
    "name": "sidekick_bundle",
    "version": "1.0"
  },
  "timestamp": "2025-10-02 23:39:58",
  "dataset": {
    "id": "mackey_glass_tau17_n200",
    "scale_low": 0.2,
    "scale_high": 0.8,
    "window_size": 4,
    "window_step": 2,
    "split": 0.75
  },
  "run": {
    "instance_id": 4,
    "layer": 1,
    "sigma_eval": 0.2,
    "test_seed_fixed": 99123
  },
  "environment": {
    "stage1_backend": "lightning.qubit",
    "stage1_diff": "adjoint",
    "stage3_backend": "lightning.qubit",
    "stage3_diff": "adjoint"
  },
  "architecture": {
    "n_qubits": 4,
    "n_latent": 2,
    "n_trash": 2,
    "rot": "Rxyz"
  },
  "parameters": {
    "phi": [
      [
        [
          4.088763053415675e-05,
          1.0760374677051283,
          0.27642503144382
        ],
        [
          -0.0019016860032379768,
          0.8266624763816693,
          0.1476650871726882
        ],
        [
          -2.9852155870549806e-06,
          -2.0974835813035075,
          0.151111598122593
        ],
        [
          1.703059103334649e-05,
          -1.9203570141450415,
          0.0585256181005365
        ]
      ]
    ],
    "psi": [
      [
        [
          -0.013057928852726004,
          1.0559237200203109,
          0.1182714769712345
        ],
        [
          0.0018568483372121524,
          0.8337222981159856,
          0.06427812756238133
        ],
        [
          0.278990850992949,
          0.8943074604231331,
          2.5631621852054627
        ],
        [
          -7.402502591731939e-07,
          1.056593222504073,
          0.05852561809670485
        ]
      ]
    ]
  },
  "metrics_series": {
    "mse_train_noise": 0.019268069867485596,
    "mse_train_recovered": 0.01914049896150601,
    "delta_train_pct": 0.6620845100570261,
    "mse_test_noise": 0.018957942152927745,
    "mse_test_recovered": 0.019206856661175952,
    "delta_test_pct": -1.3129827395837124
  },
  "times_seconds": {
    "stage1": 75.76941212499514,
    "stage3": 146.6287364170421,
    "total": 222.39814854203723
  }
}