{
  "schema": {
    "name": "sidekick_bundle",
    "version": "1.0"
  },
  "timestamp": "2025-10-02 23:39:58",
  "dataset": {
    "id": "mackey_glass_tau17_n200",
    "scale_low": 0.2,
    "scale_high": 0.8,
    "window_size": 4,
    "window_step": 2,
    "split": 0.75
  },
  "run": {
    "instance_id": 1,
    "layer": 1,
    "sigma_eval": 0.2,
    "test_seed_fixed": 99123
  },
  "environment": {
    "stage1_backend": "lightning.qubit",
    "stage1_diff": "adjoint",
    "stage3_backend": "lightning.qubit",
    "stage3_diff": "adjoint"
  },
  "architecture": {
    "n_qubits": 4,
    "n_latent": 2,
    "n_trash": 2,
    "rot": "Rxyz"
  },
  "parameters": {
    "phi": [
      [
        [
          0.0001202662738587006,
          1.0761967088448818,
          0.27318408864218163
        ],
        [
          -0.001875459744044478,
          0.8266945428370244,
          0.004709711706097291
        ],
        [
          2.0302351166323088e-07,
          -2.097467983230737,
          0.027122650812856322
        ],
        [
          -6.341251609337974e-06,
          -1.9204390739341768,
          0.28175133139035974
        ]
      ]
    ],
    "psi": [
      [
        [
          -0.005248606423936505,
          1.0515075736213133,
          0.09285726485966125
        ],
        [
          -0.0001117747709636968,
          0.8017839414560908,
          0.0017546687694945204
        ],
        [
          2.7296453263209077,
          -0.8699537906765439,
          0.5814686993592778
        ],
        [
          -8.460099532669883e-10,
          1.0309386592408631,
          0.28175133141377096
        ]
      ]
    ]
  },
  "metrics_series": {
    "mse_train_noise": 0.019268069867485596,
    "mse_train_recovered": 0.01902515407279978,
    "delta_train_pct": 1.2607168043112127,
    "mse_test_noise": 0.018957942152927745,
    "mse_test_recovered": 0.019040185898787743,
    "delta_test_pct": -0.43382211632763124
  },
  "times_seconds": {
    "stage1": 57.880852542002685,
    "stage3": 110.11044062499423,
    "total": 167.9912931669969
  }
}