{
  "schema": {
    "name": "half_qae_bundle",
    "version": "1.0"
  },
  "timestamp": "2025-09-02 21:05:33",
  "dataset": {
    "id": "mackey_glass_n100",
    "scale_low": 0.2,
    "scale_high": 0.8,
    "window_size": 4,
    "window_stride": 1
  },
  "run": {
    "tag": "inst5_L3",
    "instance_id": 5,
    "seed": 5,
    "sigma_train": 0.1,
    "sigma_eval": 0.1
  },
  "architecture": {
    "n_qubits": 4,
    "n_layers": 3,
    "n_latent": 3,
    "n_trash": 1,
    "latent_wires": [
      0,
      1,
      2
    ],
    "trash_wires": [
      3
    ]
  },
  "training": {
    "stage1": {
      "lr_init": 0.01,
      "max_epochs": 120,
      "patience": 10,
      "lr_patience": 8,
      "best_val": 0.030311788584491517,
      "final_val": 0.030311788584491517,
      "best_epoch": 119,
      "epochs": 120,
      "train_curve": [
        0.5699740180451953,
        0.5453268326584976,
        0.5167840784124241,
        0.49144757120746413,
        0.46079683447186726,
        0.433756156828289,
        0.4009452075927175,
        0.3766158503925171,
        0.3477851366402487,
        0.3185234161123145,
        0.2969420361352507,
        0.272593565814338,
        0.25043370467631954,
        0.23535554689641042,
        0.22289056527618245,
        0.2075474599730272,
        0.19551827902203298,
        0.1848447176182177,
        0.17938811538564745,
        0.17259164791913195,
        0.16593920665620843,
        0.1610446676875568,
        0.15686051022221736,
        0.15332271499200312,
        0.14959157766545558,
        0.1436815254279379,
        0.13964015538062868,
        0.13674974020001285,
        0.13066361813021352,
        0.12867073395204126,
        0.12508078115699814,
        0.12126050400154631,
        0.11536219728568725,
        0.11253020207940655,
        0.10902473076487776,
        0.10826405999183825,
        0.1051062402326789,
        0.10176220817180004,
        0.09935472914826152,
        0.09618752619924757,
        0.09388402380866187,
        0.09216926431653948,
        0.088312741465853,
        0.08545055464322199,
        0.08293557696110684,
        0.08222531581749372,
        0.08114591262716259,
        0.07910042311410423,
        0.07719900617110115,
        0.07316905852989214,
        0.07123223742083096,
        0.07238861862659832,
        0.07003452081096656,
        0.06885492932796283,
        0.06700872357261722,
        0.0664447443530794,
        0.06587773185986624,
        0.06402434540590951,
        0.06438807050408077,
        0.06290467643000283,
        0.06091977218161021,
        0.06030514542298143,
        0.06004487932890294,
        0.05857891051685424,
        0.057728540985969315,
        0.05755927829978124,
        0.05596630717151861,
        0.055526177186198705,
        0.055075354578075914,
        0.05413836375910612,
        0.05286689392557009,
        0.05367428070187494,
        0.05280260185293482,
        0.05204347703975333,
        0.05105174654936398,
        0.04979810762488435,
        0.04894205603039911,
        0.049467060093332245,
        0.04798363767404526,
        0.047770857217009494,
        0.04796673145532641,
        0.0464026310062988,
        0.045697765980556804,
        0.04505214980024251,
        0.04534381328612139,
        0.044245876703799855,
        0.04362269547901204,
        0.04369486694368463,
        0.042630785492744655,
        0.04250700073896775,
        0.04126621016785666,
        0.041285786692666915,
        0.040027383591922795,
        0.03934812560255959,
        0.0392323942840761,
        0.03844079823231957,
        0.03801190285136066,
        0.03774469570790007,
        0.03802842049526224,
        0.03778371869896386,
        0.03707231280245077,
        0.037123281337717855,
        0.03658861778503306,
        0.03637099214051526,
        0.035619213323836885,
        0.035906289855869945,
        0.03603961434222246,
        0.03555582607328931,
        0.035331677414570814,
        0.03487306833652664,
        0.03475952883258647,
        0.03467810238112614,
        0.033496180452223384,
        0.03375981137165337,
        0.03354495333454308,
        0.0339517473509902,
        0.033532481973441594,
        0.03372688040475608,
        0.034144525224873504,
        0.033499328529672245
      ],
      "val_curve": [
        0.5684120113374864,
        0.539653888150214,
        0.5098197578503922,
        0.47919140785608044,
        0.4480400928543634,
        0.41685843291575714,
        0.38602590861606334,
        0.35618993042135577,
        0.3275795265605791,
        0.30066213685319276,
        0.27598838766123807,
        0.2535817557226256,
        0.23354730092171203,
        0.2160741267315543,
        0.2009102945803621,
        0.1879186523773612,
        0.17675794733623845,
        0.1671484646421597,
        0.158923295516134,
        0.1515978325774703,
        0.14507490704833043,
        0.13929347301689982,
        0.1339403444616623,
        0.12900153369948916,
        0.12446107439601801,
        0.12026383389133033,
        0.11634127396422345,
        0.11274786573288113,
        0.10951946849434038,
        0.10656704032976863,
        0.10374223804784691,
        0.10123085370425837,
        0.09886054123125121,
        0.09666359959606118,
        0.09458719936547737,
        0.09255160555328905,
        0.09063068084261397,
        0.08882250084976263,
        0.08700446556333856,
        0.08520464643907853,
        0.08334379462261648,
        0.08157909340380069,
        0.079867990905325,
        0.07817475029189475,
        0.07647598227315307,
        0.07476650105116606,
        0.07308901097848375,
        0.07154903076064652,
        0.06985783347733958,
        0.06832221797127755,
        0.06686749586196658,
        0.06545569910546924,
        0.06413245014895784,
        0.06286418392956608,
        0.06169994110242598,
        0.06045257988881782,
        0.05941255183781047,
        0.058409754427534856,
        0.05742149298334631,
        0.05657845815086073,
        0.055755941472501756,
        0.05495937317728401,
        0.05416511170687964,
        0.0533531585132921,
        0.0525732355093476,
        0.05178586848862645,
        0.05108830798498234,
        0.05041717536055965,
        0.04971671692367381,
        0.049045011354324944,
        0.04835521934522165,
        0.04768697317401845,
        0.04700889487494143,
        0.0463622595541027,
        0.04576138811760054,
        0.04517583429284061,
        0.04462637498863659,
        0.04403401627164534,
        0.0434475358950228,
        0.04281877341694988,
        0.04220953431117558,
        0.04162219393243283,
        0.04102710301442255,
        0.040486974735476314,
        0.0399463065669403,
        0.039376499808388185,
        0.03887350958955812,
        0.03837332124458971,
        0.037893286905246126,
        0.03743553837054353,
        0.03702575008275001,
        0.03661543426084701,
        0.036234371788034125,
        0.03584380291555372,
        0.03544622849847241,
        0.03506645448407391,
        0.03470877556357736,
        0.03434601656700847,
        0.03401125852853015,
        0.03371102826990032,
        0.03342384839384129,
        0.033168090421831366,
        0.03296262828019505,
        0.03274478379762256,
        0.032557451909470514,
        0.032385084982430715,
        0.032199045251044486,
        0.03199987176572262,
        0.03178696365916508,
        0.03162564898143004,
        0.031478255199395996,
        0.031323543526516874,
        0.03124376950049963,
        0.03112920459331856,
        0.031019666277590723,
        0.030838829716782874,
        0.03065132495564361,
        0.03052137457650318,
        0.030381313872172168,
        0.030311788584491517
      ],