{
  "schema": {
    "name": "half_qae_bundle",
    "version": "1.0"
  },
  "timestamp": "2025-09-02 21:05:33",
  "dataset": {
    "id": "mackey_glass_n100",
    "scale_low": 0.2,
    "scale_high": 0.8,
    "window_size": 4,
    "window_stride": 1
  },
  "run": {
    "tag": "inst1_L3",
    "instance_id": 1,
    "seed": 1,
    "sigma_train": 0.1,
    "sigma_eval": 0.1
  },
  "architecture": {
    "n_qubits": 4,
    "n_layers": 3,
    "n_latent": 3,
    "n_trash": 1,
    "latent_wires": [
      0,
      1,
      2
    ],
    "trash_wires": [
      3
    ]
  },
  "training": {
    "stage1": {
      "lr_init": 0.01,
      "max_epochs": 120,
      "patience": 10,
      "lr_patience": 8,
      "best_val": 0.02142574133891168,
      "final_val": 0.02142574133891168,
      "best_epoch": 119,
      "epochs": 120,
      "train_curve": [
        0.4172600097098467,
        0.39009411434267527,
        0.3698168397196192,
        0.35401753984203266,
        0.32751702860414755,
        0.3151194871656292,
        0.29622961668244074,
        0.28294378229258965,
        0.273295004476751,
        0.2616395495651819,
        0.25246562648357146,
        0.24078629676258712,
        0.23367594176544876,
        0.22444145367090937,
        0.21313857549530354,
        0.20882505605473722,
        0.20305371399553215,
        0.19367600937939353,
        0.18682722518588252,
        0.17882832970107082,
        0.17379365826689014,
        0.17052728516107665,
        0.1616892744302334,
        0.15581558496766412,
        0.14884060498037782,
        0.14669141074194147,
        0.14342583922579322,
        0.14015585195349176,
        0.13331555555113328,
        0.13281711989221592,
        0.1291635947314535,
        0.12497132297101504,
        0.1220930905912496,
        0.11823988688996101,
        0.11674118500214885,
        0.11390350659326558,
        0.11331796251313572,
        0.11117309014461094,
        0.11111908723925439,
        0.10886443046466973,
        0.10607595941192823,
        0.10299957980089931,
        0.10173248267727314,
        0.10060740344092423,
        0.09775987130930955,
        0.09757168943202109,
        0.0953983413484255,
        0.09540727938869192,
        0.09171776409625204,
        0.09081544669872799,
        0.08934498438049616,
        0.08599964104573929,
        0.08715611809735027,
        0.0832777522881391,
        0.08239274057890615,
        0.08041090124383318,
        0.07761650140303503,
        0.07743563646327722,
        0.07589213817561971,
        0.07521165139206137,
        0.0726199463924179,
        0.07312631385892862,
        0.06976579391871485,
        0.07031994784115772,
        0.06800418767130254,
        0.06868218146828722,
        0.06661391394591788,
        0.06629572245200376,
        0.06324735915872637,
        0.06419307743017282,
        0.06273812162766836,
        0.06277980596765184,
        0.06054558239342714,
        0.060711473912904074,
        0.06006794214692497,
        0.06011763131708967,
        0.05846941650824966,
        0.05630788140397393,
        0.05779266292109228,
        0.05772701662850839,
        0.05735051448134952,
        0.056954730963283455,
        0.05567180271358439,
        0.054654973759962165,
        0.054780156815842654,
        0.05334391462271057,
        0.05403336347992652,
        0.05234336355885273,
        0.05083108645852753,
        0.05094529264346549,
        0.05283862291902543,
        0.04982070593662538,
        0.05063019751621406,
        0.0488123666044188,
        0.04852792000314621,
        0.048252593409050824,
        0.04769037422169276,
        0.046876483497766464,
        0.04571906835128102,
        0.04445983837704084,
        0.042901658018932434,
        0.04335689032955567,
        0.042918873120569606,
        0.04178603534908315,
        0.03979713442379568,
        0.039442835672321847,
        0.03842361613031908,
        0.03686200285951049,
        0.03628200067922233,
        0.03621366517591326,
        0.034093139868288116,
        0.03473087550725167,
        0.03384435701254533,
        0.032833503708423376,
        0.031978110230584375,
        0.03216177832415486,
        0.030019533887913036,
        0.030173843990368154,
        0.0298793467231146,
        0.027574030446450758
      ],
      "val_curve": [
        0.3928356975394178,
        0.3674092575735706,
        0.3433548151882854,
        0.3212699321882694,
        0.30130754671279203,
        0.28341499965525035,
        0.26762937437981804,
        0.2535335079091629,
        0.24079258444956145,
        0.22906635443204698,
        0.21822594211511967,
        0.20798381034640512,
        0.19834999411081533,
        0.18933136923494226,
        0.18091562339899803,
        0.1729861503034604,
        0.165628598828215,
        0.15862314367983948,
        0.15198413284651216,
        0.14563907808980237,
        0.13980601475736895,
        0.13438110765441164,
        0.1291911940582547,
        0.12434613989871475,
        0.12016044828382474,
        0.11618443481027496,
        0.11268626600690516,
        0.1096472246742092,
        0.10692000111402881,
        0.10446504987516289,
        0.10244324900070663,
        0.10072317235103816,
        0.09913069297978375,
        0.09781357283031471,
        0.09655866346813693,
        0.09551523986236872,
        0.09461755395724965,
        0.09372201976088398,
        0.09297049216157201,
        0.09217624612305869,
        0.09154768072522054,
        0.09071776080212904,
        0.08980009887683135,
        0.08891452729313754,
        0.08810410302880842,
        0.08706679411175933,
        0.08582984162734753,
        0.08470156420670125,
        0.08330380443334533,
        0.082035092025355,
        0.08080585285527012,
        0.07955383549851643,
        0.07820354335572725,
        0.07679832299241533,
        0.07529074410822958,
        0.07376285722268491,
        0.07214637803584281,
        0.07070843953034563,
        0.06926320806910213,
        0.06793568256437624,
        0.06668752148126747,
        0.0654796481540004,
        0.06435174956120553,
        0.06323610091736036,
        0.062052739482885644,
        0.061015998047960415,
        0.05999020003001103,
        0.05906692833115015,
        0.05817875477404151,
        0.0572095849096312,
        0.05634490793319955,
        0.05565141092239356,
        0.054893101012454516,
        0.0541486297679201,
        0.05345252150195208,
        0.05281841978654549,
        0.05225630623429579,
        0.05166007501450508,
        0.051019763421735864,
        0.05029901278990075,
        0.04961782686303839,
        0.04902990355601168,
        0.0483333152273763,
        0.047595433385008136,
        0.04687644730780731,
        0.04625097709455468,
        0.045495280854470625,
        0.04476711203339875,
        0.04408402909028246,
        0.04338784399695382,
        0.042619965901713075,
        0.04192369850165463,
        0.04118905295800549,
        0.04050893894892723,
        0.03981498704434396,
        0.03912096259366603,
        0.038366641978300135,
        0.03755014851842599,
        0.03668521143691776,
        0.03579369109399749,
        0.03497200681337549,
        0.03400509623587426,
        0.03314951729216823,
        0.03237881516906658,
        0.03164324735390702,
        0.030855371289828466,
        0.03001643423420222,
        0.02913318765711857,
        0.02823729079636946,
        0.027339296960702215,
        0.02655071280338589,
        0.025796495808793247,
        0.02513071332837453,
        0.024582425532619055,
        0.024032360506753017,
        0.023424358220164566,
        0.02294177349994182,
        0.022397141424981844,
        0.021862547820387615,
        0.02142574133891168
      ],