{
  "schema": {
    "name": "half_qae_bundle",
    "version": "1.0"
  },
  "timestamp": "2025-09-02 21:05:33",
  "dataset": {
    "id": "mackey_glass_n100",
    "scale_low": 0.2,
    "scale_high": 0.8,
    "window_size": 4,
    "window_stride": 1
  },
  "run": {
    "tag": "inst2_L3",
    "instance_id": 2,
    "seed": 2,
    "sigma_train": 0.1,
    "sigma_eval": 0.1
  },
  "architecture": {
    "n_qubits": 4,
    "n_layers": 3,
    "n_latent": 3,
    "n_trash": 1,
    "latent_wires": [
      0,
      1,
      2
    ],
    "trash_wires": [
      3
    ]
  },
  "training": {
    "stage1": {
      "lr_init": 0.01,
      "max_epochs": 120,
      "patience": 10,
      "lr_patience": 8,
      "best_val": 0.026254063826410164,
      "final_val": 0.026253398190458792,
      "best_epoch": 119,
      "epochs": 120,
      "train_curve": [
        0.4412678247074082,
        0.42368780880968226,
        0.40039548089835064,
        0.37211018517107997,
        0.3488367891845128,
        0.3253357800034654,
        0.30297092144651266,
        0.2819758106947254,
        0.26653889940749576,
        0.2507566416807355,
        0.23094178451092945,
        0.21839650472951883,
        0.20485562488741338,
        0.19375665402156356,
        0.18363197883264415,
        0.17663665339443219,
        0.16647279450290475,
        0.15994351287302883,
        0.15241141324036017,
        0.14488768251848985,
        0.13986565322433633,
        0.13605073200745837,
        0.1310191084363358,
        0.12594908414389866,
        0.12272266596995357,
        0.11580577924799201,
        0.11089030352404007,
        0.10968694970477486,
        0.10436371076103783,
        0.10044467333153534,
        0.09694996978505294,
        0.09353445271399093,
        0.09107805305495746,
        0.08754207453718049,
        0.08443861397518501,
        0.08152677954991458,
        0.07964822474231575,
        0.07779655592533413,
        0.075876932180623,
        0.07248199561962625,
        0.07120193521566398,
        0.06802148923153385,
        0.0664801603948658,
        0.06468916171508618,
        0.0628310731983368,
        0.06120952033965396,
        0.05964177912102825,
        0.05883425923181486,
        0.05622287852943683,
        0.05711980009227183,
        0.05388949915941643,
        0.051954179335061856,
        0.05180598043326656,
        0.05111406383767306,
        0.04896608626812342,
        0.047975433321020416,
        0.04754998052028267,
        0.04635730426359312,
        0.04538436804758019,
        0.045097650331017605,
        0.044587508835328755,
        0.04416325146824013,
        0.042246192856577616,
        0.04115659142920355,
        0.04144707306832697,
        0.04194240194585842,
        0.039916462965967556,
        0.04005111590444649,
        0.03966245403030583,
        0.03919817758138512,
        0.03834785219122844,
        0.038419561938152345,
        0.03739272069166299,
        0.03778889036401514,
        0.03711717621100779,
        0.0368225444188329,
        0.036387480523313635,
        0.03575441756654461,
        0.035363434279712905,
        0.03585136564555019,
        0.03556102079490964,
        0.034956500652971206,
        0.03458838637512979,
        0.03473244577411469,
        0.034115720249589296,
        0.033556081340684905,
        0.033357399348193886,
        0.03281388192211116,
        0.03293294280809592,
        0.032651670243751485,
        0.03243381124622402,
        0.03174307590309729,
        0.031958496305049204,
        0.03131424680371388,
        0.03160129818834367,
        0.030908877507473526,
        0.030406065518105648,
        0.03070350296508205,
        0.02962114513771994,
        0.030192047570732482,
        0.03022292439206609,
        0.029460711662010995,
        0.02975124755215584,
        0.02952023280582087,
        0.029365485391405044,
        0.029562809069109963,
        0.028368875276903023,
        0.028588436967159417,
        0.02842611929039523,
        0.02860821829742101,
        0.028303080087470858,
        0.02823533327541541,
        0.02872167042644362,
        0.027847580232707433,
        0.028147830673060037,
        0.028366642093706942,
        0.027981487019696216,
        0.028299358169488215,
        0.02761491086654963,
        0.02683822533372706
      ],
      "val_curve": [
        0.4153950597225154,
        0.3900597610386924,
        0.3649174591318697,
        0.3405512941585983,
        0.3175124168706064,
        0.29606561149966215,
        0.27645271743308003,
        0.25846044080884445,
        0.24194791366124901,
        0.22687024158343197,
        0.21319399679292025,
        0.20096934881034936,
        0.19019727631874245,
        0.1808416633976406,
        0.1727046199287205,
        0.16550133826429841,
        0.15917167637366725,
        0.15329033866112035,
        0.1475856302471761,
        0.1421166769303502,
        0.13683095806266232,
        0.1315389553775473,
        0.12635874116098023,
        0.12130543618733122,
        0.11639145613825719,
        0.11179666126208862,
        0.10746723113025555,
        0.10340786277222522,
        0.09952545913934467,
        0.09587989302934032,
        0.09235637663315004,
        0.08890180039466175,
        0.08555316458275794,
        0.08221819851505045,
        0.07910883373245567,
        0.07612952174512493,
        0.0732449356756908,
        0.07059144407092743,
        0.06800726140683132,
        0.06561035559576239,
        0.06337934199143704,
        0.06127791768672901,
        0.0593143813797643,
        0.057464300362632656,
        0.05569375185047678,
        0.05401294518556397,
        0.0523671999184553,
        0.05083542192908117,
        0.04929032889916386,
        0.047852476947724834,
        0.046478634745582885,
        0.045209569497542804,
        0.04398928423446581,
        0.04285412565205236,
        0.04171635439791192,
        0.04062111933373326,
        0.03961144967004869,
        0.03867615703194961,
        0.03775702824378667,
        0.03701253633229092,
        0.03632752405239096,
        0.035725833572606544,
        0.0351377112044848,
        0.03454944717145746,
        0.03395983092341611,
        0.03341052273904642,
        0.0329082808127674,
        0.03248867724451923,
        0.03214364702806707,
        0.031858502813229425,
        0.031600258446825805,
        0.03133886625441517,
        0.031092353745912803,
        0.03078701316666212,
        0.030559346552559243,
        0.030360919789891045,
        0.030126996477985602,
        0.02995341143553325,
        0.029786819218019185,
        0.02961428389037134,
        0.029450484554133488,
        0.029305692426105846,
        0.029154481682708445,
        0.029035196963661726,
        0.02890928307719438,
        0.028866414976696085,
        0.028723383092574162,
        0.028636843420328635,
        0.028476470360388632,
        0.028341768178390563,
        0.028261738666065482,
        0.02823911967857879,
        0.028215823422563468,
        0.028115670140826977,
        0.027961879573908343,
        0.027904849078461635,
        0.027801042935481357,
        0.02769370438061681,
        0.027590264012631583,
        0.027501869701037907,
        0.027415912462507186,
        0.02735991023176685,
        0.027205322751693482,
        0.02716518811077141,
        0.027147006301535104,
        0.027117895505291124,
        0.027165410675677914,
        0.027144554075101503,
        0.02711195819332174,
        0.02704579575354612,
        0.02707556268080651,
        0.02702137459716538,
        0.027007545397265686,
        0.026902217151691155,
        0.026718769697139304,
        0.02658799727577512,
        0.026484488187518584,
        0.026348984789131565,
        0.026254063826410164,
        0.026253398190458792
      ],