layer,runs,mse_test_noise_mean,mse_test_recovered_mean,delta_test_pct_mean,s1_time_s_mean,s3_time_s_mean,total_time_s_mean
1,5,0.0189579421529277,0.01759927910285754,7.166722205977112,52.88259481682908,113.57047516659368,166.45306998342275
3,5,0.0189579421529277,0.01379325342022764,27.242876315573426,102.39076936682686,242.87252615836914,345.263295525196
