{
  "schema": {
    "name": "half_qae_bundle",
    "version": "1.0"
  },
  "timestamp": "2025-09-23 08:19:54",
  "dataset": {
    "id": "mackey_glass_tau30_n200",
    "scale_low": 0.2,
    "scale_high": 0.8,
    "window_size": 6,
    "window_step": 2,
    "split": 0.75
  },
  "run": {
    "instance_id": 1,
    "layer": 1,
    "sigma_eval": 0.2,
    "test_seed_fixed": 99123
  },
  "environment": {
    "device": "default.qubit",
    "reset_mode": "none"
  },
  "architecture": {
    "n_qubits": 6,
    "n_latent": 4,
    "n_trash": 2
  },
  "parameters": {
    "phi": [
      0.6176120788791334,
      -0.6001804047937741,
      0.19790118570600546,
      0.3262506013201293,
      -0.10532918558169417,
      -0.37475243769360606,
      0.04756472178089782,
      -0.03610482050120626,
      -0.25664972265382996,
      0.46942619737581553,
      0.41338171533983054,
      -0.4219459235834855,
      0.044959232841335774,
      -0.49033973526717833,
      0.022074687380471355,
      1.0810991486316448,
      0.28410145033632594,
      -0.4866950059481984
    ],
    "psi": [
      0.09661396531941675,
      -0.09834546306377219,
      -0.0190844988321418,
      0.06027644195556289,
      -0.04043243810475872,
      -0.0532312730276369,
      0.04071906991239539,
      -0.003453603041619658,
      0.0053281317814734405,
      0.08357551672376573,
      0.0308198435437289,
      -0.01917586440527684,
      -0.04913149377257774,
      0.02634109451101351,
      0.02614205428476594,
      0.0492128304147114,
      -0.07469613163889251,
      -0.007747494711363895
    ]
  },
  "metrics_series": {
    "mse_train_noise": 0.019067164300121137,
    "mse_train_recovered": 0.025242526073192766,
    "delta_train_pct": -32.387415747145965,
    "mse_test_noise": 0.01895794215292774,
    "mse_test_recovered": 0.024054700048003808,
    "delta_test_pct": -26.884552415880016
  }
}