{
  "schema": {
    "name": "half_qae_bundle",
    "version": "1.0"
  },
  "timestamp": "2025-09-02 23:54:14",
  "dataset": {
    "id": "mackey_glass_n100",
    "scale_low": 0.2,
    "scale_high": 0.8,
    "window_size": 6,
    "window_stride": 1
  },
  "run": {
    "tag": "inst5_L3",
    "instance_id": 5,
    "seed": 5,
    "sigma_train": 0.1,
    "sigma_eval": 0.1
  },
  "architecture": {
    "n_qubits": 6,
    "n_layers": 3,
    "n_latent": 2,
    "n_trash": 4,
    "latent_wires": [
      0,
      1
    ],
    "trash_wires": [
      2,
      3,
      4,
      5
    ]
  },
  "training": {
    "stage1": {
      "lr_init": 0.01,
      "max_epochs": 120,
      "patience": 10,
      "lr_patience": 8,
      "best_val": 0.1623362362529214,
      "final_val": 0.1623362362529214,
      "best_epoch": 119,
      "epochs": 120,
      "train_curve": [
        0.4874808206897961,
        0.48304319395278217,
        0.47604621143821535,
        0.47084031855872466,
        0.4652748423518982,
        0.45898641103727794,
        0.45355784270357985,
        0.447008111680103,
        0.44115877296538947,
        0.4362587345737926,
        0.4306339051070367,
        0.42456115175293296,
        0.4191258118863074,
        0.4142774067180244,
        0.4098856858520838,
        0.40582099922559234,
        0.4012612287367288,
        0.39857015994251666,
        0.3958989259925607,
        0.39302395273567625,
        0.38995869680109896,
        0.38600383458485554,
        0.3835439398425834,
        0.3788102233973679,
        0.3753684156321752,
        0.37197126300062255,
        0.36764423947115193,
        0.363099269513532,
        0.3604462251057333,
        0.35850261109763776,
        0.3553506496105824,
        0.3510788973208291,
        0.34863921096226935,
        0.34470525148907555,
        0.3430700334756869,
        0.34052373774945177,
        0.3375133256120443,
        0.3363885693498472,
        0.3362879561257075,
        0.3342970700624275,
        0.33127457574549046,
        0.329311041522095,
        0.3298656307987242,
        0.3273827364406878,
        0.32587251149222607,
        0.3244658953986237,
        0.32378291163966716,
        0.3237095591118207,
        0.3199870169907185,
        0.31908698637896027,
        0.31681363205957547,
        0.31347475363021676,
        0.3127726077843668,
        0.3108083079024842,
        0.30937343411094065,
        0.3033450695029473,
        0.3023612669835314,
        0.30125376074556326,
        0.2953746243831411,
        0.2944349960780656,
        0.29019239348497516,
        0.28316114044332386,
        0.2807989002510214,
        0.2742487092237573,
        0.2727752088008903,
        0.2654552512663297,
        0.26350049324185537,
        0.2580269312250074,
        0.25531545720623433,
        0.25073755309713674,
        0.24515143496962874,
        0.24391874324163335,
        0.23916881712667196,
        0.23442674454451295,
        0.23095089435496885,
        0.2267977874101289,
        0.2266649844391772,
        0.2232775247855297,
        0.22274353678269115,
        0.2192338111385166,
        0.21770627025290554,
        0.21738249890025385,
        0.2152278669784632,
        0.21623269831753367,
        0.21296854910575602,
        0.21089038023574272,
        0.21159765204834752,
        0.2126983654087538,
        0.21208436247236562,
        0.20898068112400187,
        0.20793454871317804,
        0.20922386598049758,
        0.2068320672110458,
        0.21189008067451182,
        0.20838687760405122,
        0.20589674827055132,
        0.20692310626739846,
        0.20664963477909343,
        0.20544694802538846,
        0.20249088854241964,
        0.20348711331883568,
        0.20468348841696252,
        0.20567645427027198,
        0.20323494997968633,
        0.2053012336924488,
        0.20760931006388778,
        0.20617378140829323,
        0.20557166027380538,
        0.20428184326805698,
        0.2056275899786061,
        0.2055601036373484,
        0.2028309508271764,
        0.2027913041823835,
        0.20366598393341404,
        0.20281502264634454,
        0.20587588810341992,
        0.2043360208330361,
        0.2062127633212596,
        0.2034136720016929,
        0.2063834690544885
      ],
      "val_curve": [
        0.47841259312080603,
        0.4728105251947065,
        0.46714016028562627,
        0.46151696676207005,
        0.4558430520941461,
        0.45017121865652265,
        0.4445258947953112,
        0.43887614567544364,
        0.43329377384643913,
        0.42778652155543817,
        0.4223410049552933,
        0.41703555588582697,
        0.4119920105744969,
        0.4073593901497132,
        0.40321496837838866,
        0.3995281264954983,
        0.3961650016047658,
        0.3929639264719617,
        0.3897605275613924,
        0.3864580707204684,
        0.382871008471832,
        0.3790910882343386,
        0.3750344890620368,
        0.37082910370360284,
        0.36639522244590117,
        0.36187006747922856,
        0.357355016113313,
        0.35298296608195384,
        0.3486931828637362,
        0.3445644831749124,
        0.34070810813064395,
        0.3371360198945624,
        0.33379544139750594,
        0.33075164702836185,
        0.32797995601126956,
        0.3255459820619598,
        0.3234516973430078,
        0.3215509322272523,
        0.3198037712561131,
        0.3181841926676597,
        0.3166235386496886,
        0.31504833996915343,
        0.31341419984543945,
        0.31169176711299285,
        0.309919784621121,
        0.308070479086755,
        0.306056136108953,
        0.30387788411300753,
        0.30164152639059244,
        0.2992170634492322,
        0.29656488306116624,
        0.29378809801456324,
        0.2906877634146722,
        0.28737045340699635,
        0.28382541301396086,
        0.2800778562086426,
        0.2760548661179567,
        0.2717403170024749,
        0.26724684848891894,
        0.2624842253849574,
        0.25756065338307116,
        0.2524193160925099,
        0.2471022491128335,
        0.24170885804690978,
        0.2362816414159929,
        0.23099042423442065,
        0.22566902570986277,
        0.22043749156129788,
        0.21534700562461645,
        0.21051104071287496,
        0.20604144430154048,
        0.2017993273955611,
        0.19786528955084637,
        0.19416191597276525,
        0.1909055304869447,
        0.18788672521704106,
        0.1852215620268472,
        0.1828456186948854,
        0.180740140889167,
        0.17891895863576487,
        0.17728185213555742,
        0.1760110043683613,
        0.1748732881661439,
        0.17384855257402157,
        0.1729051423862708,
        0.17207285307688483,
        0.17132031637058887,
        0.17057743593975538,
        0.17013979498514784,
        0.1694836061720999,
        0.16896688917515038,
        0.16851984193219094,
        0.1681331911290736,
        0.16775091196780048,
        0.16731474605112515,
        0.16690742203884523,
        0.16653130012670903,
        0.16618453854843873,
        0.16587023950458837,
        0.1655982357858842,
        0.16540417097611151,
        0.16506482094018343,
        0.16477986601265723,
        0.16438473108827723,
        0.16403847247888093,
        0.16372613188068444,
        0.1635867503857511,
        0.16339485886617397,
        0.1633220383735651,
        0.16338464414323867,
        0.16327990685643373,
        0.16325485845643897,
        0.16322684625953976,
        0.1632255194805107,
        0.1631720214744024,
        0.16305622137604872,
        0.16288544495903307,
        0.162764941383926,
        0.16255710149053712,
        0.1623362362529214
      ],