{
  "schema": {
    "name": "half_qae_bundle",
    "version": "1.0"
  },
  "timestamp": "2025-09-20 23:53:40",
  "dataset": {
    "id": "mackey_glass_tau17_n200",
    "scale_low": 0.2,
    "scale_high": 0.8,
    "window_size": 4,
    "window_step": 2,
    "split": 0.75
  },
  "run": {
    "instance_id": 2,
    "layer": 3,
    "sigma_eval": 0.2,
    "test_seed_fixed": 99123
  },
  "environment": {
    "device": "default.qubit",
    "reset_mode": "none"
  },
  "architecture": {
    "n_qubits": 4,
    "n_latent": 2,
    "n_trash": 2
  },
  "parameters": {
    "phi": [
      0.2008434019952974,
      -0.163097204087063,
      0.0651340790339929,
      -0.6779230095895248,
      -0.14773024347282673,
      0.03256562409914079,
      0.320434313110797,
      1.3425774139583317,
      1.12928764895782,
      0.45118784092845127,
      -0.6094503111884426,
      -1.0447972187768193,
      0.33004900655517005,
      0.04009909504202425,
      0.030230537901473814,
      -0.7092701133605736,
      0.14196196277357456,
      0.30305656611888293,
      -0.17446420997230225,
      1.3019597741979736,
      -1.2818148572416381,
      -0.017121672918944116,
      0.24289434887505382,
      0.1423841926698583,
      -0.024555584794870657,
      0.007969344347395099,
      -0.020794023855251417,
      -0.5156248941803606,
      0.007609574177331015,
      -0.013776208809201895,
      0.8983084118895023,
      -1.6480363834511218,
      -0.2388728836445651,
      -0.07626651758947123,
      0.24273289513094912,
      -0.48800594691829857
    ],
    "psi": [
      0.030035294035890676,
      -0.048465752137691935,
      -0.0002920679421156779,
      -0.042725676108930556,
      -0.04955297459412033,
      0.007720421323890408,
      0.04636529139472979,
      -0.016561414507780498,
      0.14015652929357933,
      -0.02799637182469101,
      -0.11303561302096084,
      -0.07373569119038999,
      0.057596363032352806,
      -0.01192705068265317,
      0.04339487398081258,
      -0.06440256779735215,
      0.0005612890197252369,
      0.03998049265664592,
      0.027085737539883123,
      -0.045610863827708965,
      0.020903316030243833,
      -0.008436044524806542,
      0.024208861008976464,
      0.05028319685805618,
      0.010202255229825695,
      -0.032060026328634264,
      -0.02040392046703666,
      0.05572856215945863,
      0.021925950668414875,
      -0.019409761246862205,
      -0.004694918310003297,
      -0.09269212834564808,
      0.023088162429524106,
      -0.006884544811742097,
      -0.033301439872299894,
      -0.014115768855665928
    ]
  },
  "metrics_series": {
    "mse_train_noise": 0.019268069867485596,
    "mse_train_recovered": 0.025411014330543984,
    "delta_train_pct": -31.881472847596726,
    "mse_test_noise": 0.018957942152927745,
    "mse_test_recovered": 0.02444682028282952,
    "delta_test_pct": -28.952921607338624
  }
}