{
  "schema": {
    "name": "half_qae_bundle",
    "version": "1.0"
  },
  "timestamp": "2025-09-20 23:53:45",
  "dataset": {
    "id": "mackey_glass_tau17_n200",
    "scale_low": 0.2,
    "scale_high": 0.8,
    "window_size": 4,
    "window_step": 2,
    "split": 0.75
  },
  "run": {
    "instance_id": 3,
    "layer": 3,
    "sigma_eval": 0.2,
    "test_seed_fixed": 99123
  },
  "environment": {
    "device": "default.qubit",
    "reset_mode": "none"
  },
  "architecture": {
    "n_qubits": 4,
    "n_latent": 2,
    "n_trash": 2
  },
  "parameters": {
    "phi": [
      0.4513147428360365,
      0.06013793045514728,
      0.6113810032107532,
      0.26258306078221944,
      -1.0428684508024406,
      0.13492093599417188,
      -0.2967340376256834,
      1.5466467676933104,
      0.24015393075324049,
      0.787854202976898,
      -0.5443939965582387,
      -0.47501397082306046,
      -1.3778154486281464,
      -0.014393491338559213,
      0.02298402392904843,
      -0.2178983930321321,
      -0.2171446838499296,
      0.5920406119132658,
      0.2612270042757709,
      -0.4120745826489511,
      0.21252150029926234,
      0.33957151240606304,
      0.34465048656910247,
      0.08806203606030205,
      -0.6063192814070094,
      -0.818388031327027,
      -0.6508123891281825,
      -0.8637867381516823,
      0.0666618623952195,
      0.0702363088923112,
      1.8376106199849551,
      -1.540435494511952,
      0.24575048247094183,
      1.434161441951516,
      0.053460215480592994,
      0.4090038019348512
    ],
    "psi": [
      0.03341372668495346,
      -0.03346953946073173,
      0.03882529823296067,
      0.033226346193673525,
      -0.14476266966205997,
      -0.027994581309088825,
      -0.06349713716588153,
      0.10976182914497158,
      -0.0193334903164476,
      0.051189051315251095,
      -0.12348333992631476,
      0.03032392515121213,
      -0.13273195923020198,
      -0.08218621994278491,
      -0.029716392840906748,
      -0.006109448153174429,
      0.028394062130209573,
      -0.005737855134704902,
      0.0008570158980935501,
      0.025098553460261595,
      0.033418423064133444,
      0.05693056223738746,
      0.06727728590877494,
      0.014653370297253722,
      -0.04619626847394753,
      -0.04713597642837647,
      -0.013078643626885328,
      0.001996063242774836,
      -0.043472641355000036,
      -0.011347234092296854,
      0.08540128443482164,
      -0.11217446442451563,
      0.03652637086536381,
      0.049076563224051815,
      0.056515892873983134,
      0.047026040289375536
    ]
  },
  "metrics_series": {
    "mse_train_noise": 0.019268069867485596,
    "mse_train_recovered": 0.025745635475371897,
    "delta_train_pct": -33.61813431462088,
    "mse_test_noise": 0.018957942152927745,
    "mse_test_recovered": 0.022983762821039498,
    "delta_test_pct": -21.23553619710792
  }
}