{
  "schema": {
    "name": "half_qae_bundle",
    "version": "1.0"
  },
  "timestamp": "2025-09-23 08:20:32",
  "dataset": {
    "id": "mackey_glass_tau30_n200",
    "scale_low": 0.2,
    "scale_high": 0.8,
    "window_size": 6,
    "window_step": 2,
    "split": 0.75
  },
  "run": {
    "instance_id": 3,
    "layer": 3,
    "sigma_eval": 0.2,
    "test_seed_fixed": 99123
  },
  "environment": {
    "device": "default.qubit",
    "reset_mode": "none"
  },
  "architecture": {
    "n_qubits": 6,
    "n_latent": 4,
    "n_trash": 2
  },
  "parameters": {
    "phi": [
      0.45131474287861717,
      0.06013793045781386,
      0.6113810032653061,
      0.26258306074623416,
      -1.0428684508140074,
      0.13492093600217847,
      -0.35172571847747747,
      0.7107501863734529,
      0.2036532809506994,
      0.41707131398503855,
      -0.8039358191587723,
      -0.08964450142685317,
      -1.20682709047651,
      -0.2569617744614572,
      -0.47884156697829017,
      -1.057059580821011,
      0.661131725551743,
      1.0366580971065078,
      -0.26142251909796194,
      0.087231495481443,
      0.4440848867493208,
      0.9368261342654429,
      0.2611967864965087,
      0.34494338495227883,
      -0.08798636159822565,
      -0.8271988147015439,
      -0.156747939883025,
      1.1823023176788028,
      0.7225777566474371,
      -1.293814116601327,
      0.3745369219759878,
      -1.3719181128571851,
      0.30958398983917756,
      0.20750936774943293,
      -0.9533583374104224,
      -0.06634426844087764,
      0.42565268706076614,
      -0.03458283267107487,
      -0.12750844105452708,
      -0.8121341168044123,
      1.294185437459581,
      0.016360053045432327,
      -0.8281960341922937,
      -0.7271790660032946,
      -0.4411880219855118,
      0.5151289859189561,
      -1.067857014685267,
      0.09025902482529859,
      0.11142169762960502,
      0.3392926015978949,
      -0.006921087222688969,
      0.06729500530590223,
      -0.31325421266762976,
      -0.15544598487589495
    ],
    "psi": [
      0.01899221727489025,
      -0.018989154971831828,
      0.023485380583819396,
      -0.001361224391561509,
      -0.14027901716882693,
      -0.012932172505998894,
      -0.05096134181558837,
      0.03571932252117733,
      0.0021240899385196986,
      0.07467648501449735,
      -0.04207400239242161,
      0.021238224342733335,
      -0.09541399912231918,
      -0.07569916181503196,
      -0.03461408619012264,
      -0.05645021868329582,
      -0.042631265599176925,
      0.010737492005752615,
      -0.007703929086928171,
      -0.051901413249965264,
      0.0763072921687484,
      0.05550093076240674,
      0.05696919096264324,
      0.01242873667113251,
      -0.04097772198380278,
      -0.08291987808121513,
      0.001806878184198063,
      0.052546823647580704,
      -0.012166274112893985,
      -0.04407968878020387,
      0.07877934804318187,
      -0.032972384613667916,
      0.11736386566180929,
      0.02821381027813345,
      0.055797135146601534,
      -0.03337560004678694,
      -0.046731151060871425,
      0.0007957480685762503,
      0.05748818516948319,
      0.011872040787932256,
      0.14567755836123747,
      -0.03571747225051724,
      -0.047267285617889856,
      0.0189776839503309,
      -0.12055116128032026,
      0.046933067462725346,
      -0.027736386528095465,
      -0.003758830788772048,
      -0.0478746277912901,
      -0.004903705648409246,
      -0.08018910616137451,
      -0.021172282367038643,
      -0.030716335679564853,
      2.2167183736154458e-05
    ]
  },
  "metrics_series": {
    "mse_train_noise": 0.019067164300121137,
    "mse_train_recovered": 0.02473059742641832,
    "delta_train_pct": -29.70254536623047,
    "mse_test_noise": 0.01895794215292774,
    "mse_test_recovered": 0.02387659394516606,
    "delta_test_pct": -25.945072268715187
  }
}