{
  "schema": {
    "name": "half_qae_bundle",
    "version": "1.0"
  },
  "timestamp": "2025-09-23 08:20:18",
  "dataset": {
    "id": "mackey_glass_tau30_n200",
    "scale_low": 0.2,
    "scale_high": 0.8,
    "window_size": 6,
    "window_step": 2,
    "split": 0.75
  },
  "run": {
    "instance_id": 1,
    "layer": 3,
    "sigma_eval": 0.2,
    "test_seed_fixed": 99123
  },
  "environment": {
    "device": "default.qubit",
    "reset_mode": "none"
  },
  "architecture": {
    "n_qubits": 6,
    "n_latent": 4,
    "n_trash": 2
  },
  "parameters": {
    "phi": [
      0.6176120788498243,
      -0.6001804048132136,
      0.19790118575346596,
      0.3262506012565355,
      -0.10532918570186268,
      -0.37475243765143823,
      0.04756472174665736,
      -0.03610482055336356,
      -0.25664972265724434,
      0.4694261974398593,
      0.41338171533486856,
      -0.42194592356753946,
      -0.7393939155176643,
      0.12063821587531301,
      1.0628838502878972,
      0.2361056646268842,
      -0.9898191709528624,
      0.09576640052988013,
      0.6827377796256537,
      -0.14469111236031212,
      0.055038269664113355,
      -0.9406334888213231,
      0.1589300853229783,
      -0.08885359979755167,
      -0.6084091099216246,
      0.5379845965162345,
      -0.07772435816677821,
      -1.0267962687342642,
      0.7647536058080129,
      -0.4592824981753322,
      0.1369135319468163,
      -0.08545100824342475,
      -0.11390541435998293,
      0.2441026603043641,
      0.14585006057410596,
      -0.056209231938398004,
      -0.3426007244064186,
      0.5337588540505624,
      0.33924207745521173,
      -0.910744857539545,
      0.5685745047130554,
      0.2699456602771039,
      0.14042294007810266,
      -0.4650616294677835,
      0.18298139558861493,
      -0.4654427208596367,
      1.5888887583009406,
      0.5455936873588262,
      1.823966434659828,
      -0.6439705145364572,
      0.6841159495057586,
      0.45513258528373346,
      1.8561894406887651,
      -0.27264136070025113
    ],
    "psi": [
      0.05523872263567407,
      -0.09686468743296915,
      0.00989732394271367,
      0.06188543866944234,
      -0.03778580126614016,
      -0.04484292061608974,
      -0.012195565067643127,
      -0.037762310383126343,
      0.010761684297414552,
      0.008499116929424387,
      0.06060481192616292,
      -0.01723993921746467,
      -0.07901015175696045,
      0.059812909700653456,
      0.03214676464721222,
      -0.0034020164831080517,
      -0.07416679180852313,
      0.016816030809616665,
      0.026839390015906,
      -0.02531604948439838,
      0.02420444957579822,
      -0.0891379154141246,
      0.042972381984585015,
      -0.04103042134685098,
      -0.030117507491959128,
      0.030711153332478383,
      -0.005364327840208712,
      -0.09574569671964167,
      0.0004562599935282347,
      -0.0399819910265456,
      -0.05290629782147233,
      -0.08496848461676168,
      -0.010648291303813437,
      -0.021134057000834552,
      0.0005625911239344787,
      -0.03873865049735533,
      0.026630181200053595,
      -0.07348627711750433,
      0.03171647494159959,
      0.02289154543125471,
      0.01869059459961653,
      0.03394909956541284,
      0.027112384303560885,
      -0.03682673312529485,
      0.0036127987754131017,
      -0.06757882662685383,
      0.07715803236130755,
      0.04221056341243099,
      -0.0023698439298892246,
      0.026254101469134747,
      0.018759584237515003,
      0.058577028193922014,
      0.04174463156295105,
      -0.051373755845962994
    ]
  },
  "metrics_series": {
    "mse_train_noise": 0.019067164300121137,
    "mse_train_recovered": 0.023910754512588284,
    "delta_train_pct": -25.402782166388384,
    "mse_test_noise": 0.01895794215292774,
    "mse_test_recovered": 0.023441394366568228,
    "delta_test_pct": -23.649466685117492
  }
}