{
  "schema": {
    "name": "half_qae_bundle",
    "version": "1.0"
  },
  "timestamp": "2025-09-23 08:20:25",
  "dataset": {
    "id": "mackey_glass_tau30_n200",
    "scale_low": 0.2,
    "scale_high": 0.8,
    "window_size": 6,
    "window_step": 2,
    "split": 0.75
  },
  "run": {
    "instance_id": 2,
    "layer": 3,
    "sigma_eval": 0.2,
    "test_seed_fixed": 99123
  },
  "environment": {
    "device": "default.qubit",
    "reset_mode": "none"
  },
  "architecture": {
    "n_qubits": 6,
    "n_latent": 4,
    "n_trash": 2
  },
  "parameters": {
    "phi": [
      0.2008434019990524,
      -0.16309720406224715,
      0.06513407904868816,
      -0.6779230095674545,
      -0.147730243501326,
      0.03256562409662222,
      0.5826338925915796,
      0.2030825181823052,
      1.065814138400386,
      0.05883612263784383,
      -0.898500552108616,
      -0.6136759060233796,
      1.0531993804675885,
      0.7650678396815437,
      0.9403094279956297,
      -1.3450996548969598,
      0.9155530137740215,
      1.1964171145219324,
      0.07415244189592324,
      -0.03607902733324232,
      -0.10728869113478862,
      -0.424264325252356,
      0.26311677514801984,
      0.5781369629801759,
      -0.1380295445054735,
      -0.1649992832484735,
      -0.18234228337221114,
      1.16168738782566,
      0.7177104734003171,
      -1.064420684947363,
      -0.4062121460869772,
      -1.2193447613309247,
      0.729332958871707,
      -0.6776553915342065,
      -0.8449081355879702,
      0.11701175381044872,
      0.27010825900990726,
      -0.0023981399429152837,
      -0.00022895548470751152,
      0.7456646776436564,
      -1.162815035342617,
      -0.10641668033767326,
      -0.39868773947283737,
      -0.49060521701030774,
      -0.17816423764166456,
      0.20252539895835323,
      -0.9450631650372081,
      0.24618234118021554,
      -0.07360974006915602,
      -0.10165004020705905,
      -0.16337800936678185,
      0.22519060366792068,
      -0.09909603553449906,
      0.4149996100178593
    ],
    "psi": [
      0.03047316921747385,
      -0.052499674577615604,
      0.005012714591973651,
      -0.0809618577301749,
      -0.05111800511410171,
      0.03822379695251395,
      0.048344834162248454,
      0.010891410331363623,
      0.07406392299130277,
      -0.02952941529716021,
      -0.11665082029153757,
      -0.07166314837246295,
      0.022288052349950314,
      -0.0036852598716799268,
      0.02595110906435266,
      0.001718237352804888,
      -0.027581234327487263,
      0.09555159755257141,
      0.030300280777418778,
      0.02025204317744562,
      0.02906046512976763,
      -0.07925084828472645,
      0.006029249391419265,
      0.09370956336840401,
      -0.04709619100979125,
      0.008896882626989093,
      0.005884196110715752,
      0.0020382734006646115,
      0.02740129236360238,
      -0.05058865478329104,
      0.04449277045512299,
      -0.09540065103521335,
      0.05491473947912934,
      0.03667728288060577,
      0.044962321505844706,
      -0.013863324224233274,
      0.015258764051263347,
      -0.03897333745727236,
      -0.011845389400661658,
      -0.004101804329549334,
      -0.1041198402744079,
      0.01930425210221537,
      -0.11437418979170627,
      -0.032785385170286487,
      0.021502362954681272,
      0.07639643179476507,
      0.047741433775608376,
      0.10099185601700407,
      0.08664640948822872,
      -0.044555411437530446,
      -0.018463606168142715,
      -0.0021885399715967624,
      0.07084029222609525,
      0.014203472660901845
    ]
  },
  "metrics_series": {
    "mse_train_noise": 0.019067164300121137,
    "mse_train_recovered": 0.024282082488512092,
    "delta_train_pct": -27.350255687248804,
    "mse_test_noise": 0.01895794215292774,
    "mse_test_recovered": 0.023560163393317624,
    "delta_test_pct": -24.275953599104906
  }
}