{
  "schema": {
    "name": "half_qae_bundle",
    "version": "1.0"
  },
  "timestamp": "2025-09-23 08:20:38",
  "dataset": {
    "id": "mackey_glass_tau30_n200",
    "scale_low": 0.2,
    "scale_high": 0.8,
    "window_size": 6,
    "window_step": 2,
    "split": 0.75
  },
  "run": {
    "instance_id": 4,
    "layer": 3,
    "sigma_eval": 0.2,
    "test_seed_fixed": 99123
  },
  "environment": {
    "device": "default.qubit",
    "reset_mode": "none"
  },
  "architecture": {
    "n_qubits": 6,
    "n_latent": 4,
    "n_trash": 2
  },
  "parameters": {
    "phi": [
      -1.0044542458554127,
      -0.8932135636971881,
      -0.14721197347486,
      0.44959719544232235,
      -0.17893166198440785,
      1.015439904613885,
      0.5402475823144154,
      -0.027539344224498843,
      -0.26546866192025376,
      -0.25658245020174564,
      0.5100158829591225,
      -0.56287067358329,
      -0.8918075186586556,
      0.9362213038946446,
      0.6953772725449764,
      -0.37627070315447897,
      1.1638554896700575,
      0.4229888313797867,
      -0.5228638856951155,
      -0.12365739446998181,
      0.19304008440941456,
      0.208018117836191,
      0.38372361298611474,
      -0.47871827883390056,
      0.24854752332199667,
      -0.17742475192140725,
      -0.009855758803341358,
      -1.315574710194817,
      0.04169112595695117,
      0.6675844657039757,
      -0.10921204077210064,
      -0.5574984993031096,
      -0.2996107287935773,
      -0.3778270321627396,
      0.15146246159750237,
      0.7110147144364598,
      1.2765250765044394,
      0.18100241325288527,
      -0.445539432604134,
      0.6872742341541194,
      -0.5077446398143128,
      1.1465538202398171,
      0.05332650897459472,
      -1.0209338729287212,
      6.069680250553756e-05,
      -0.8203110428706984,
      -0.8801308772297811,
      -0.6890943480565003,
      -0.23210534316707726,
      -2.023659406913929,
      -0.33849571587158395,
      -0.08647626709018397,
      -0.9743756622555454,
      -1.2258055325704167
    ],
    "psi": [
      -0.11839262218188878,
      -0.12578681215892187,
      -0.05032234279317405,
      0.06711523706875541,
      -0.002174701437289775,
      0.0627277540327428,
      0.058733171153829596,
      -0.0014349846190196652,
      -0.0037513134103431016,
      -0.043793202525248334,
      0.04439795100019943,
      -0.06420023367717956,
      0.06365914072475704,
      -0.026457312685015617,
      -0.006034437981111533,
      0.08514645520242883,
      -0.016888130561126584,
      0.012584689532087542,
      -0.08406624998934592,
      -0.08125642937377282,
      0.031692355069411725,
      0.04143642557486731,
      0.07828902373040988,
      -0.009935694158509652,
      0.04306341073991112,
      0.022390726838661106,
      -0.02858515197573311,
      -0.04611615563538696,
      -0.06501971567786657,
      -0.011884132909577199,
      0.013479839191768468,
      -0.04304977623762342,
      -0.0836764679243579,
      -0.003889251734854444,
      -0.04137085142547245,
      0.0034410991814823565,
      0.02618443110700479,
      -0.04814555186719184,
      -0.001649104409300278,
      -0.033638356535405325,
      -0.027548963990148775,
      0.07641014134290439,
      0.02206736204440107,
      -0.050181276289826014,
      -0.002018452277143148,
      -0.124369531008706,
      -0.038732413113280316,
      -0.05493614170649564,
      0.016247723652270986,
      -0.08337941578597273,
      -0.10173747013714568,
      -0.025997175112469344,
      -0.10894376628353115,
      -0.19361937526694956
    ]
  },
  "metrics_series": {
    "mse_train_noise": 0.019067164300121137,
    "mse_train_recovered": 0.02522272654518535,
    "delta_train_pct": -32.28357477899901,
    "mse_test_noise": 0.01895794215292774,
    "mse_test_recovered": 0.024382709706300132,
    "delta_test_pct": -28.614748951191558
  }
}