{
  "schema": {
    "name": "half_qae_bundle",
    "version": "1.0"
  },
  "timestamp": "2025-09-02 22:17:23",
  "dataset": {
    "id": "mackey_glass_n100",
    "scale_low": 0.2,
    "scale_high": 0.8,
    "window_size": 6,
    "window_stride": 1
  },
  "run": {
    "tag": "inst3_L3",
    "instance_id": 3,
    "seed": 3,
    "sigma_train": 0.1,
    "sigma_eval": 0.1
  },
  "architecture": {
    "n_qubits": 6,
    "n_layers": 3,
    "n_latent": 4,
    "n_trash": 2,
    "latent_wires": [
      0,
      1,
      2,
      3
    ],
    "trash_wires": [
      4,
      5
    ]
  },
  "training": {
    "stage1": {
      "lr_init": 0.01,
      "max_epochs": 120,
      "patience": 10,
      "lr_patience": 8,
      "best_val": 0.08322790533826585,
      "final_val": 0.08328559990548437,
      "best_epoch": 116,
      "epochs": 120,
      "train_curve": [
        0.47829005003323916,
        0.4649331068421228,
        0.4532610237683055,
        0.4366872950260169,
        0.4273691251090172,
        0.41411571299283156,
        0.40722344197609806,
        0.395430591131533,
        0.38119456290363185,
        0.3714126605873932,
        0.359044748898376,
        0.3480861271452681,
        0.336945216771882,
        0.3308666219044589,
        0.32236572816394077,
        0.3151546706273155,
        0.30750156880746954,
        0.3036783114229665,
        0.30096858512814256,
        0.2942186424972831,
        0.2873772381730997,
        0.2825187847694711,
        0.2777498796793628,
        0.2698828479800195,
        0.25951024112247917,
        0.257252796536561,
        0.24644403203710163,
        0.24161350406097903,
        0.23497393232134306,
        0.22931874166567637,
        0.2214426048049502,
        0.21478984359672246,
        0.21138656518676668,
        0.20314098043661766,
        0.20187925404904122,
        0.1958123759499404,
        0.19791511931520592,
        0.18910300491683948,
        0.18805128818940908,
        0.18276051794086748,
        0.18090226285150215,
        0.17413523178892198,
        0.17666442152996462,
        0.17356478274106235,
        0.17068250334593538,
        0.16704598611146196,
        0.16535315372087628,
        0.16380103569761226,
        0.16397375671797437,
        0.1655588832317999,
        0.15870420550785747,
        0.15842257715247346,
        0.1569874658049062,
        0.15640707099427092,
        0.15418529827624133,
        0.15628969215952104,
        0.15584181988067708,
        0.1514440889121883,
        0.15412094775580387,
        0.1523162846248322,
        0.14949537612551708,
        0.15165977161694577,
        0.14816268308137073,
        0.1450482642183833,
        0.14466914038521322,
        0.1449347324124587,
        0.1428655320553248,
        0.14329543267556033,
        0.1417240079517389,
        0.14100976794573428,
        0.14011651558268348,
        0.13588466392796061,
        0.1382421995132821,
        0.13642644173242482,
        0.13751956700689916,
        0.134288462870611,
        0.13492788189781077,
        0.13234472774415873,
        0.12959704855729737,
        0.12568199917781975,
        0.12668823453791356,
        0.12395256846598401,
        0.12368596332792432,
        0.12193563255513276,
        0.12194022550413663,
        0.11853655930116108,
        0.11717946934417914,
        0.11542965527216378,
        0.11469379888077759,
        0.1129378410921627,
        0.11311382145363774,
        0.11008156550495488,
        0.10944006243095797,
        0.10825698308707668,
        0.10831946575418833,
        0.10690827008852286,
        0.10546033748010264,
        0.10511214709353818,
        0.10417763063226104,
        0.10446355307821706,
        0.10301592150361871,
        0.10170247852471737,
        0.09995962895231524,
        0.1004891468036487,
        0.1004937147474283,
        0.09977548055741116,
        0.10014653857895114,
        0.09855730041164593,
        0.09897878888514214,
        0.09918693568598046,
        0.09753594670935176,
        0.09840936221429955,
        0.09779671170869766,
        0.0975867849856562,
        0.09803369091822899,
        0.09720181910583683,
        0.0975483503897482,
        0.09693543122235859,
        0.09741540844650626,
        0.09742087885133727
      ],
      "val_curve": [
        0.4527502014719364,
        0.43754134124809935,
        0.4234453990073836,
        0.41041752912626417,
        0.398062275655278,
        0.3862343778161727,
        0.37444487384776504,
        0.36244345560669106,
        0.35014065173943676,
        0.33763332205978003,
        0.3254182286452632,
        0.31376673369101277,
        0.3032279271465848,
        0.29391660349864085,
        0.2858976602582364,
        0.2788145363924135,
        0.2723156378597139,
        0.2659526655573961,
        0.2595459256370532,
        0.25318156590717544,
        0.24653037655029084,
        0.23959956159191148,
        0.23236530686382822,
        0.2248477350390012,
        0.21726601548571,
        0.20954558585497657,
        0.2019572265682367,
        0.19447284991875935,
        0.18724835842022602,
        0.18038934549726598,
        0.173950489875185,
        0.16798813155801093,
        0.16254161482542387,
        0.15767061716234274,
        0.15325358798672445,
        0.14937030159479503,
        0.14579168703487938,
        0.14269963352993736,
        0.13987911497366243,
        0.1373483517923903,
        0.13502278596897727,
        0.13298554222226514,
        0.13107522256615572,
        0.12936437449427138,
        0.12789022862953683,
        0.12662196248260252,
        0.12537270407555806,
        0.12423826329117815,
        0.1231499737820227,
        0.1220884703561175,
        0.12123937195707231,
        0.12036842849674007,
        0.11948702092945103,
        0.11868644537175238,
        0.11792170984859936,
        0.11711435430933688,
        0.11635444807621624,
        0.11571813866258542,
        0.11507142860828008,
        0.11436578612449928,
        0.11366263562107863,
        0.11293726181450102,
        0.11223715229445567,
        0.1115421087847369,
        0.11078116810321725,
        0.10996757847437531,
        0.10913954557146918,
        0.10835630130724566,
        0.10753010673799658,
        0.10670732277882798,
        0.10585282358491616,
        0.10510723172415792,
        0.10422565082011077,
        0.10338273296176097,
        0.10244950763589913,
        0.10155043285257676,
        0.10067891683367239,
        0.09977819644835415,
        0.09895162777854967,
        0.0981130866931779,
        0.09709647561499771,
        0.09608350112531609,
        0.09508843535847693,
        0.09412410113537552,
        0.09318899616516134,
        0.09236132390586585,
        0.09156169938926657,
        0.09083218387758292,
        0.09014234042859572,
        0.08946684377581612,
        0.08877001237481914,
        0.0882952087668143,
        0.08776980161529122,
        0.08725179520721414,
        0.08672467914123516,
        0.08628649651665268,
        0.0859943728949334,
        0.08561084427981382,
        0.08526115703292247,
        0.08491413094716437,
        0.08465776944858043,
        0.0844026462391211,
        0.08423602856319691,
        0.08402851880965417,
        0.08380917226856911,
        0.083649771089639,
        0.08349877918800792,
        0.08341149843502797,
        0.08334220308346188,
        0.08328777799429565,
        0.08328433720960098,
        0.08328754256909815,
        0.08328143901836031,
        0.0832859707764677,
        0.08324632540991905,
        0.0832564296763261,
        0.08322790533826585,
        0.08323745361363441,
        0.08324113312315129,
        0.08328559990548437
      ],