{
  "schema": {
    "name": "half_qae_bundle",
    "version": "1.0"
  },
  "timestamp": "2025-09-02 22:17:23",
  "dataset": {
    "id": "mackey_glass_n100",
    "scale_low": 0.2,
    "scale_high": 0.8,
    "window_size": 6,
    "window_stride": 1
  },
  "run": {
    "tag": "inst4_L3",
    "instance_id": 4,
    "seed": 4,
    "sigma_train": 0.1,
    "sigma_eval": 0.1
  },
  "architecture": {
    "n_qubits": 6,
    "n_layers": 3,
    "n_latent": 4,
    "n_trash": 2,
    "latent_wires": [
      0,
      1,
      2,
      3
    ],
    "trash_wires": [
      4,
      5
    ]
  },
  "training": {
    "stage1": {
      "lr_init": 0.01,
      "max_epochs": 120,
      "patience": 10,
      "lr_patience": 8,
      "best_val": 0.08840062827217735,
      "final_val": 0.08840062827217735,
      "best_epoch": 119,
      "epochs": 120,
      "train_curve": [
        0.5113797280065728,
        0.49813969208705966,
        0.48558299292244955,
        0.4736228224747003,
        0.46207158568614665,
        0.4508199114777728,
        0.44032497453500796,
        0.42761160584614677,
        0.4161851568202942,
        0.4061053175498458,
        0.3960508949234359,
        0.38609729315495384,
        0.3770348826682717,
        0.3694584108568176,
        0.36330269514148195,
        0.35467248313538524,
        0.3487376331892639,
        0.3423084039412696,
        0.3356529063191037,
        0.3288883464414454,
        0.32476798287943554,
        0.31789300586618063,
        0.3115911283135683,
        0.3055609380048857,
        0.30087161414829827,
        0.2962803939971037,
        0.2949821061628664,
        0.28748653218281883,
        0.2834612444385699,
        0.278329824242343,
        0.27607166547814965,
        0.2690219195405937,
        0.2672013161304268,
        0.2619570687703948,
        0.25660773997780595,
        0.25055356845654186,
        0.24699233984437075,
        0.24224480346295207,
        0.2394573234828672,
        0.2324290011730089,
        0.22453661827690502,
        0.2230258233196345,
        0.2149776111434319,
        0.20978514434711776,
        0.2077053146758252,
        0.20149730109824754,
        0.2008166874028925,
        0.1990422988215297,
        0.19381706986960973,
        0.19200420921000644,
        0.1871522506577047,
        0.17995322528897179,
        0.17852056369781993,
        0.17394610179976908,
        0.17383252571375873,
        0.16710723362424212,
        0.16509647487782148,
        0.16378912435396986,
        0.15967488683422595,
        0.15632835428815106,
        0.15517258523909416,
        0.15189910168203713,
        0.1479375576246832,
        0.14553053379803935,
        0.14429211734013,
        0.14048319875720314,
        0.13644880980854776,
        0.13704812419955176,
        0.13437389953233542,
        0.13110949341414785,
        0.13047473549195707,
        0.128694507022446,
        0.12540690443423985,
        0.12449798519182091,
        0.12414684588799947,
        0.12201305728989455,
        0.11922840657097994,
        0.11729621178422789,
        0.11787253262798744,
        0.11466390537524108,
        0.11696106138826658,
        0.11439413418184108,
        0.11457300519008295,
        0.11337203059553311,
        0.11247856266020254,
        0.10925046472446615,
        0.11073941530135942,
        0.11162265013696623,
        0.10910687237399377,
        0.11114402223767099,
        0.10844567101095846,
        0.10809984435097596,
        0.10701116658862836,
        0.10794977982230547,
        0.10623705367204322,
        0.10532809974416543,
        0.10588364758189413,
        0.10694331953157453,
        0.1046525210439749,
        0.1052373920385688,
        0.1045994410814923,
        0.10490107098091535,
        0.10419382258033291,
        0.10220772844259092,
        0.10380430764054155,
        0.10337168909887835,
        0.10455475288389066,
        0.10271226983800563,
        0.10270892226866364,
        0.10395317342828028,
        0.1027595110259912,
        0.10041519932664952,
        0.10195224612751275,
        0.1034732491567841,
        0.10276962707606044,
        0.1012711188934073,
        0.09970279615947188,
        0.1003564575345153,
        0.10227284257344806,
        0.10101569418055681
      ],
      "val_curve": [
        0.5093951954849093,
        0.4945223658072478,
        0.4801234121436011,
        0.46598972701675995,
        0.4521119534838074,
        0.4382302849513536,
        0.42442269303396063,
        0.4109960530717129,
        0.39819424949122467,
        0.38638550763779633,
        0.375777396112121,
        0.36619326842825456,
        0.3575108791209248,
        0.3494897024498278,
        0.3418067292237385,
        0.33435281221786756,
        0.3269810835162381,
        0.3197085650864409,
        0.3125803963199627,
        0.3056711460734779,
        0.29906006944852026,
        0.29274544871811375,
        0.2868024203882587,
        0.28115998389396063,
        0.27574465713329327,
        0.2704600567074962,
        0.26516893652840395,
        0.25992638291849274,
        0.25455075525122445,
        0.24910733746447433,
        0.24339937721982913,
        0.2375896396781114,
        0.23171233308979655,
        0.22585534643590643,
        0.2200181036542169,
        0.21434293265829255,
        0.20870294740974718,
        0.20327136934457002,
        0.1979927860484772,
        0.19300773225764492,
        0.18834194939871374,
        0.18380771839974444,
        0.17953176907354781,
        0.17552188968107785,
        0.1716168407552018,
        0.16782461891553996,
        0.16418398806809634,
        0.16074097704342413,
        0.1575275228435677,
        0.15437790642270177,
        0.15136791811940883,
        0.14853557879443735,
        0.1457489665816302,
        0.14298602001263033,
        0.140374090881904,
        0.13782659852912113,
        0.1353268173861311,
        0.13295469807554347,
        0.1305857280648542,
        0.12830489204641377,
        0.12607992480742167,
        0.1239278280736484,
        0.12183972835396026,
        0.11977241067370026,
        0.11780821067695718,
        0.11585355665254371,
        0.1139680966263427,
        0.11215051259717991,
        0.1104337988520644,
        0.10884139300295291,
        0.10731838568627636,
        0.10588413148599582,
        0.10453712043419548,
        0.10325280363826578,
        0.10199838712434452,
        0.10085491469189618,
        0.09982342031016186,
        0.0988671313911348,
        0.09799677547595344,
        0.09714991163902054,
        0.09638799034185981,
        0.09567799371381416,
        0.09504539832189618,
        0.09449223459597496,
        0.09400509007516654,
        0.09355820259098387,
        0.09311002868777969,
        0.09269609358309691,
        0.09237757616721153,
        0.09208703513969582,
        0.09183604347774005,
        0.0916236536763364,
        0.09143191300911843,
        0.0912758298366206,
        0.09115364488634121,
        0.09095857910108106,
        0.09078924848823196,
        0.09062745823601451,
        0.09048528355791,
        0.09034508379525669,
        0.0902217621704483,
        0.09009331798124297,
        0.08998842014564193,
        0.08992152831345072,
        0.08975171370237567,
        0.0895928926068007,
        0.08947100619780068,
        0.08939183107386665,
        0.08929844643000749,
        0.08917886260675341,
        0.08908146646086114,
        0.08904820777329975,
        0.08897299695197496,
        0.08886440803187873,
        0.08880636815795986,
        0.08874211889119445,
        0.08870886649743946,
        0.08859206263753187,
        0.08847740265106682,
        0.08840062827217735
      ],