{
  "schema": {
    "name": "half_qae_bundle",
    "version": "1.0"
  },
  "timestamp": "2025-09-23 06:20:34",
  "dataset": {
    "id": "mackey_glass_tau30_n200",
    "scale_low": 0.2,
    "scale_high": 0.8,
    "window_size": 6,
    "window_step": 2,
    "split": 0.75
  },
  "run": {
    "instance_id": 4,
    "layer": 3,
    "sigma_eval": 0.2,
    "test_seed_fixed": 99123
  },
  "environment": {
    "device": "default.qubit",
    "reset_mode": "none"
  },
  "architecture": {
    "n_qubits": 6,
    "n_latent": 2,
    "n_trash": 4
  },
  "parameters": {
    "phi": [
      -1.0044542457351842,
      -0.8932135636990344,
      -0.14721197350941403,
      0.44959719547164534,
      -0.1789316620340243,
      1.0154399045672655,
      -0.03856403934972265,
      -0.7025769321164896,
      0.35096510926363195,
      0.22736797628007688,
      0.9168740108354583,
      0.04101837062262258,
      -0.7872113213497995,
      0.7110041192334746,
      0.9458531721287813,
      -0.2606453424206127,
      1.1337293833673443,
      0.46180526830411694,
      -0.853490849800338,
      -0.07962693635087448,
      0.17694821208118366,
      0.21574320800308608,
      -0.16873102937566162,
      -0.039356307907363504,
      1.5689220936982353,
      -0.43924984063093575,
      -0.15721721826283683,
      -0.7630237397404364,
      0.3272377957923628,
      -0.1866084133699299,
      -0.13848085574183305,
      0.3954452036442487,
      -0.16200639250775187,
      -0.17330212808691928,
      0.14393490915018106,
      0.9134594300440844,
      1.2404696816823446,
      0.04723477976096273,
      -0.07312559020622854,
      0.32634236973129793,
      -0.12518694976036127,
      0.17963862849592968,
      -0.03654710407628591,
      -0.7112383708264095,
      -0.09596058597041207,
      -1.297405949054383,
      0.56444010517057,
      -0.2300188385429684,
      0.641335867026344,
      -1.2698682551447449,
      -0.23489574349452486,
      -0.5421967997066349,
      -1.0316604792033757,
      -0.9558151407347952
    ],
    "psi": [
      -0.1329884289676822,
      -0.12389512619315791,
      0.011335214403152475,
      0.04489956333548196,
      -0.053641134506543196,
      0.12035337532863176,
      0.06369301510279907,
      -0.022420008793664833,
      0.011622080081491308,
      -0.016420785533221002,
      0.027774650054393068,
      -0.06626970553928055,
      -0.002751916491424329,
      -0.03706803422848502,
      -0.011590900991803758,
      0.07191398340832462,
      0.032160070009271007,
      0.028306728218073385,
      -0.10197115313416912,
      -0.01012861280987895,
      0.014282086983122392,
      0.03799227674975759,
      0.05016959866631904,
      -0.03201796823386648,
      0.0029383414289083816,
      0.019829519706200515,
      0.021985697736532014,
      -0.0856990909329551,
      -0.035801041822121064,
      -0.009466504224257391,
      -0.021244741668792182,
      -0.030532330370397393,
      -0.021411903695737613,
      -0.0330590311822083,
      0.006537229632300196,
      0.04067836932170238,
      0.034507681623501194,
      -0.04661477885459383,
      -0.038102364217503716,
      -0.07477002262739973,
      -0.011750066278838924,
      0.11682296775515233,
      -0.034906050511711695,
      -0.052556978916935095,
      -0.0038847002675679292,
      -0.16667769864780718,
      -0.045509740727906964,
      -0.05161345307707323,
      -0.044243513759343316,
      -0.08136811405942183,
      -0.038303660172715547,
      -0.04550260102323351,
      -0.058639981166515726,
      -0.13015946488576816
    ]
  },
  "metrics_series": {
    "mse_train_noise": 0.019067164300121137,
    "mse_train_recovered": 0.0241557681342835,
    "delta_train_pct": -26.687785105675268,
    "mse_test_noise": 0.01895794215292774,
    "mse_test_recovered": 0.022763677981426297,
    "delta_test_pct": -20.07462517713625
  }
}