{
  "schema": {
    "name": "half_qae_bundle",
    "version": "1.0"
  },
  "timestamp": "2025-09-23 06:20:21",
  "dataset": {
    "id": "mackey_glass_tau30_n200",
    "scale_low": 0.2,
    "scale_high": 0.8,
    "window_size": 6,
    "window_step": 2,
    "split": 0.75
  },
  "run": {
    "instance_id": 2,
    "layer": 3,
    "sigma_eval": 0.2,
    "test_seed_fixed": 99123
  },
  "environment": {
    "device": "default.qubit",
    "reset_mode": "none"
  },
  "architecture": {
    "n_qubits": 6,
    "n_latent": 2,
    "n_trash": 4
  },
  "parameters": {
    "phi": [
      0.20084340199365447,
      -0.16309720417584464,
      0.06513407904478799,
      -0.6779230096112591,
      -0.14773024347883226,
      0.032565624123441335,
      1.0965375982392276,
      -0.2623219808014891,
      0.44253142722336897,
      -0.09812920180349201,
      -0.49394898538911525,
      0.05395794371735723,
      -0.5728466564907826,
      1.0201027511780498,
      0.5930313946503514,
      0.05649545162752869,
      -1.08442318082727,
      0.238267334735342,
      -0.007381263297956893,
      -0.26061198468668056,
      0.08316778138051861,
      -0.422994668840091,
      -0.09158303350783216,
      0.034516977568275584,
      -0.7504828027448175,
      -0.07962163271578807,
      -0.3738798172827234,
      0.10231799568197159,
      0.03393305519213629,
      -0.12832955511036426,
      0.36161599313985193,
      -0.1790463711309344,
      -0.3561325251447274,
      -0.005374248469806062,
      0.3396004757504726,
      -0.11401066882208498,
      -0.2458153641757471,
      0.042802227566663034,
      0.04258661929421838,
      0.8183471159863048,
      0.1101236189169324,
      -0.16352485381751303,
      -0.7563270145901125,
      -0.6079303097806513,
      0.14613100892828426,
      0.1681579213186685,
      0.689680465190773,
      0.03988478220209142,
      0.8752237550539123,
      -1.260701948954513,
      0.031650640221960534,
      -0.7156710739494387,
      1.457222935094214,
      0.1429893590036839
    ],
    "psi": [
      0.03261126362760943,
      -0.04234479614366872,
      0.020283896192046694,
      -0.10163061723944274,
      -0.03169532270113611,
      0.015157070346572467,
      0.03810761911669701,
      0.004990950819681213,
      0.07883638577747219,
      -0.009857292066639215,
      -0.10416869194429601,
      -0.06353927253441677,
      0.02174450188078682,
      -0.012606754749338117,
      0.019082709863611,
      -0.01718317203155079,
      -0.03814669726377416,
      0.08487821774167126,
      -0.028592760144177307,
      -0.04957363931648545,
      0.02501369632076829,
      -0.053284966019640376,
      0.017558442937497493,
      0.03547683010320719,
      -0.02665525488169132,
      0.023440144362783525,
      -0.005872989691444681,
      0.039684307269972685,
      -0.02493687299848202,
      -0.012723208271402163,
      0.01900185273704915,
      -0.09819656489599365,
      0.007666492041653882,
      -0.020802870216316847,
      0.04526850425991826,
      -0.014770519689445899,
      -0.033687792641696836,
      -0.052471471033723925,
      -0.03445114930538092,
      0.030775633484430555,
      -0.043717221304837864,
      0.01297824712529354,
      -0.10375696491045369,
      0.009435104444123958,
      0.0189356074920068,
      0.07994643926470783,
      0.05462069965839919,
      0.029366906160770367,
      0.016567556715388315,
      -0.024258954013546778,
      0.026662381745060443,
      -0.0487103221962095,
      0.027278105301349834,
      0.050422555250144996
    ]
  },
  "metrics_series": {
    "mse_train_noise": 0.019067164300121137,
    "mse_train_recovered": 0.024610399480179082,
    "delta_train_pct": -29.0721530103075,
    "mse_test_noise": 0.01895794215292774,
    "mse_test_recovered": 0.024542267678640935,
    "delta_test_pct": -29.456390786859686
  }
}