{
  "schema": {
    "name": "half_qae_bundle",
    "version": "1.0"
  },
  "timestamp": "2025-09-02 23:54:14",
  "dataset": {
    "id": "mackey_glass_n100",
    "scale_low": 0.2,
    "scale_high": 0.8,
    "window_size": 6,
    "window_stride": 1
  },
  "run": {
    "tag": "inst4_L3",
    "instance_id": 4,
    "seed": 4,
    "sigma_train": 0.1,
    "sigma_eval": 0.1
  },
  "architecture": {
    "n_qubits": 6,
    "n_layers": 3,
    "n_latent": 2,
    "n_trash": 4,
    "latent_wires": [
      0,
      1
    ],
    "trash_wires": [
      2,
      3,
      4,
      5
    ]
  },
  "training": {
    "stage1": {
      "lr_init": 0.01,
      "max_epochs": 120,
      "patience": 10,
      "lr_patience": 8,
      "best_val": 0.1054103407513646,
      "final_val": 0.1054103407513646,
      "best_epoch": 119,
      "epochs": 120,
      "train_curve": [
        0.5025748355222533,
        0.4929122933321954,
        0.48400070430355224,
        0.4753698601159787,
        0.46601527694105144,
        0.4579408656687703,
        0.4501209762722176,
        0.44005204940972853,
        0.43233597611953073,
        0.4241598697368256,
        0.4162047698496628,
        0.40890165946563345,
        0.40128073758688604,
        0.3942448455342734,
        0.3894190661210749,
        0.3822562454246809,
        0.3776519806790324,
        0.37216697849008523,
        0.368642459619152,
        0.3637673535957674,
        0.3613117641375353,
        0.3572531983573177,
        0.35382779307966017,
        0.35005388480199295,
        0.34748526947290703,
        0.34416740432470416,
        0.344866851514637,
        0.3396161332256948,
        0.3382665491815358,
        0.33445342661319777,
        0.33346709677021724,
        0.3307637492948357,
        0.3291613799339924,
        0.32674354128397476,
        0.32467392031796677,
        0.3216179411111413,
        0.32011878341964656,
        0.31688203376942264,
        0.3155411773237391,
        0.31174823188280276,
        0.30624201685741387,
        0.30440267652713826,
        0.3015442347315124,
        0.29478221004833394,
        0.293204317503158,
        0.28805994294667053,
        0.2862259067853394,
        0.28329185783698557,
        0.27810719383552884,
        0.2748303237455034,
        0.2697237333797388,
        0.2636709338591491,
        0.2602842276983881,
        0.25623234495958935,
        0.25428259451602075,
        0.24947464769767558,
        0.24672543478607292,
        0.2445825965963735,
        0.24034593235819282,
        0.2372634428135177,
        0.23437900096654918,
        0.23144491610451576,
        0.2272587337680308,
        0.22497407299619665,
        0.22241252808214368,
        0.2183347083627273,
        0.21375392974351576,
        0.2135596854438767,
        0.20941252721393447,
        0.20385657291978104,
        0.20211961959357927,
        0.19885159532007296,
        0.19403388085007212,
        0.1910311125450902,
        0.19270731624596413,
        0.18710309041077916,
        0.18244226539557282,
        0.18047524239345175,
        0.17852332157879514,
        0.17517999624058325,
        0.17693089527873956,
        0.17063296749276793,
        0.17128177744394532,
        0.16921697662863838,
        0.16752112807278147,
        0.1640473525014654,
        0.1638030552499199,
        0.16462288162146194,
        0.1579857219783441,
        0.16156686416610933,
        0.15568297961834407,
        0.15516217269866445,
        0.15176452145741048,
        0.151955658614232,
        0.14840666606183192,
        0.14754597466924502,
        0.14823510854800193,
        0.14791195034707932,
        0.14503912293351387,
        0.14346612702585268,
        0.14267643781053502,
        0.1402635073229199,
        0.14033224303595188,
        0.13599732045729954,
        0.13738123439233751,
        0.1380310839276872,
        0.13774823443511236,
        0.1351723240477091,
        0.13724665493319382,
        0.13527325113854974,
        0.1319515745245206,
        0.1307898674331666,
        0.13270988716545376,
        0.1336936448921112,
        0.1320793279210422,
        0.13017149409714393,
        0.13029029309724854,
        0.12993793886058053,
        0.13138208128693502,
        0.12851469923799283
      ],
      "val_curve": [
        0.5009972869856927,
        0.49052087263620653,
        0.4800641561921564,
        0.4695580213221716,
        0.4591293999793687,
        0.448848106505862,
        0.43876758691263656,
        0.42892880359414454,
        0.4192216280246889,
        0.4098041010332698,
        0.40086785854991175,
        0.3923791309281624,
        0.3843803460505164,
        0.376890142747508,
        0.3698320703121486,
        0.3632489004867813,
        0.35711430759320595,
        0.35152601544121415,
        0.3464934327151341,
        0.34202827104986905,
        0.3380799824522078,
        0.33457194286129893,
        0.3314582573046181,
        0.32861489719918163,
        0.32598558144640266,
        0.3235743475120298,
        0.3213259392848042,
        0.31924820712601987,
        0.3172629424250357,
        0.3153313647626517,
        0.3133608945560277,
        0.31133160332671106,
        0.30921025809002395,
        0.30700095080236073,
        0.30466311306937205,
        0.30219476541981816,
        0.29953594072969836,
        0.29669001141098894,
        0.29362751275492893,
        0.29036616172412427,
        0.2869109641771152,
        0.2832049981047266,
        0.2793101881281811,
        0.2752273162412787,
        0.27096960706805967,
        0.2665875775917645,
        0.2621073662478224,
        0.2576331593243004,
        0.25321346330494404,
        0.24882601746337818,
        0.2445296076856104,
        0.24037304966046483,
        0.23629117453666032,
        0.23233160221243898,
        0.22858130749484507,
        0.2250684830171335,
        0.22169876818688247,
        0.21851679350313563,
        0.2154556625772065,
        0.21251662356540757,
        0.20962696142756534,
        0.20681233538970326,
        0.2040310020915366,
        0.20114038379516716,
        0.19825116338110818,
        0.19519488509177002,
        0.19204614111405185,
        0.18866198685718982,
        0.18527803695799408,
        0.18190132446884108,
        0.1784566022231949,
        0.1750500371025024,
        0.17169145239290792,
        0.16835060728627055,
        0.16506206376288807,
        0.16188415895908442,
        0.1588279027441756,
        0.15585912972885962,
        0.15293573906688818,
        0.15025140790281025,
        0.14766215540017621,
        0.14526103392848513,
        0.14297934994526318,
        0.1408166817817065,
        0.13874551375817043,
        0.13676002024787404,
        0.13479156232189404,
        0.13286851510621206,
        0.13109730855636695,
        0.1293507503870118,
        0.1276840108835446,
        0.1260848209977884,
        0.1245598475832444,
        0.12310402177861443,
        0.12172240524611404,
        0.12033318106204245,
        0.11895788221521586,
        0.1176396161669478,
        0.11640900129510674,
        0.11531708948411336,
        0.11432662688072795,
        0.11346328495771568,
        0.11265871170707834,
        0.11198476730340616,
        0.11127206008589603,
        0.1105501853164553,
        0.10990729090057316,
        0.10929561488396292,
        0.10865829650943394,
        0.10817014996152427,
        0.10780572264573794,
        0.10746163390193049,
        0.10707833869811431,
        0.10675787425789386,
        0.10651493068694834,
        0.10629859253794273,
        0.10606782138463582,
        0.10580340948125523,
        0.10554150656455773,
        0.1054103407513646
      ],