{
  "schema": {
    "name": "half_qae_bundle",
    "version": "1.0"
  },
  "timestamp": "2025-09-02 23:54:14",
  "dataset": {
    "id": "mackey_glass_n100",
    "scale_low": 0.2,
    "scale_high": 0.8,
    "window_size": 6,
    "window_stride": 1
  },
  "run": {
    "tag": "inst2_L3",
    "instance_id": 2,
    "seed": 2,
    "sigma_train": 0.1,
    "sigma_eval": 0.1
  },
  "architecture": {
    "n_qubits": 6,
    "n_layers": 3,
    "n_latent": 2,
    "n_trash": 4,
    "latent_wires": [
      0,
      1
    ],
    "trash_wires": [
      2,
      3,
      4,
      5
    ]
  },
  "training": {
    "stage1": {
      "lr_init": 0.01,
      "max_epochs": 120,
      "patience": 10,
      "lr_patience": 8,
      "best_val": 0.10289196556712554,
      "final_val": 0.10289196556712554,
      "best_epoch": 119,
      "epochs": 120,
      "train_curve": [
        0.49912038236102485,
        0.4883059965711484,
        0.4808597874339787,
        0.47209762079261497,
        0.46539212311572054,
        0.46057861250808046,
        0.45644026249911274,
        0.4523421466413551,
        0.4499372454077579,
        0.4474453703101561,
        0.445272095514181,
        0.44283878576338365,
        0.43912733189749775,
        0.43686051545357074,
        0.4342730462612687,
        0.432994644799751,
        0.4299478098933895,
        0.4289641283160399,
        0.42626796450793264,
        0.42513323235363165,
        0.42232005048910415,
        0.4192829954761397,
        0.41834491755145453,
        0.4163851977127696,
        0.4143867209526732,
        0.4118119501558688,
        0.40953049729604774,
        0.40721473183180434,
        0.4063024472964089,
        0.40497005383432594,
        0.4034910121031713,
        0.4005526500972576,
        0.3985282288380223,
        0.39441555140869394,
        0.39501612968266003,
        0.3934647580902959,
        0.38911485299318327,
        0.38923089285403123,
        0.38374659683107537,
        0.38311658182414315,
        0.3803633993718587,
        0.3790633577312147,
        0.3761473554526811,
        0.3726530339511733,
        0.36896063307387694,
        0.3671891279548322,
        0.3598449284055526,
        0.3616519930648994,
        0.35598036968641955,
        0.35298416279440803,
        0.3508174130410828,
        0.3454301216608474,
        0.34142423712186365,
        0.33731026903760475,
        0.3319420291266196,
        0.32691451349612555,
        0.3259899635718334,
        0.3185465527896007,
        0.31414929415517556,
        0.31199068008543346,
        0.3044928247552895,
        0.30047365839188966,
        0.2971554292631373,
        0.29408166488077203,
        0.28744288078106184,
        0.2847388396521183,
        0.2817960730435325,
        0.27625747461239725,
        0.2738816935714005,
        0.27058405168205646,
        0.26785364653768484,
        0.26355740460030286,
        0.2625950361447759,
        0.2598933189182541,
        0.2556480859803496,
        0.25502826159835856,
        0.254605187828592,
        0.2522512716097103,
        0.2498220566559945,
        0.24637546654319287,
        0.24411499140821774,
        0.24122751130211895,
        0.2401648036817437,
        0.2387009942440454,
        0.23658900599465998,
        0.2341408395819226,
        0.23126271057024417,
        0.22851212200405366,
        0.22479462665334882,
        0.22276605222004472,
        0.2184678225540631,
        0.2153875501623122,
        0.20775584497739205,
        0.20430174110466942,
        0.1994751848291847,
        0.19281781523366157,
        0.18815740566622619,
        0.18222952870739414,
        0.17739300324806967,
        0.1720264247158249,
        0.16742090347625777,
        0.1642180363999807,
        0.1599798721556565,
        0.15152151130083485,
        0.15083234719017607,
        0.1466358704844581,
        0.14792270244943878,
        0.14575741150237026,
        0.13995874198535224,
        0.13993384665204628,
        0.1394454941038838,
        0.13747993495941846,
        0.1356849146782333,
        0.13740722997128169,
        0.13558275027446753,
        0.13388791352817847,
        0.13224656078342795,
        0.13338606391092556,
        0.13382791988168558,
        0.13353205784424285
      ],
      "val_curve": [
        0.48127290783332033,
        0.47221670501287716,
        0.4638512288954459,
        0.45661556216078575,
        0.45068924218421375,
        0.44605599236344434,
        0.44247956614736444,
        0.4395377678785324,
        0.4367679939547378,
        0.43384973692356077,
        0.43064073929620544,
        0.4272616093649565,
        0.4238784315714332,
        0.4206208970484463,
        0.41763118067643173,
        0.4149033426971904,
        0.41242318302458264,
        0.41004613844290144,
        0.4077345548415786,
        0.40544973713661436,
        0.4032004922593546,
        0.4010360752230482,
        0.39889866378250316,
        0.39681765047168027,
        0.39473677924274303,
        0.3926524416157761,
        0.3905076880250183,
        0.3883424597744602,
        0.3860990085212614,
        0.38384663399342717,
        0.3815727169758922,
        0.3792865514909793,
        0.37690598715398554,
        0.37448183658156664,
        0.3718985978331152,
        0.36926427225043357,
        0.36657177145896525,
        0.36372264301650237,
        0.3607932831453811,
        0.35766641046863845,
        0.3545169982287821,
        0.35119859169276263,
        0.347824068565771,
        0.34439011539240477,
        0.3408870283143913,
        0.33734503985613623,
        0.3338176330430965,
        0.33012455115116646,
        0.3264291372472696,
        0.3226485828174028,
        0.3187880417545664,
        0.3148843435114492,
        0.31089356311842664,
        0.3066896286789283,
        0.3023530337758725,
        0.2979362474513292,
        0.2934649771331337,
        0.28913654907202835,
        0.28489327852691154,
        0.2808447478246646,
        0.2770166458416985,
        0.2734129753355378,
        0.26997888835288153,
        0.2666681309866057,
        0.2635867517732895,
        0.26055436296541346,
        0.2576441737896391,
        0.25486701864057154,
        0.2521111592537802,
        0.24949450650896282,
        0.24696135235586458,
        0.24458133569631246,
        0.24229837122773473,
        0.24014989056756056,
        0.23813515281982198,
        0.23621105781201202,
        0.23441710493527435,
        0.23270265354602468,
        0.23109402204458002,
        0.2294771461870505,
        0.22785587388938403,
        0.22614846344932182,
        0.22436690680348792,
        0.22245358582201358,
        0.22037695705620514,
        0.2181703937412796,
        0.21573320954016958,
        0.21292731006603985,
        0.20967157047786292,
        0.205851609561403,
        0.20150295043678082,
        0.19662700199260202,
        0.19130181964920875,
        0.18543417433081197,
        0.17915554018860358,
        0.17260396020122923,
        0.1658210123732075,
        0.15914070655290805,
        0.15266216459913431,
        0.14649875923908354,
        0.14069714085790022,
        0.13535199039379917,
        0.13064033965334182,
        0.12662229299318895,
        0.12301935408782634,
        0.11997257057942824,
        0.11713234114802897,
        0.11475067928026614,
        0.11288648136605807,
        0.11121524091888876,
        0.10975708443334473,
        0.10848060446131051,
        0.1073238395575929,
        0.1062279088390508,
        0.1053211741390635,
        0.10462865356230791,
        0.10416980176721131,
        0.1036871521057596,
        0.10318859427808026,
        0.10289196556712554
      ],