{
  "schema": {
    "name": "full_qae_bundle",
    "version": "1.0"
  },
  "timestamp": "2025-09-08 12:00:25",
  "dataset": {
    "id": "MG_bench",
    "scale_low": 0.2,
    "scale_high": 0.8,
    "window_size": 4,
    "window_stride": 1
  },
  "run": {
    "tag": "inst3_L3",
    "instance_id": 3,
    "seed": 10025,
    "sigma_train": 0.1,
    "sigma_eval": 0.1
  },
  "architecture": {
    "n_qubits": 4,
    "n_layers": 3,
    "n_latent": 3,
    "n_trash": 1,
    "latent_wires": [
      0,
      1,
      2
    ],
    "trash_wires": [
      3
    ],
    "decoder_mode": "adjoint_encoder"
  },
  "training": {
    "stage1": {
      "lr_init": 0.0,
      "max_epochs": 0,
      "patience": 0,
      "lr_patience": 0,
      "best_val": NaN,
      "final_val": NaN,
      "best_epoch": -1,
      "epochs": 0,
      "train_curve": [],
      "val_curve": [],
      "lr_curve": [],
      "train_seconds": NaN
    },
    "stage3": {
      "lr_init": 0.5,
      "max_epochs": 120,
      "patience": 0,
      "plateau_steps": 0,
      "plateau_factor": 1.0,
      "best_val_mse": 0.0024126629001904815,
      "final_val_mse": 0.0029761060694048084,
      "best_epoch": 74,
      "epochs": 120,
      "train_curve": [
        0.07912906741499273,
        0.1966749313363683,
        0.28354625729024696,
        0.36607109813967725,
        0.3096346031486336,
        0.17898883290539516,
        0.13990190600315908,
        0.16533544923025584,
        0.1676424475574319,
        0.09771357698410595,
        0.07077213715084586,
        0.04037541128797984,
        0.02552952420722185,
        0.039106683424596896,
        0.02784610201533026,
        0.027071935890399842,
        0.01833552898091474,
        0.02750632601738387,
        0.02308149377198364,
        0.022048102762860008,
        0.01618942830207716,
        0.01428554495773131,
        0.01238425925959198,
        0.010359973046922833,
        0.00943605482457237,
        0.008577394279845947,
        0.008515508614986062,
        0.008811333898859106,
        0.007788102470987869,
        0.007019836855943195,
        0.008212393670778757,
        0.007093519603112042,
        0.007068074368624625,
        0.00635100202764508,
        0.006215326199260607,
        0.006119905815438053,
        0.005361907669006619,
        0.005064046774818965,
        0.004724742844240667,
        0.004694054254780206,
        0.005141175410124331,
        0.004008955953526891,
        0.004327172879840908,
        0.003679515073997622,
        0.00398147805654873,
        0.003488990830689098,
        0.003911945652361394,
        0.003904337984480907,
        0.0036634913994341347,
        0.003863464709683578,
        0.0034420191775897248,
        0.004038557044680482,
        0.0035237053014688853,
        0.0038871058976336944,
        0.003470542636951142,
        0.003489137060329954,
        0.0037822600416759977,
        0.003052536390176038,
        0.0033649186823329416,
        0.0030413729593328294,
        0.003165438388127001,
        0.003222015190964002,
        0.003158767109221243,
        0.002965099803688682,
        0.0035083185735643114,
        0.003007868240757366,
        0.003469945512483084,
        0.004731621490042849,
        0.0035589948866900103,
        0.0027302802434962456,
        0.003627209958630695,
        0.002744934981569281,
        0.0032365985083994226,
        0.0031542132965404843,
        0.0024126629001904815,
        0.0026306123972385186,
        0.002801279273502016,
        0.0030434533515071483,
        0.0028865693521107796,
        0.002547439456608225,
        0.003131123699835039,
        0.0036187772240447043,
        0.002649169374257155,
        0.0030650524474762917,
        0.0038088995636645817,
        0.002794269390858565,
        0.0026185796321161257,
        0.0026896616570696663,
        0.0027936183399384436,
        0.002986024574107551,
        0.00525771170537524,
        0.003830276811522607,
        0.0024583577660326527,
        0.003852722533740018,
        0.003930957734136217,
        0.0038394503903765027,
        0.0026644757849143136,
        0.00366844905579787,
        0.003983710495470744,
        0.0026525638917980657,
        0.003070274183114574,
        0.004004541127707468,
        0.002670471071903204,
        0.0029077775936421483,
        0.0033608755994883866,
        0.0024527596750385902,
        0.003502610954585673,
        0.005033244441422875,
        0.0034857369176329997,
        0.0027489193105966446,
        0.004293034317475813,
        0.0027396101945058034,
        0.0031964397024909943,
        0.003525722716504614,
        0.0030249871360756714,
        0.003515292780506851,
        0.003922813128544202,
        0.0033221684881649385,
        0.0027365546315978426,
        0.0029761060694048084
      ],