{
  "schema": {
    "name": "full_qae_bundle",
    "version": "1.0"
  },
  "timestamp": "2025-09-08 11:55:47",
  "dataset": {
    "id": "MG_bench",
    "scale_low": 0.2,
    "scale_high": 0.8,
    "window_size": 4,
    "window_stride": 1
  },
  "run": {
    "tag": "inst2_L3",
    "instance_id": 2,
    "seed": 10024,
    "sigma_train": 0.1,
    "sigma_eval": 0.1
  },
  "architecture": {
    "n_qubits": 4,
    "n_layers": 3,
    "n_latent": 3,
    "n_trash": 1,
    "latent_wires": [
      0,
      1,
      2
    ],
    "trash_wires": [
      3
    ],
    "decoder_mode": "adjoint_encoder"
  },
  "training": {
    "stage1": {
      "lr_init": 0.0,
      "max_epochs": 0,
      "patience": 0,
      "lr_patience": 0,
      "best_val": NaN,
      "final_val": NaN,
      "best_epoch": -1,
      "epochs": 0,
      "train_curve": [],
      "val_curve": [],
      "lr_curve": [],
      "train_seconds": NaN
    },
    "stage3": {
      "lr_init": 0.5,
      "max_epochs": 120,
      "patience": 0,
      "plateau_steps": 0,
      "plateau_factor": 1.0,
      "best_val_mse": 0.001830073613584824,
      "final_val_mse": 0.0025708258310920794,
      "best_epoch": 101,
      "epochs": 120,
      "train_curve": [
        0.05424432520989877,
        0.3499732273141988,
        0.4002086516827236,
        0.13653422710751767,
        0.4055651743718564,
        0.1621047015609076,
        0.17723949432467154,
        0.1805437690903085,
        0.09450240292437947,
        0.04668042273152892,
        0.0709367307636402,
        0.07727524418282322,
        0.042550694485605445,
        0.042607605876770406,
        0.02740954659316099,
        0.024963596513648656,
        0.0357130742167302,
        0.029214045636434642,
        0.030175904406143803,
        0.025931897882757515,
        0.01917524494028838,
        0.015662065723616357,
        0.015677373252541964,
        0.01385116383947167,
        0.011718762384642875,
        0.01054952213952733,
        0.008018884765590963,
        0.00859023631986438,
        0.007111435373188384,
        0.006958311558203161,
        0.005743425643112449,
        0.005819092282449508,
        0.0047506445593577225,
        0.006785404640857087,
        0.0046440581650210675,
        0.00681714062058761,
        0.007193537079107956,
        0.005134163044693924,
        0.005159548652773346,
        0.003973604268810471,
        0.004254031309737705,
        0.003999480533596373,
        0.00423768606342757,
        0.004119677449173495,
        0.003152179926953557,
        0.0038892914139616796,
        0.004374363609896567,
        0.003926836820305895,
        0.0030634645347086538,
        0.0038162145787022845,
        0.0031101892320159114,
        0.0031328601293179065,
        0.0028878528983275623,
        0.002938812217249253,
        0.003037129140415285,
        0.00260512903375152,
        0.002531270964380254,
        0.0025795654433477663,
        0.002686509044753905,
        0.002865938881187422,
        0.00252381667206004,
        0.002384449360128514,
        0.0030962130895268833,
        0.002448573804466459,
        0.0028003138627484274,
        0.004202996711698902,
        0.004129127123667374,
        0.002530374113551136,
        0.0029627371569056183,
        0.0039624817186068514,
        0.003208555310825841,
        0.0024550887135328893,
        0.004729774865018349,
        0.004310016080469193,
        0.002703054737163282,
        0.004586445611516825,
        0.004093870512132225,
        0.001954740211726665,
        0.003453639347561593,
        0.0026694221813949263,
        0.0027896587343382204,
        0.0032174421157824956,
        0.001975500006582929,
        0.002725397688500246,
        0.002801446254895806,
        0.002249999955462226,
        0.0021798314693151845,
        0.0022355795097727033,
        0.002407557965586832,
        0.0021135868454652536,
        0.002333739736203531,
        0.0035409000011102447,
        0.0030728009329655708,
        0.0022172621170776993,
        0.002084424413918368,
        0.0024659782023268074,
        0.002170335495550372,
        0.0019454973937795884,
        0.0022741231394792396,
        0.0020705780509193894,
        0.002210562254619322,
        0.001830073613584824,
        0.002244622816620871,
        0.0018523676249703105,
        0.002092219291922264,
        0.0024632368607816913,
        0.0032654222389780284,
        0.0021746264225818678,
        0.0019454481916080038,
        0.0033301167047662603,
        0.0029407887665239855,
        0.0019487506395896102,
        0.0028241488911797796,
        0.0021953650195064736,
        0.002128549378941832,
        0.0021366476456578195,
        0.002184105060635708,
        0.002801327715880613,
        0.0024060380385609085,
        0.0025708258310920794
      ],