{
  "schema": {
    "name": "full_qae_bundle",
    "version": "1.0"
  },
  "timestamp": "2025-09-08 12:09:39",
  "dataset": {
    "id": "MG_bench",
    "scale_low": 0.2,
    "scale_high": 0.8,
    "window_size": 4,
    "window_stride": 1
  },
  "run": {
    "tag": "inst5_L3",
    "instance_id": 5,
    "seed": 10027,
    "sigma_train": 0.1,
    "sigma_eval": 0.1
  },
  "architecture": {
    "n_qubits": 4,
    "n_layers": 3,
    "n_latent": 3,
    "n_trash": 1,
    "latent_wires": [
      0,
      1,
      2
    ],
    "trash_wires": [
      3
    ],
    "decoder_mode": "adjoint_encoder"
  },
  "training": {
    "stage1": {
      "lr_init": 0.0,
      "max_epochs": 0,
      "patience": 0,
      "lr_patience": 0,
      "best_val": NaN,
      "final_val": NaN,
      "best_epoch": -1,
      "epochs": 0,
      "train_curve": [],
      "val_curve": [],
      "lr_curve": [],
      "train_seconds": NaN
    },
    "stage3": {
      "lr_init": 0.5,
      "max_epochs": 120,
      "patience": 0,
      "plateau_steps": 0,
      "plateau_factor": 1.0,
      "best_val_mse": 0.0016977248119009359,
      "final_val_mse": 0.071849377062006,
      "best_epoch": 96,
      "epochs": 120,
      "train_curve": [
        0.07037031323063289,
        0.38441324209997857,
        0.13645506987991618,
        0.32731673818151347,
        0.2398578538322742,
        0.2931166079561484,
        0.2475934679041289,
        0.15122570134906752,
        0.1182449101608717,
        0.11219021932415597,
        0.06257574893972628,
        0.026518693730760018,
        0.02851445916807222,
        0.054854516656917436,
        0.031338084407376635,
        0.02530686398853434,
        0.052930417434738614,
        0.02764284830848197,
        0.02697985546446552,
        0.023636140170458026,
        0.02853232340996346,
        0.023894802265719495,
        0.015010419146618686,
        0.01618530816167918,
        0.00999677623878911,
        0.014694227388375872,
        0.014269177486569425,
        0.0098073435161422,
        0.011436917937207783,
        0.010758932044224205,
        0.009387935561355084,
        0.008272155357759787,
        0.008248957424861085,
        0.009064169039353935,
        0.009655079168512166,
        0.008888949203504835,
        0.008028090141176345,
        0.007860491942261733,
        0.006664601756879732,
        0.007304623758762739,
        0.0062459487084908566,
        0.005790035537859921,
        0.004951549159855301,
        0.004520012912893219,
        0.004463197445410376,
        0.004187634292240155,
        0.004422847160165487,
        0.003987312538088301,
        0.00404637301403013,
        0.0031195446960338574,
        0.00320216449847886,
        0.003397807363103304,
        0.0034248817381682707,
        0.003290969959100993,
        0.0034873293898266583,
        0.0031126934845291093,
        0.0033585149891063037,
        0.0027359291325832775,
        0.0021920890836190036,
        0.002376108781618331,
        0.002945394492626203,
        0.0027456727928700606,
        0.002264654392435211,
        0.0020524977042967016,
        0.001995722628182854,
        0.0022667312975800037,
        0.0022440506097373275,
        0.0022200644504595103,
        0.002333578899162425,
        0.002180765826807898,
        0.0022342996438389617,
        0.002230705565175095,
        0.0024386677762791376,
        0.0022517158433157853,
        0.0026866208915435922,
        0.0018104116562379425,
        0.002487713574286039,
        0.002608596012970771,
        0.0025231458276017333,
        0.0020478681928155613,
        0.0020774090317000507,
        0.002369511087854104,
        0.0034961923198194135,
        0.0029324853563296375,
        0.0024950813836988094,
        0.0030502088667604442,
        0.0020193417566686444,
        0.0028992616196353953,
        0.002035009283037019,
        0.002156322925991532,
        0.002413066136793295,
        0.001940456955822383,
        0.002333732995987915,
        0.0022346816328626894,
        0.002070689761871378,
        0.0021022132321035086,
        0.0016977248119009359,
        0.0023078852338161418,
        0.00210404166229988,
        0.001846728611393568,
        0.0019010627843249457,
        0.0018182106282680097,
        0.0021715810787049017,
        0.0021098225042508727,
        0.0023349891956963072,
        0.0022763644718945056,
        0.002592919293962742,
        0.0021035844664799032,
        0.002249722298978367,
        0.0034411366158845153,
        0.0025649683995487265,
        0.01595309674758389,
        0.6738606127463974,
        0.2829816310680334,
        0.18872708788644943,
        0.21818335363843147,
        0.20670401563982654,
        0.2260838260004446,
        0.15449473421031587,
        0.071849377062006
      ],