{
  "schema": {
    "name": "full_qae_bundle",
    "version": "1.0"
  },
  "timestamp": "2025-09-08 12:05:02",
  "dataset": {
    "id": "MG_bench",
    "scale_low": 0.2,
    "scale_high": 0.8,
    "window_size": 4,
    "window_stride": 1
  },
  "run": {
    "tag": "inst4_L3",
    "instance_id": 4,
    "seed": 10026,
    "sigma_train": 0.1,
    "sigma_eval": 0.1
  },
  "architecture": {
    "n_qubits": 4,
    "n_layers": 3,
    "n_latent": 3,
    "n_trash": 1,
    "latent_wires": [
      0,
      1,
      2
    ],
    "trash_wires": [
      3
    ],
    "decoder_mode": "adjoint_encoder"
  },
  "training": {
    "stage1": {
      "lr_init": 0.0,
      "max_epochs": 0,
      "patience": 0,
      "lr_patience": 0,
      "best_val": NaN,
      "final_val": NaN,
      "best_epoch": -1,
      "epochs": 0,
      "train_curve": [],
      "val_curve": [],
      "lr_curve": [],
      "train_seconds": NaN
    },
    "stage3": {
      "lr_init": 0.5,
      "max_epochs": 120,
      "patience": 0,
      "plateau_steps": 0,
      "plateau_factor": 1.0,
      "best_val_mse": 0.0020798922422104685,
      "final_val_mse": 0.0021763724510810867,
      "best_epoch": 92,
      "epochs": 120,
      "train_curve": [
        0.05459374241951858,
        0.47156446401361307,
        0.3767711251478643,
        0.23959564165645764,
        0.08433436833091376,
        0.16667947540971617,
        0.27123926372227497,
        0.1108598481183199,
        0.12625928416922802,
        0.1355577710655127,
        0.089040102630649,
        0.04228290360955487,
        0.03349923910574336,
        0.05765809444756491,
        0.059521874176527524,
        0.04131410122742279,
        0.019538569138348342,
        0.020082151567766687,
        0.024863970017708896,
        0.02096514099037921,
        0.017550645915065746,
        0.014018629947095027,
        0.013715454917448276,
        0.014452083021999556,
        0.016563855607110697,
        0.01349917711505667,
        0.011949491246974737,
        0.011771553649526428,
        0.012401540624752112,
        0.011199735648242984,
        0.010183408149260767,
        0.00989656340148371,
        0.010141684551083425,
        0.008934461785475797,
        0.008881363601777307,
        0.00823396725815817,
        0.007404057312661426,
        0.007215003531590498,
        0.007459105423675195,
        0.006587690558846249,
        0.006143906475495413,
        0.0054481591561692565,
        0.005578610662967495,
        0.004778008212166272,
        0.004791051709574727,
        0.0043851479575993816,
        0.004693761055919619,
        0.004474537040717708,
        0.0046550534939109565,
        0.0039592601642266115,
        0.004077766293729297,
        0.004365051915425334,
        0.003991365441460147,
        0.0038409626151653747,
        0.003969175449631134,
        0.0037731645460525117,
        0.0039591670000606516,
        0.0037415060966483364,
        0.0036282021052453334,
        0.00369468565147709,
        0.0033753550554092575,
        0.003340086919216451,
        0.0033418724350856273,
        0.0034502840955630506,
        0.0031376595759722552,
        0.003206849903229609,
        0.0031296587266629954,
        0.0036549864723428352,
        0.0031707552584280562,
        0.004223397442054638,
        0.0032248422511933056,
        0.003817751401765473,
        0.004245059453550292,
        0.0034291438255553293,
        0.0037563938550095556,
        0.0029518364678794654,
        0.0036773140164467573,
        0.0034023424847936697,
        0.003515915614530782,
        0.003296271055001257,
        0.003470368399268351,
        0.003271510039433867,
        0.0035941028344867354,
        0.0027343872587974978,
        0.003062137261231105,
        0.0029200306388789486,
        0.002988995407148696,
        0.0030796321552720145,
        0.0025717190065853448,
        0.002790221243134022,
        0.002928346989564267,
        0.0026718613899479418,
        0.0020798922422104685,
        0.002499462044674242,
        0.002584081314182755,
        0.0026168160930779517,
        0.0026630663981216224,
        0.002256547904551798,
        0.002464268525437153,
        0.0023831043975692688,
        0.0030596169583630615,
        0.002716595479357016,
        0.002206354595544096,
        0.0036383180534692522,
        0.0030741812443385013,
        0.002164960856681947,
        0.003232484526004229,
        0.002486799316122503,
        0.0027782345523312438,
        0.0023895401058839534,
        0.002310613953067443,
        0.0022795566466264384,
        0.002193722070919021,
        0.0020844740104042367,
        0.0023344587503695583,
        0.0024304382281138967,
        0.0023626918882031786,
        0.0022678850910584822,
        0.002409159753008546,
        0.0021763724510810867
      ],