{
  "schema": {
    "name": "full_qae_bundle",
    "version": "1.0"
  },
  "timestamp": "2025-09-08 11:51:08",
  "dataset": {
    "id": "MG_bench",
    "scale_low": 0.2,
    "scale_high": 0.8,
    "window_size": 4,
    "window_stride": 1
  },
  "run": {
    "tag": "inst1_L3",
    "instance_id": 1,
    "seed": 10023,
    "sigma_train": 0.1,
    "sigma_eval": 0.1
  },
  "architecture": {
    "n_qubits": 4,
    "n_layers": 3,
    "n_latent": 3,
    "n_trash": 1,
    "latent_wires": [
      0,
      1,
      2
    ],
    "trash_wires": [
      3
    ],
    "decoder_mode": "adjoint_encoder"
  },
  "training": {
    "stage1": {
      "lr_init": 0.0,
      "max_epochs": 0,
      "patience": 0,
      "lr_patience": 0,
      "best_val": NaN,
      "final_val": NaN,
      "best_epoch": -1,
      "epochs": 0,
      "train_curve": [],
      "val_curve": [],
      "lr_curve": [],
      "train_seconds": NaN
    },
    "stage3": {
      "lr_init": 0.5,
      "max_epochs": 120,
      "patience": 0,
      "plateau_steps": 0,
      "plateau_factor": 1.0,
      "best_val_mse": 0.0018406474491344273,
      "final_val_mse": 0.0018406474491344273,
      "best_epoch": 119,
      "epochs": 120,
      "train_curve": [
        0.05509664770490536,
        0.5148579859053417,
        0.3238737436219819,
        0.22775414358832402,
        0.27288632550178094,
        0.29029422556815665,
        0.20693755181633575,
        0.11728766934415773,
        0.12069728495239948,
        0.07642019696952487,
        0.06780393531481209,
        0.04289641091526489,
        0.06300451757155971,
        0.04775488360692188,
        0.030256541616723618,
        0.025510659989845173,
        0.02485951579284306,
        0.01807685865747792,
        0.01621562518220542,
        0.022165701328789426,
        0.020427751087222206,
        0.016964802001210394,
        0.015255778816231077,
        0.020735664643959362,
        0.013114844800597302,
        0.013622256431636235,
        0.013968798947899092,
        0.010020675009014825,
        0.010103403360017795,
        0.009421225847935349,
        0.010611435190409158,
        0.008559398301109189,
        0.008886137944327849,
        0.007498411442508369,
        0.008438367482643526,
        0.006452156827388197,
        0.0062334999589504616,
        0.005344401037314873,
        0.005344646035306573,
        0.0050575783606051986,
        0.004316866352826355,
        0.004886376971112793,
        0.004627146230516122,
        0.004441424346585705,
        0.00426642254832797,
        0.004520121617499851,
        0.004298949124974652,
        0.004030528688801863,
        0.0038632357870121516,
        0.004023379423761306,
        0.003621378840365976,
        0.0038647606602044207,
        0.0036659845111816744,
        0.0032716045194735918,
        0.0030786109256522093,
        0.003087153428519573,
        0.003288438302434659,
        0.0027219992494590256,
        0.002829893575695605,
        0.0029037982280807084,
        0.002698533222038292,
        0.0029994123655332984,
        0.0031263943519843633,
        0.002789258066079476,
        0.0030245309950379462,
        0.0024677096488507745,
        0.003765548328393885,
        0.0028054824078032814,
        0.0030308237460312366,
        0.002501245606268377,
        0.003005067207902005,
        0.002468442900667949,
        0.0025922927964719678,
        0.002692886071370112,
        0.002337819454917558,
        0.002596138272207728,
        0.0022939958017107287,
        0.0023805496316978473,
        0.0026386339300738695,
        0.002340732420861894,
        0.00263708990838887,
        0.002265550973834699,
        0.0023107670438263558,
        0.0037732541730406137,
        0.0032825054699460996,
        0.001882019427020316,
        0.003285286232061873,
        0.002585779908133562,
        0.0026719243235977783,
        0.002615484352407775,
        0.0023080949134237504,
        0.0026418270111321484,
        0.0030740484454729886,
        0.0023402403309094495,
        0.003283660619242351,
        0.0023156608374506355,
        0.002806505775709671,
        0.00336256799601928,
        0.002165864639523891,
        0.002443149514986323,
        0.003060806227620972,
        0.002009773753175248,
        0.002705780035280185,
        0.002600745987904934,
        0.0027799376019571552,
        0.004397640651503787,
        0.0035105092690354755,
        0.0025521372015605034,
        0.0028304206205234605,
        0.0028517236578609172,
        0.0023519370747547394,
        0.003681657965110359,
        0.002917836788383112,
        0.0027104883307473844,
        0.0036379290486387387,
        0.005000074653271173,
        0.002800911549739476,
        0.0027024438921190966,
        0.0027354160622113126,
        0.0018406474491344273
      ],