{
  "schema": {
    "name": "half_qae_bundle",
    "version": "1.0"
  },
  "timestamp": "2025-09-14 15:44:27",
  "dataset": {
    "id": "mackey_glass_tau30_n200",
    "scale_low": 0.2,
    "scale_high": 0.8,
    "window_size": 4,
    "window_step": 2,
    "split": 0.75
  },
  "run": {
    "instance_id": 1,
    "layer": 3,
    "sigma_eval": 0.2,
    "test_seed_fixed": 99123
  },
  "environment": {
    "device": "default.qubit",
    "reset_mode": "swap"
  },
  "architecture": {
    "n_qubits": 4,
    "n_latent": 2,
    "n_trash": 2
  },
  "parameters": {
    "phi": [
      1.3638134464983156,
      0.03355238931376361,
      -0.08780818981028148,
      -0.35854183730890055,
      -0.04686261008237385,
      0.3677667975739213,
      0.8801446982741804,
      0.628754097632845,
      -1.1162423301059539,
      0.4621270767166084,
      -0.01934291127045107,
      -1.5127438345512063,
      -0.7703253437992005,
      1.415752589073721,
      0.6943500631713728,
      -1.011194125806085,
      -0.9423254958546108,
      -0.5481169662831313,
      1.3613996509572521,
      0.33616210059819246,
      0.0062021459172349,
      -0.1549279922911061,
      -0.6828425025507171,
      -0.2928256084354649,
      0.005669048751126636,
      0.05083266226910592,
      -0.0777243581405022,
      -0.31445102631408994,
      0.34481613110876486,
      -0.5854733077871085,
      -0.5780931684251605,
      -1.0395366624749334,
      0.07114018812567267,
      -0.0776461950986922,
      -0.23407996498753478,
      -0.04339401093424344
    ],
    "psi": [
      1.349324608611078,
      0.02969742200437726,
      -0.1099876770973879,
      -0.3217678242693712,
      -0.0327969982406969,
      0.45422192013854706,
      0.8755976993297003,
      0.5602327885825079,
      -1.1090080934825095,
      0.396400881085075,
      -0.03413147426360902,
      -1.5265852707964536,
      -0.7876685900158087,
      1.38726017319507,
      0.7876235168382233,
      -1.0084887111800425,
      -0.9550722067758232,
      -0.5565511540106232,
      1.3212137577090137,
      0.3977317013677405,
      -0.03327394942974281,
      -0.09486044101228172,
      -0.6438819330826749,
      -0.2737146445707231,
      -0.004828684273924773,
      0.034908973997866355,
      -0.07394692285460838,
      -0.3180966494708066,
      0.2637952526408773,
      -0.5780472517826436,
      -0.5745662585819756,
      -1.1306920189037972,
      -0.010673210645289538,
      -0.0731815774342809,
      -0.21438374237348706,
      -0.08565413853745366
    ]
  },
  "metrics_series": {
    "mse_train_noise": 0.019268069867485593,
    "mse_train_recovered": 0.013668511395246486,
    "delta_train_pct": 29.061335726668858,
    "mse_test_noise": 0.018957942152927745,
    "mse_test_recovered": 0.012264594262180257,
    "delta_test_pct": 35.30629979116067
  }
}