{
  "schema": {
    "name": "half_qae_bundle",
    "version": "1.0"
  },
  "timestamp": "2025-09-14 15:44:31",
  "dataset": {
    "id": "mackey_glass_tau30_n200",
    "scale_low": 0.2,
    "scale_high": 0.8,
    "window_size": 4,
    "window_step": 2,
    "split": 0.75
  },
  "run": {
    "instance_id": 4,
    "layer": 3,
    "sigma_eval": 0.2,
    "test_seed_fixed": 99123
  },
  "environment": {
    "device": "default.qubit",
    "reset_mode": "swap"
  },
  "architecture": {
    "n_qubits": 4,
    "n_latent": 2,
    "n_trash": 2
  },
  "parameters": {
    "phi": [
      0.07057545796376181,
      -0.2631476564501384,
      1.1451740446674545,
      1.21658444324287,
      -0.16194000521366184,
      1.5385295109699542,
      0.0873882948428883,
      0.8812399233309156,
      -0.5237838149986005,
      -0.18667513810652211,
      0.8014473413129141,
      0.023548971936645277,
      0.5046857208285118,
      -0.20928494459721098,
      -0.221282979512483,
      0.06417622619932706,
      0.060560934724940826,
      -0.6437664656444145,
      -1.5969254767210843,
      -1.2264561836239523,
      0.06003653571393736,
      0.13588413093409565,
      0.36367660445686395,
      -1.456853017921924,
      -0.02555824270689976,
      -0.4903221679290166,
      -0.009855758752613741,
      -0.13627092259848736,
      -0.1363828970638432,
      0.2771766363164836,
      -0.002669374147588298,
      -0.4445164225438948,
      -0.45732107550337897,
      -1.479682438965054,
      0.02260294339365392,
      0.362880816645469
    ],
    "psi": [
      0.12948028960405383,
      -0.24433929183814831,
      1.1944006231505149,
      1.2190931274854602,
      -0.1400652711294709,
      1.5218283900600116,
      0.09182242750175101,
      0.9281780200992004,
      -0.5944751523862628,
      -0.18080778350769988,
      0.860080522251294,
      0.10633890198414522,
      0.5433157948803937,
      -0.22562087274873763,
      -0.15561664555061583,
      0.0360477085309112,
      0.05465490346487065,
      -0.6652481579336755,
      -1.5695259622855153,
      -1.2093282473674285,
      -0.04931313042251661,
      0.166324058439719,
      0.349090120868023,
      -1.4265796060840836,
      -0.023410887429782666,
      -0.4908014542547697,
      -0.018040986002513127,
      -0.16647138466054176,
      -0.12907217024528364,
      0.24127302363550238,
      -0.009137729073110733,
      -0.4196364477363081,
      -0.44405369372202125,
      -1.4459722058654847,
      0.03445897610956183,
      0.5075702912269329
    ]
  },
  "metrics_series": {
    "mse_train_noise": 0.019268069867485593,
    "mse_train_recovered": 0.017736709889014313,
    "delta_train_pct": 7.947656350651977,
    "mse_test_noise": 0.018957942152927745,
    "mse_test_recovered": 0.015187423693394956,
    "delta_test_pct": 19.888859397909354
  }
}