{
  "schema": {
    "name": "half_qae_bundle",
    "version": "1.0"
  },
  "timestamp": "2025-09-14 15:44:30",
  "dataset": {
    "id": "mackey_glass_tau30_n200",
    "scale_low": 0.2,
    "scale_high": 0.8,
    "window_size": 4,
    "window_step": 2,
    "split": 0.75
  },
  "run": {
    "instance_id": 3,
    "layer": 3,
    "sigma_eval": 0.2,
    "test_seed_fixed": 99123
  },
  "environment": {
    "device": "default.qubit",
    "reset_mode": "swap"
  },
  "architecture": {
    "n_qubits": 4,
    "n_latent": 2,
    "n_trash": 2
  },
  "parameters": {
    "phi": [
      1.0647328796045956,
      1.0958488682407206,
      0.7909757453558687,
      0.663382615584506,
      -0.949552852135145,
      0.8798077012358658,
      -0.6214661640910648,
      0.9946508159510588,
      -0.06627166112677126,
      -0.7102401916250908,
      -0.16854458379133105,
      0.25967363941249366,
      -1.075296578987756,
      -1.0093135788953278,
      -0.41313689554996597,
      -0.18789776404296038,
      -0.5586158329881568,
      -0.29265865409469444,
      -0.14125101577550217,
      -0.4194081472919535,
      0.33885832934716054,
      0.7637246860518279,
      1.0197709530413415,
      -0.4062867369460675,
      -0.5970216337884474,
      -1.6212489153026457,
      -0.15674793986035204,
      -0.6104954584077911,
      -0.718334689990245,
      -0.4823732413794502,
      1.6610356214012238,
      -0.6288617138016405,
      0.7631000042218297,
      0.5674961186149458,
      -0.3753928307310814,
      0.09172979721085858
    ],
    "psi": [
      1.0227424920047365,
      1.1068290772482021,
      0.7842323648852276,
      0.6990844213966715,
      -0.9030873357149476,
      0.8614883346495983,
      -0.6239427767401088,
      1.0328919917147987,
      -0.03501502440096677,
      -0.7418052312113489,
      -0.2325844625187941,
      0.3548359706377087,
      -1.1568943960996394,
      -0.9843449131481826,
      -0.3764259224244602,
      -0.19496843747681675,
      -0.5589684765805413,
      -0.253954609416814,
      -0.17297561971981973,
      -0.4716434442476355,
      0.2592483227474248,
      0.7658058528801993,
      1.000296315239842,
      -0.41096429026770176,
      -0.6086452008052471,
      -1.6329077397641207,
      -0.23904582889142859,
      -0.6235111126696834,
      -0.6423703144922327,
      -0.4188481674143886,
      1.6563595043169341,
      -0.615811108482084,
      0.7577042648327775,
      0.5671771488357603,
      -0.4189811839463038,
      0.1468315285546492
    ]
  },
  "metrics_series": {
    "mse_train_noise": 0.019268069867485593,
    "mse_train_recovered": 0.017505058283496026,
    "delta_train_pct": 9.149912763003865,
    "mse_test_noise": 0.018957942152927745,
    "mse_test_recovered": 0.015925673142269774,
    "delta_test_pct": 15.994716020323374
  }
}