{
  "schema": {
    "name": "half_qae_bundle",
    "version": "1.0"
  },
  "timestamp": "2025-09-14 15:44:33",
  "dataset": {
    "id": "mackey_glass_tau30_n200",
    "scale_low": 0.2,
    "scale_high": 0.8,
    "window_size": 4,
    "window_step": 2,
    "split": 0.75
  },
  "run": {
    "instance_id": 5,
    "layer": 3,
    "sigma_eval": 0.2,
    "test_seed_fixed": 99123
  },
  "environment": {
    "device": "default.qubit",
    "reset_mode": "swap"
  },
  "architecture": {
    "n_qubits": 4,
    "n_latent": 2,
    "n_trash": 2
  },
  "parameters": {
    "phi": [
      0.8814132136471776,
      0.20589384727646676,
      0.7959163209620863,
      -0.5807841821491077,
      -0.705535819525971,
      -0.29300235833966043,
      -0.26691703866293265,
      0.8673153002155982,
      -0.17837289825979719,
      0.1494668264981596,
      0.967720547711892,
      -1.0134203501592398,
      -0.4956226989824706,
      0.8555322466903652,
      -1.8012913457127384,
      0.2261762866309423,
      -0.08744406750929537,
      -0.2230570588948158,
      0.1624501287233089,
      1.337851956548166,
      1.107299196309216,
      -0.05157661563516024,
      -0.04801148196316446,
      -0.44525829257463506,
      -0.5997081578761179,
      -0.737673701808969,
      0.47936747574841176,
      0.016203523364015492,
      0.01010551551275953,
      -0.038192083419574585,
      -0.05147429899934887,
      0.8643193368502013,
      0.46721688665866234,
      1.456925994766848,
      -0.03714848363035486,
      -0.11977733485551649
    ],
    "psi": [
      0.8556601156772875,
      0.17697915204886583,
      0.8777195415421182,
      -0.5045130274477536,
      -0.6819203685295739,
      -0.27064615933204256,
      -0.24642767432315063,
      0.8650991814364858,
      -0.1405238710870124,
      0.21084857095842446,
      1.0030123003390579,
      -1.0315424298496998,
      -0.5734808697792807,
      0.9136204381156068,
      -1.8129526641780525,
      0.1923610026200619,
      -0.03502910070396188,
      -0.2658613940957164,
      0.2438288928502104,
      1.3418984458914043,
      1.1023842460581639,
      -0.05285074500147784,
      -0.04488645177946835,
      -0.38532117724644,
      -0.6551616567997502,
      -0.6973828660067865,
      0.48280996306695884,
      -0.028670402813308835,
      -0.04808967748019676,
      -0.05657674086169939,
      0.03776126688448963,
      0.8739948545701924,
      0.42063691393745567,
      1.5234835903171757,
      -0.06483666482920926,
      -0.19471313955170255
    ]
  },
  "metrics_series": {
    "mse_train_noise": 0.019268069867485593,
    "mse_train_recovered": 0.013785721994341093,
    "delta_train_pct": 28.453020519693204,
    "mse_test_noise": 0.018957942152927745,
    "mse_test_recovered": 0.01175286154173091,
    "delta_test_pct": 38.005605002250356
  }
}