{
  "schema": {
    "name": "half_qae_bundle",
    "version": "1.0"
  },
  "timestamp": "2025-09-14 15:44:29",
  "dataset": {
    "id": "mackey_glass_tau30_n200",
    "scale_low": 0.2,
    "scale_high": 0.8,
    "window_size": 4,
    "window_step": 2,
    "split": 0.75
  },
  "run": {
    "instance_id": 2,
    "layer": 3,
    "sigma_eval": 0.2,
    "test_seed_fixed": 99123
  },
  "environment": {
    "device": "default.qubit",
    "reset_mode": "swap"
  },
  "architecture": {
    "n_qubits": 4,
    "n_latent": 2,
    "n_trash": 2
  },
  "parameters": {
    "phi": [
      0.13861016726728956,
      -0.26314802173696067,
      -0.2963886388827703,
      -1.6897747483271022,
      -0.052463044116002465,
      -1.242885367165407,
      0.4713122214215486,
      -0.18668143193145317,
      1.4387983744480743,
      0.3910341595571302,
      -0.33767429025680673,
      0.10743113463488685,
      0.09366508462260997,
      -0.14208202793966065,
      0.08820300636722127,
      -0.5143815674937506,
      -1.1878394554310037,
      0.04861764941458307,
      0.1984079027190358,
      -0.7205594284977108,
      -0.08496753429057145,
      -0.16397137467456682,
      -0.12720165634076966,
      0.71262086569014,
      0.4683647435099371,
      -1.2220850591564678,
      -0.1823422834273318,
      0.10970562777270672,
      -0.6623474894866156,
      -0.23625655840092005,
      0.33250073908949834,
      -1.4435344426388088,
      0.15816881031930047,
      -0.3213045151152388,
      -0.029138455700413308,
      0.2576752023607574
    ],
    "psi": [
      0.06320778640685784,
      -0.24325006251672396,
      -0.33659530010314376,
      -1.7252941368310075,
      -0.03247261176821368,
      -1.3079683698317255,
      0.4671750731857847,
      -0.19334299337033065,
      1.4075870046020245,
      0.37796412437922505,
      -0.35482715276231686,
      0.053481018012331766,
      0.030984387919899783,
      -0.09662638052829937,
      0.05420279897061264,
      -0.5362225966643017,
      -1.2609414036278803,
      0.08706511858797722,
      0.19809152679730288,
      -0.6676517223668605,
      -0.10653504899871177,
      -0.1354274528955764,
      -0.11486358612989124,
      0.7407376667151792,
      0.46071203567593383,
      -1.2417802681616046,
      -0.17850870100510535,
      0.09294396504621988,
      -0.654745504896031,
      -0.23452025109430225,
      0.34258375947205943,
      -1.501311623049356,
      0.13186173214888275,
      -0.3538443841432841,
      -0.09074116426668015,
      0.260656599874964
    ]
  },
  "metrics_series": {
    "mse_train_noise": 0.019268069867485593,
    "mse_train_recovered": 0.013823063578668898,
    "delta_train_pct": 28.259220182738765,
    "mse_test_noise": 0.018957942152927745,
    "mse_test_recovered": 0.010830526515159027,
    "delta_test_pct": 42.87076926497305
  }
}