{
  "schema": {
    "name": "half_qae_bundle",
    "version": "1.0"
  },
  "timestamp": "2025-09-20 23:53:56",
  "dataset": {
    "id": "mackey_glass_tau17_n200",
    "scale_low": 0.2,
    "scale_high": 0.8,
    "window_size": 4,
    "window_step": 2,
    "split": 0.75
  },
  "run": {
    "instance_id": 5,
    "layer": 3,
    "sigma_eval": 0.2,
    "test_seed_fixed": 99123
  },
  "environment": {
    "device": "default.qubit",
    "reset_mode": "none"
  },
  "architecture": {
    "n_qubits": 4,
    "n_latent": 2,
    "n_trash": 2
  },
  "parameters": {
    "phi": [
      -0.3544267234887227,
      -0.2420125305811364,
      0.057291626423912924,
      0.19608214112596478,
      -0.46147026561956994,
      -0.2765396413932493,
      -1.4014046943729588,
      -1.4901884162583083,
      0.15499205690179707,
      -0.09300577594702505,
      0.2973755122801136,
      -0.5685139718339483,
      -0.32896332241433873,
      -0.029803950291884956,
      0.012372583492361708,
      0.18288468593715693,
      -0.2728715975257874,
      0.12811231494013678,
      1.0285790642828385,
      1.516508366665816,
      0.5383718169180816,
      0.45830388479735074,
      0.12601608285907523,
      -0.3190583894217663,
      0.11715073478892284,
      0.00542992283045436,
      0.04350429994663874,
      0.31195807515085905,
      -0.008743586787600623,
      -0.000507700754835244,
      -1.255563039519803,
      1.0847755649669315,
      1.181501481460428,
      0.1368327478985604,
      0.14287399916061694,
      -0.6325586533500109
    ],
    "psi": [
      -0.0640385203477087,
      -0.05540451485376028,
      -0.013842829461298892,
      0.054298149545069944,
      -0.08518088374772524,
      -0.03326300471197877,
      -0.08304526718713816,
      -0.07140980911839152,
      -0.019425603134550915,
      -0.01573904855488341,
      -0.054557744897260445,
      0.032539041168355556,
      -0.014353041493609265,
      0.0012178872767406315,
      -0.043488068888600344,
      0.03916506205856198,
      -0.0387600858684761,
      0.01376980286926607,
      0.042029782041489425,
      -0.03233406051777943,
      0.027190195357522724,
      0.027928108743796164,
      -0.032387776265626715,
      0.05259111134294596,
      0.024558445684689498,
      -0.04714877853686471,
      0.032293141445723206,
      0.021774903709047166,
      -0.01740608580238125,
      -0.03743878708324801,
      -0.03527365415800528,
      0.03468409654937626,
      0.04290450056219701,
      0.03542182062394759,
      0.003608278775093233,
      -0.024615674683702606
    ]
  },
  "metrics_series": {
    "mse_train_noise": 0.019268069867485596,
    "mse_train_recovered": 0.023937736493309,
    "delta_train_pct": -24.23525894362337,
    "mse_test_noise": 0.018957942152927745,
    "mse_test_recovered": 0.02392344478011206,
    "delta_test_pct": -26.192202651158915
  }
}