{
  "schema": {
    "name": "half_qae_bundle",
    "version": "1.0"
  },
  "timestamp": "2025-09-20 23:53:50",
  "dataset": {
    "id": "mackey_glass_tau17_n200",
    "scale_low": 0.2,
    "scale_high": 0.8,
    "window_size": 4,
    "window_step": 2,
    "split": 0.75
  },
  "run": {
    "instance_id": 4,
    "layer": 3,
    "sigma_eval": 0.2,
    "test_seed_fixed": 99123
  },
  "environment": {
    "device": "default.qubit",
    "reset_mode": "none"
  },
  "architecture": {
    "n_qubits": 4,
    "n_latent": 2,
    "n_trash": 2
  },
  "parameters": {
    "phi": [
      -1.004454245872119,
      -0.8932135637380455,
      -0.14721197349183823,
      0.4495971954713265,
      -0.17893166197070176,
      1.0154399046487268,
      0.21966406203657057,
      -0.9124680993799703,
      -0.8449241855881923,
      -0.043285739757947514,
      0.9144328787846788,
      -0.6325601965040731,
      0.39064273532549526,
      0.05370428044503758,
      -0.01849748600150586,
      0.5591210755178825,
      -0.355720333836399,
      0.03339324577677608,
      -0.8940870209632015,
      -0.9874224715653643,
      0.7652660588980584,
      0.08016640037003525,
      -0.056570796798184074,
      -0.5845476374874149,
      0.3582797050622209,
      0.23347544376971183,
      -0.023661281442723295,
      -0.6479950231228995,
      -0.13864138904619866,
      -0.14214261717555787,
      -0.8861758937238469,
      1.2618656264562604,
      -0.34643941074089357,
      -0.11789458794623552,
      -0.3343808038369752,
      0.2653059577081157
    ],
    "psi": [
      -0.06650171211693291,
      -0.1153161896577578,
      -0.0018862751980931358,
      0.006971132115633524,
      -0.03605281442083694,
      0.103689967347101,
      0.09272281740956342,
      -0.0008559457315590822,
      0.014833396865579575,
      -0.06766096457907679,
      0.02536422344229195,
      -0.09313405479888397,
      -0.011587029726227379,
      -0.005279212119541678,
      0.002103819648065358,
      0.060339272485604355,
      0.032903169511444,
      0.028627130959296167,
      -0.12798063924194408,
      -0.06074667663828988,
      0.04808490729688285,
      -0.014593211698871476,
      0.000741867249888106,
      -0.006646791900908223,
      0.0607457709780107,
      0.01882447958492377,
      -0.03619948033827188,
      -0.1263277468035731,
      0.005026405219661816,
      -0.009152122412933868,
      -0.020277581829272927,
      -0.03534480231151669,
      -0.004059639212996346,
      -0.06253516141424222,
      0.0320456175379311,
      0.07771976364343879
    ]
  },
  "metrics_series": {
    "mse_train_noise": 0.019268069867485596,
    "mse_train_recovered": 0.02258711094884792,
    "delta_train_pct": -17.225602274585516,
    "mse_test_noise": 0.018957942152927745,
    "mse_test_recovered": 0.02188767728336399,
    "delta_test_pct": -15.453866811086314
  }
}