{
  "schema": {
    "name": "half_qae_bundle",
    "version": "1.0"
  },
  "timestamp": "2025-09-20 23:53:34",
  "dataset": {
    "id": "mackey_glass_tau17_n200",
    "scale_low": 0.2,
    "scale_high": 0.8,
    "window_size": 4,
    "window_step": 2,
    "split": 0.75
  },
  "run": {
    "instance_id": 1,
    "layer": 3,
    "sigma_eval": 0.2,
    "test_seed_fixed": 99123
  },
  "environment": {
    "device": "default.qubit",
    "reset_mode": "none"
  },
  "architecture": {
    "n_qubits": 4,
    "n_latent": 2,
    "n_trash": 2
  },
  "parameters": {
    "phi": [
      0.6176120788619698,
      -0.6001804046957185,
      0.1979011857089111,
      0.32625060129889233,
      -0.10532918569309345,
      -0.3747524376881747,
      -0.018834450192858187,
      0.5137575855413076,
      -1.4280983419045061,
      1.2651570231573361,
      0.6290463009977206,
      0.014921997792522297,
      -0.29187441767526434,
      0.026828582820846453,
      0.014569304535306539,
      -0.23673155546259753,
      0.30759212352763676,
      0.09166785208283912,
      0.9930974954453723,
      1.4353135339539274,
      0.4457903844062435,
      -0.2303659845597748,
      0.029436628253138836,
      0.5853258472206194,
      -0.36601901505674533,
      0.06969819034822618,
      0.01680267368176322,
      -0.05519064823665897,
      -0.021061448495746045,
      0.01355927655576066,
      -0.9568274247697335,
      -1.400795625310863,
      1.0175852974132422,
      0.13209860124263711,
      0.18076585599195058,
      0.2373696013586138
    ],
    "psi": [
      0.03442948034535416,
      -0.09740786259866548,
      0.010420454085971899,
      0.05745206301552039,
      -0.038462227290639237,
      -0.0016381589579402827,
      0.040334026232224277,
      0.026043062885446503,
      0.01216894768754161,
      0.050532686312881214,
      0.014618856416227882,
      -0.014771465846707799,
      -0.0198938109509262,
      0.027666906332008082,
      0.06019259371989678,
      0.040811354406600504,
      -0.0011735936205137286,
      0.023996393529211738,
      0.08897604335890509,
      -0.001792173585850598,
      0.05812020877623756,
      -0.060109213377318706,
      -7.232993160730325e-05,
      -0.043624566621218885,
      -0.030675447211030923,
      0.06080529376962693,
      -0.007973666203354234,
      -0.034999340254252026,
      0.047365758843484804,
      -0.03615250526909823,
      -0.002608590882666235,
      -0.07244573270375854,
      -0.025147234219174263,
      -0.006884796273754091,
      0.07694964253551623,
      0.03505562706215703
    ]
  },
  "metrics_series": {
    "mse_train_noise": 0.019268069867485596,
    "mse_train_recovered": 0.02200943277910731,
    "delta_train_pct": -14.227491027773876,
    "mse_test_noise": 0.018957942152927745,
    "mse_test_recovered": 0.019967384241645198,
    "delta_test_pct": -5.324639565700751
  }
}