{
  "schema": {
    "name": "half_qae_bundle",
    "version": "1.0"
  },
  "timestamp": "2025-09-13 13:59:32",
  "dataset": {
    "id": "mackey_glass_tau17_n200",
    "scale_low": 0.2,
    "scale_high": 0.8,
    "window_size": 4,
    "window_step": 2,
    "split": 0.75
  },
  "run": {
    "instance_id": 5,
    "layer": 3,
    "sigma_eval": 0.2,
    "test_seed_fixed": 88500
  },
  "architecture": {
    "n_qubits": 4,
    "n_latent": 2,
    "n_trash": 2
  },
  "parameters": {
    "phi": [
      -0.27313526753251627,
      -0.6824136591984555,
      0.12402988082693006,
      0.7675123459336093,
      0.13940038785823727,
      -0.2580070839676587,
      -0.8007441917622719,
      -1.4290469137948776,
      0.5077222386275014,
      0.7274801235231484,
      -1.3364273013327757,
      0.22333291835900074,
      -0.8265337673083212,
      -0.16898117600831572,
      -1.3833976402874373,
      0.14803353042603618,
      0.1027852856813718,
      0.54590299133046,
      1.0626219464019633,
      0.9576973578868563,
      1.537809577228924,
      -0.030912515827028576,
      0.02572542785996001,
      -0.7679445673016613,
      0.9232649570821384,
      0.2054678390938931,
      0.4793674757863648,
      0.03841107617602552,
      -0.41242898999483285,
      -0.03819208338161958,
      -0.09203652276915532,
      1.0511318943623644,
      0.4672168866586398,
      1.2808351678505097,
      -0.0034724736600714157,
      -0.11977733484921751
    ],
    "psi": [
      -0.3395960762696118,
      -0.6669885417453653,
      0.1999629095609065,
      0.8394945850570433,
      0.1098645285564502,
      -0.23328824819792945,
      -0.7793619222331629,
      -1.438542560818218,
      0.524759124982411,
      0.8563278760372408,
      -1.3041774415362621,
      0.2703068055552667,
      -0.9476095280491151,
      -0.10848927461270132,
      -1.3938605693263757,
      0.11407694006873269,
      0.09249721567629438,
      0.5534411847998232,
      1.153668154236069,
      0.9335993418869659,
      1.5431917539509328,
      -0.04926438162900437,
      0.05479035290041433,
      -0.7476124823041385,
      0.9286474392260998,
      0.2590821349458186,
      0.4973601561559619,
      -0.023370062990269332,
      -0.4447003437010735,
      -0.09417239251650653,
      0.026023117526284983,
      1.0755604249137865,
      0.357770564504578,
      1.3930194283627042,
      -0.03540863526824845,
      -0.23216300700760636
    ]
  },
  "metrics_series": {
    "mse_train_noise": 0.01125973227582885,
    "mse_train_recovered": 0.008282616665671776,
    "delta_train_pct": 26.440376531403132,
    "mse_test_noise": 0.02156045891363854,
    "mse_test_recovered": 0.012678058234243419,
    "delta_test_pct": 41.19764201204625
  }
}