{
  "schema": {
    "name": "half_qae_bundle",
    "version": "1.0"
  },
  "timestamp": "2025-09-13 13:59:26",
  "dataset": {
    "id": "mackey_glass_tau17_n200",
    "scale_low": 0.2,
    "scale_high": 0.8,
    "window_size": 4,
    "window_step": 2,
    "split": 0.75
  },
  "run": {
    "instance_id": 2,
    "layer": 3,
    "sigma_eval": 0.2,
    "test_seed_fixed": 88200
  },
  "architecture": {
    "n_qubits": 4,
    "n_latent": 2,
    "n_trash": 2
  },
  "parameters": {
    "phi": [
      0.6598131535766295,
      -0.43278864814529383,
      -0.24770970308927934,
      -1.8423209084277241,
      -0.4116104317945195,
      -1.0845575411477937,
      0.9895443325917211,
      -0.06163873070338985,
      1.2513194834035264,
      0.6995997735059855,
      -0.579839521564561,
      0.3509488975925231,
      0.5564846348957178,
      -0.32448617879203406,
      0.26669366987790777,
      -0.5393603933649894,
      -1.1586130847851936,
      -0.014820734293636137,
      0.44338014124798003,
      -0.6841057092368268,
      0.015762721802007662,
      -0.21117018250901348,
      -0.2055475940529053,
      0.6314257748787092,
      0.3938024204359826,
      -0.972899355402829,
      -0.1823422834393315,
      0.2501397960144561,
      -0.48097765488173483,
      -0.23625655840232265,
      0.4181053907178294,
      -1.3708487792822353,
      0.15816881029843136,
      -0.5198048060272763,
      -0.002236805953851918,
      0.2576752023669664
    ],
    "psi": [
      0.5645487295300146,
      -0.419328645763345,
      -0.2706995801784554,
      -1.9007124122121335,
      -0.39002826360340287,
      -1.1569680637050632,
      0.9799952081420852,
      -0.06781902141301785,
      1.2283088996331697,
      0.6833982018523478,
      -0.6136784746435285,
      0.3087231718764187,
      0.4910054465962958,
      -0.26751065013680914,
      0.22879338417725223,
      -0.5529187808245614,
      -1.2469357111351034,
      0.032182016424604803,
      0.43697348428107113,
      -0.6131399732083492,
      -0.007615791351905105,
      -0.17780618757571923,
      -0.20038237952935176,
      0.6691545423519712,
      0.3911029554577412,
      -0.994816208712684,
      -0.1771798743464734,
      0.24188362364105742,
      -0.4664896275203133,
      -0.28633717760510846,
      0.41019375122845225,
      -1.440098698727095,
      0.06299268054581489,
      -0.5586546573419063,
      -0.0761138672033826,
      0.22250475057959396
    ]
  },
  "metrics_series": {
    "mse_train_noise": 0.014969978852873827,
    "mse_train_recovered": 0.009494443029478232,
    "delta_train_pct": 36.57677727677245,
    "mse_test_noise": 0.015052910249294433,
    "mse_test_recovered": 0.011296789960913486,
    "delta_test_pct": 24.952784718536446
  }
}