{
  "schema": {
    "name": "half_qae_bundle",
    "version": "1.0"
  },
  "timestamp": "2025-09-13 13:59:28",
  "dataset": {
    "id": "mackey_glass_tau17_n200",
    "scale_low": 0.2,
    "scale_high": 0.8,
    "window_size": 4,
    "window_step": 2,
    "split": 0.75
  },
  "run": {
    "instance_id": 3,
    "layer": 3,
    "sigma_eval": 0.2,
    "test_seed_fixed": 88300
  },
  "architecture": {
    "n_qubits": 4,
    "n_latent": 2,
    "n_trash": 2
  },
  "parameters": {
    "phi": [
      0.6795160143427168,
      0.9845200262041064,
      0.9028353637873658,
      0.285933420193941,
      -0.8894390068876223,
      0.7852602470662243,
      0.3051595082953954,
      0.9737264406907343,
      -0.38054978748154805,
      1.601040280517919,
      0.050667685724665956,
      -0.10001941160109305,
      -0.6069570471433163,
      -0.7291345119654918,
      0.2368738046083893,
      -0.2588285705498446,
      -0.31890305980896866,
      0.069381055260454,
      -0.06649456523577121,
      -0.019057477308095518,
      0.7095116404190364,
      0.12518982492240555,
      0.9305317110364267,
      -0.11281684070707398,
      -0.6021274792786799,
      -1.4955621337407314,
      -0.1567479398687691,
      -0.3150241242279499,
      -0.41251468145201897,
      -0.4823732413618283,
      1.5854812448179643,
      -0.6708280857922856,
      0.7631000042134727,
      0.14107577450403186,
      -0.42634130714337837,
      0.09172979722597469
    ],
    "psi": [
      0.6452414704873318,
      1.0006684782496549,
      0.8685728637919009,
      0.3438137987869811,
      -0.828300568961541,
      0.8129026185321568,
      0.3213615752832453,
      1.0194461570777904,
      -0.363700766977437,
      1.5710257883148206,
      0.008020998577516817,
      -0.012747238769275703,
      -0.6889169252101294,
      -0.7127342191784356,
      0.2725322553538911,
      -0.26976480228499844,
      -0.3123769807648756,
      0.10573344647210546,
      -0.12261724003434687,
      -0.06777999774713753,
      0.6169862783116149,
      0.11951269349013262,
      0.9019418466645466,
      -0.11650844987372456,
      -0.6446732433382413,
      -1.5144414524980985,
      -0.26641196117718247,
      -0.3064707513769056,
      -0.33837358676981544,
      -0.3437474238043428,
      1.572957850136779,
      -0.6551904625631929,
      0.8233079091673928,
      0.1371247072071639,
      -0.4586552607041501,
      0.12469916117894417
    ]
  },
  "metrics_series": {
    "mse_train_noise": 0.015503718469226779,
    "mse_train_recovered": 0.012702393002433615,
    "delta_train_pct": 18.068732816282072,
    "mse_test_noise": 0.016263982629883645,
    "mse_test_recovered": 0.009041909183481868,
    "delta_test_pct": 44.4053194764968
  }
}