{
  "schema": {
    "name": "half_qae_bundle",
    "version": "1.0"
  },
  "timestamp": "2025-09-13 13:59:24",
  "dataset": {
    "id": "mackey_glass_tau17_n200",
    "scale_low": 0.2,
    "scale_high": 0.8,
    "window_size": 4,
    "window_step": 2,
    "split": 0.75
  },
  "run": {
    "instance_id": 1,
    "layer": 3,
    "sigma_eval": 0.2,
    "test_seed_fixed": 88100
  },
  "architecture": {
    "n_qubits": 4,
    "n_latent": 2,
    "n_trash": 2
  },
  "parameters": {
    "phi": [
      1.5200695489012714,
      0.07786995521897888,
      -0.015446339617982644,
      -0.5061519287547583,
      0.1097516419000593,
      0.28528366289975043,
      0.7727980357900286,
      0.645135879627084,
      -1.149249273267472,
      0.39119825623995275,
      0.04893462537169911,
      -1.5145776127713286,
      -0.08295036213365355,
      1.344963001672491,
      0.5224684049179485,
      -0.808555632915775,
      -1.0960918670653643,
      -0.36210256146688613,
      1.2979276552752248,
      0.42701996089938093,
      -0.008557518413756335,
      -0.2901028942035848,
      -0.6183915750033145,
      -0.14456714817091096,
      -0.001010394144871244,
      0.04180176093732308,
      -0.07772435812813737,
      -0.24234329397485527,
      0.41456066526840135,
      -0.5854733078057337,
      -0.41128143718321336,
      -1.0594806668859076,
      0.07114018812623246,
      -0.0024995223287826696,
      -0.02182668080004361,
      -0.04339401092033475
    ],
    "psi": [
      1.4484857435764862,
      0.0458226063232378,
      -0.045339200393423644,
      -0.44913465303370537,
      0.12179389443889793,
      0.3690045476125472,
      0.7600759394335606,
      0.5900620801133712,
      -1.1248753458410043,
      0.30838562532820946,
      0.030943453381840177,
      -1.5266433111434512,
      -0.13271471461439224,
      1.3271071042803972,
      0.6529834411918785,
      -0.8175495903307369,
      -1.1153820101168972,
      -0.38537937005368744,
      1.2668152223856968,
      0.4848902201822148,
      -0.048741238682025505,
      -0.223994761231268,
      -0.5763759172244959,
      -0.13408061079629285,
      -0.013589746312597548,
      0.023832947750980774,
      -0.008562424867272812,
      -0.26106965064488824,
      0.31908255307730493,
      -0.5268784566018395,
      -0.41653505568559807,
      -1.1599883327277432,
      -0.05054395247408348,
      -0.006184752425940527,
      -0.011729202297628652,
      -0.12763705817040072
    ]
  },
  "metrics_series": {
    "mse_train_noise": 0.014725688667710806,
    "mse_train_recovered": 0.010780482671130137,
    "delta_train_pct": 26.791317442635943,
    "mse_test_noise": 0.008758398398282418,
    "mse_test_recovered": 0.006796353237648862,
    "delta_test_pct": 22.40187156841742
  }
}