{
  "schema": {
    "name": "half_qae_bundle",
    "version": "1.0"
  },
  "timestamp": "2025-09-13 13:59:31",
  "dataset": {
    "id": "mackey_glass_tau17_n200",
    "scale_low": 0.2,
    "scale_high": 0.8,
    "window_size": 4,
    "window_step": 2,
    "split": 0.75
  },
  "run": {
    "instance_id": 4,
    "layer": 3,
    "sigma_eval": 0.2,
    "test_seed_fixed": 88400
  },
  "architecture": {
    "n_qubits": 4,
    "n_latent": 2,
    "n_trash": 2
  },
  "parameters": {
    "phi": [
      -0.22780225669053333,
      -0.3208499253824189,
      1.151396248972559,
      1.1593273702547353,
      -0.5646534183586229,
      1.3394786502135454,
      0.021913443763464317,
      0.635125894705758,
      -0.08224926360446881,
      -0.33207467408855207,
      0.3405376707091739,
      0.01535615667440587,
      0.6291689932799729,
      -0.11246740377056334,
      -0.14872408995188766,
      -0.014243823129900498,
      -0.03445639562110334,
      -0.5777582934531066,
      -1.8161045026282316,
      -1.4161965968079775,
      0.3672790034008144,
      0.29125384132625165,
      0.7917607833160754,
      -1.34903479207316,
      0.07444987553632929,
      -0.7106566290947309,
      -0.009855758759717566,
      -0.302549638731286,
      -0.2404339608219339,
      0.27717663631560663,
      -0.10909728249379401,
      -0.5492695742319162,
      -0.457321075508402,
      -1.3578810366892198,
      0.04616659842817948,
      0.36288081666316535
    ],
    "psi": [
      -0.16876583809196638,
      -0.3000079409637304,
      1.1897252170852304,
      1.1530240594414496,
      -0.5362627629726251,
      1.339078609898259,
      0.028277337186369024,
      0.7102730564769852,
      -0.10772467549502068,
      -0.32049377555854736,
      0.41678152996731965,
      0.08393945319932035,
      0.6588528902665829,
      -0.10670972754092155,
      -0.07758241934250168,
      -0.04615733659851887,
      -0.04163414116041434,
      -0.5924023238942226,
      -1.7548055854458973,
      -1.3792103845700636,
      0.3101976693630525,
      0.32454226190753466,
      0.7642842564099269,
      -1.3160721392551962,
      0.10205136116315164,
      -0.705874533567659,
      0.018675172099921155,
      -0.33199455064539624,
      -0.23500180018004285,
      0.20716364725611908,
      -0.11049407569665239,
      -0.5271712717908383,
      -0.40214867588664643,
      -1.327823134975213,
      0.042291739926692946,
      0.5484250341218354
    ]
  },
  "metrics_series": {
    "mse_train_noise": 0.013453002095904942,
    "mse_train_recovered": 0.009407121479552976,
    "delta_train_pct": 30.074184092958113,
    "mse_test_noise": 0.014491788327012757,
    "mse_test_recovered": 0.012803351086808261,
    "delta_test_pct": 11.650992976879483
  }
}