{
  "schema": {
    "name": "full_qae_bundle",
    "version": "1.0"
  },
  "timestamp": "2025-09-16 14:07:29",
  "dataset": {
    "id": "mackey_glass_tau30_n200",
    "scale_low": 0.2,
    "scale_high": 0.8,
    "window_size": 6,
    "window_step": 2,
    "split": 0.75
  },
  "run": {
    "instance_id": 3,
    "layer": 1,
    "sigma_eval": 0.2,
    "test_seed_fixed": 99123
  },
  "environment": {
    "device": "default.qubit",
    "diff_method": "best",
    "reset_mode": "swap"
  },
  "architecture": {
    "n_qubits": 6,
    "n_latent": 4,
    "n_trash": 2,
    "n_extra": 0,
    "rot": "Rxyz"
  },
  "parameters": {
    "weights": [
      [
        [
          -0.06538876424197348,
          -0.6321936121676561,
          0.1739427215574829
        ],
        [
          -0.477145877847064,
          -0.7429484696952453,
          0.24977991257305593
        ],
        [
          -0.2846519854520866,
          -1.0579192371924566,
          0.23214443416094652
        ],
        [
          -0.24847881633095106,
          -1.0456563333308622,
          0.2966243251224585
        ],
        [
          0.5618897653205217,
          -0.26209636977321316,
          0.14803150515115887
        ],
        [
          0.8245059044810396,
          -0.3339776824611985,
          0.13617820806402203
        ]
      ],
      [
        [
          0.12503879973157708,
          -0.28433965682111645,
          0.29880665687465224
        ],
        [
          0.13869874331220453,
          -0.3961263977572136,
          0.2774228777536907
        ],
        [
          0.20878544305081592,
          0.858495854082367,
          0.22485989845776305
        ],
        [
          0.004466011067513205,
          0.8701876236028608,
          0.23571526677334323
        ],
        [
          0.07889068978665748,
          -0.5861195661070643,
          0.26003414373732586
        ],
        [
          0.04806653579127279,
          0.9937064659025303,
          0.1267618576164803
        ]
      ]
    ]
  },
  "metrics_series": {
    "mse_train_noise": 0.019067164300121137,
    "mse_train_recovered": 0.013759142769646843,
    "delta_train_pct": 27.838547184704186,
    "mse_test_noise": 0.01895794215292774,
    "mse_test_recovered": 0.01138784726187734,
    "delta_test_pct": 39.93099477772867
  }
}