{
  "schema": {
    "name": "full_qae_bundle",
    "version": "1.0"
  },
  "timestamp": "2025-09-16 13:56:33",
  "dataset": {
    "id": "mackey_glass_tau30_n200",
    "scale_low": 0.2,
    "scale_high": 0.8,
    "window_size": 6,
    "window_step": 2,
    "split": 0.75
  },
  "run": {
    "instance_id": 2,
    "layer": 1,
    "sigma_eval": 0.2,
    "test_seed_fixed": 99123
  },
  "environment": {
    "device": "default.qubit",
    "diff_method": "best",
    "reset_mode": "swap"
  },
  "architecture": {
    "n_qubits": 6,
    "n_latent": 4,
    "n_trash": 2,
    "n_extra": 0,
    "rot": "Rxyz"
  },
  "parameters": {
    "weights": [
      [
        [
          -0.028709113226575867,
          -0.6336321788155282,
          0.058748917969687287
        ],
        [
          -0.48979881423546445,
          -0.7467294781174905,
          0.0071534315175580615
        ],
        [
          -0.06273034746324051,
          -1.0432694402512208,
          0.19241098681323446
        ],
        [
          -0.05753746483569147,
          -1.0343353120929297,
          0.014713768360717647
        ],
        [
          0.6528325636011011,
          -0.28949230011477434,
          0.12996277473970327
        ],
        [
          0.8868693707511798,
          -0.3613826087631896,
          0.2668281408248827
        ]
      ],
      [
        [
          0.30714994104691146,
          0.3855616445787991,
          0.06771842549643542
        ],
        [
          0.24580426634799799,
          -0.4795018470551883,
          0.12351626734259383
        ],
        [
          0.00758166005937204,
          0.879702334380994,
          0.020365616522913223
        ],
        [
          0.023328801348147965,
          0.8860516235619206,
          0.12855352362824615
        ],
        [
          0.2525827367003069,
          -0.6530183625674455,
          0.01892316392860338
        ],
        [
          0.06596777812005725,
          0.9937064505826854,
          0.060849318446852936
        ]
      ]
    ]
  },
  "metrics_series": {
    "mse_train_noise": 0.019067164300121137,
    "mse_train_recovered": 0.013725268643962067,
    "delta_train_pct": 28.016204046267813,
    "mse_test_noise": 0.01895794215292774,
    "mse_test_recovered": 0.01129558546334175,
    "delta_test_pct": 40.41766046006562
  }
}