{
  "schema": {
    "name": "full_qae_bundle",
    "version": "1.0"
  },
  "timestamp": "2025-09-16 14:29:42",
  "dataset": {
    "id": "mackey_glass_tau30_n200",
    "scale_low": 0.2,
    "scale_high": 0.8,
    "window_size": 6,
    "window_step": 2,
    "split": 0.75
  },
  "run": {
    "instance_id": 5,
    "layer": 1,
    "sigma_eval": 0.2,
    "test_seed_fixed": 99123
  },
  "environment": {
    "device": "default.qubit",
    "diff_method": "best",
    "reset_mode": "swap"
  },
  "architecture": {
    "n_qubits": 6,
    "n_latent": 4,
    "n_trash": 2,
    "n_extra": 0,
    "rot": "Rxyz"
  },
  "parameters": {
    "weights": [
      [
        [
          0.36849160484116855,
          -0.6665951211247583,
          0.3016927176812424
        ],
        [
          -0.5273569346191231,
          -0.7549522678720764,
          0.056201929473953915
        ],
        [
          -0.13136449636968192,
          -1.044928023923568,
          0.30886638166407243
        ],
        [
          -0.0342373757608338,
          -1.033243870148737,
          0.0009781763524117709
        ],
        [
          0.5452231531364884,
          -0.2599260144164009,
          0.04825804820935876
        ],
        [
          -0.7316572722032102,
          -0.30713271326456565,
          0.18267182334198154
        ]
      ],
      [
        [
          0.1849220451924579,
          0.4044529981405479,
          0.15697890188792865
        ],
        [
          0.01183356350069953,
          -0.4641297266692949,
          0.07024402561769129
        ],
        [
          0.020116288551724634,
          0.8691400162110415,
          0.2100451272775355
        ],
        [
          0.05849132194476287,
          0.8916099879028877,
          0.30117288508448453
        ],
        [
          0.20860216635836085,
          0.601213729444698,
          0.30898194552079844
        ],
        [
          0.16196839543097466,
          0.9937066288461419,
          0.13298234180603355
        ]
      ]
    ]
  },
  "metrics_series": {
    "mse_train_noise": 0.019067164300121137,
    "mse_train_recovered": 0.013728339860714464,
    "delta_train_pct": 28.00009668649446,
    "mse_test_noise": 0.01895794215292774,
    "mse_test_recovered": 0.01131039122136699,
    "delta_test_pct": 40.33956254255007
  }
}