{
  "schema": {
    "name": "full_qae_bundle",
    "version": "1.0"
  },
  "timestamp": "2025-09-16 13:45:30",
  "dataset": {
    "id": "mackey_glass_tau30_n200",
    "scale_low": 0.2,
    "scale_high": 0.8,
    "window_size": 6,
    "window_step": 2,
    "split": 0.75
  },
  "run": {
    "instance_id": 1,
    "layer": 1,
    "sigma_eval": 0.2,
    "test_seed_fixed": 99123
  },
  "environment": {
    "device": "default.qubit",
    "diff_method": "best",
    "reset_mode": "swap"
  },
  "architecture": {
    "n_qubits": 6,
    "n_latent": 4,
    "n_trash": 2,
    "n_extra": 0,
    "rot": "Rxyz"
  },
  "parameters": {
    "weights": [
      [
        [
          0.15152790585610895,
          -0.6373628405255994,
          0.2731840885843143
        ],
        [
          0.37331668040541277,
          -0.7201055179853624,
          0.004709711553810333
        ],
        [
          0.14119220181022987,
          -1.0473481459907965,
          0.027122650767620934
        ],
        [
          -0.550656647918014,
          -1.1001473592733422,
          0.2817513314133029
        ],
        [
          -0.28526689398504756,
          -0.232252569164059,
          0.0779249256076546
        ],
        [
          0.7170232608471304,
          -0.29827345774101593,
          0.2073063815456601
        ]
      ],
      [
        [
          0.2070714750297993,
          0.010522350129075332,
          0.20280098176264907
        ],
        [
          0.26579747664862285,
          -0.21921034120075333,
          0.022715250207691957
        ],
        [
          0.2742533699365958,
          0.8696767327925351,
          0.16906226744042763
        ],
        [
          0.2642961015567154,
          0.7813502731883109,
          0.17203117357556863
        ],
        [
          0.08292638193663782,
          0.5083137785415414,
          0.2108814690580078
        ],
        [
          0.09623490301895916,
          0.9937064252437607,
          0.1430158746736835
        ]
      ]
    ]
  },
  "metrics_series": {
    "mse_train_noise": 0.019067164300121137,
    "mse_train_recovered": 0.01375846436377633,
    "delta_train_pct": 27.842105164589583,
    "mse_test_noise": 0.01895794215292774,
    "mse_test_recovered": 0.011406786184355243,
    "delta_test_pct": 39.83109510335934
  }
}