{
  "schema": {
    "name": "full_qae_bundle",
    "version": "1.0"
  },
  "timestamp": "2025-09-16 14:18:36",
  "dataset": {
    "id": "mackey_glass_tau30_n200",
    "scale_low": 0.2,
    "scale_high": 0.8,
    "window_size": 6,
    "window_step": 2,
    "split": 0.75
  },
  "run": {
    "instance_id": 4,
    "layer": 1,
    "sigma_eval": 0.2,
    "test_seed_fixed": 99123
  },
  "environment": {
    "device": "default.qubit",
    "diff_method": "best",
    "reset_mode": "swap"
  },
  "architecture": {
    "n_qubits": 6,
    "n_latent": 4,
    "n_trash": 2,
    "n_extra": 0,
    "rot": "Rxyz"
  },
  "parameters": {
    "weights": [
      [
        [
          0.3517792459743817,
          -0.6641582735780551,
          0.2764250310030248
        ],
        [
          -0.39182338401971134,
          -0.7256407002977922,
          0.1476650869678748
        ],
        [
          -0.06325957613547595,
          -1.042457524651902,
          0.15111159828168716
        ],
        [
          0.12558983276576643,
          -1.039551395718733,
          0.058525618082398055
        ],
        [
          0.641783811167329,
          -0.287185924061931,
          0.08826361187174042
        ],
        [
          0.9734609430037758,
          -0.39859894122325684,
          0.19651153412564007
        ]
      ],
      [
        [
          0.26426756916119526,
          -0.38676093172755704,
          0.13489589923462514
        ],
        [
          0.11212425069874454,
          -0.3840255580428872,
          0.2685378380041791
        ],
        [
          0.0729611428349937,
          0.8777540144815175,
          0.287695301112165
        ],
        [
          0.2934018068790178,
          0.891190721095485,
          0.2735437067144978
        ],
        [
          0.08476628567028931,
          -0.6402833992187473,
          0.23743782602925315
        ],
        [
          0.05628940064233298,
          0.9937063215345598,
          0.004053816131555937
        ]
      ]
    ]
  },
  "metrics_series": {
    "mse_train_noise": 0.019067164300121137,
    "mse_train_recovered": 0.013727058809232234,
    "delta_train_pct": 28.00681531262086,
    "mse_test_noise": 0.01895794215292774,
    "mse_test_recovered": 0.011351726010640382,
    "delta_test_pct": 40.1215283859947
  }
}