{
  "schema": {
    "name": "half_qae_bundle",
    "version": "1.0"
  },
  "timestamp": "2025-09-14 16:40:01",
  "dataset": {
    "id": "mackey_glass_tau30_n200",
    "scale_low": 0.2,
    "scale_high": 0.8,
    "window_size": 6,
    "window_step": 2,
    "split": 0.75
  },
  "run": {
    "instance_id": 2,
    "layer": 3,
    "sigma_eval": 0.2,
    "test_seed_fixed": 99123
  },
  "environment": {
    "device": "default.qubit",
    "reset_mode": "swap"
  },
  "architecture": {
    "n_qubits": 6,
    "n_latent": 2,
    "n_trash": 4
  },
  "parameters": {
    "phi": [
      0.23033611830579484,
      -0.12448575754492819,
      -0.07962735243964594,
      -1.7983186128012814,
      0.8879492223055929,
      -1.150662226221804,
      -0.12520381191061333,
      -0.8558249341930427,
      1.6454225454214773,
      -0.2318627091095735,
      -0.4459022646671874,
      -0.056603707666520627,
      0.5983026643013644,
      0.9956761172678819,
      0.9147763648559608,
      -0.6036110501625265,
      0.6803124168199439,
      0.4652482368560116,
      0.16335274995836105,
      -0.25926893889219027,
      1.1279596565021555,
      -1.6220721487568193,
      -0.17870931845431084,
      1.5992553196459254,
      -0.34230970525671833,
      -1.5723433710162795,
      -0.5600013947297553,
      1.0679442697006005,
      -0.2488025407548169,
      -0.4074401472144278,
      0.30324910714717845,
      -1.5215429356089043,
      -0.37501494743226,
      -0.3466827865227519,
      1.4161770315174034,
      0.37725876610696196,
      0.5135499680565102,
      -0.1531011379993256,
      -0.07153468961551386,
      -0.12835397133616272,
      -1.6789565602707877,
      -0.10641668030602738,
      -1.463304307955384,
      1.0209528346025265,
      0.42279902973165306,
      -0.015119520525445657,
      0.6786559231683741,
      0.654475014315281,
      1.4897156645083234,
      -0.6688916875266144,
      0.044414923829586776,
      -0.079679482501475,
      0.8352176101782661,
      0.531283984058113
    ],
    "psi": [
      0.18686168570330278,
      -0.1255495080119773,
      -0.10103530137889709,
      -1.8245711372025213,
      0.9137899071409022,
      -1.213158071094574,
      -0.12948969010084765,
      -0.8663025428901555,
      1.634110028780896,
      -0.22509418680074816,
      -0.4508720621737582,
      -0.07269874790760075,
      0.5158222128259485,
      1.0727501584423207,
      0.8620496228667335,
      -0.6611770210048521,
      0.6006218809145261,
      0.4544152436701528,
      0.16848694544435605,
      -0.193597463835583,
      1.1325069049859253,
      -1.6156043446303447,
      -0.16325694721145267,
      1.5971998945858046,
      -0.3328209800900598,
      -1.574577214970719,
      -0.5292361830978106,
      1.0967288984960475,
      -0.262880915522679,
      -0.46825621143838636,
      0.34386996740686865,
      -1.5836476449091748,
      -0.4217893677806656,
      -0.42121791574758116,
      1.3515224347274517,
      0.3936314687723182,
      0.46669273456437377,
      -0.1655745876946767,
      -0.1635108585844991,
      -0.23085573003471016,
      -1.6600750494622738,
      -0.12263900526524073,
      -1.4328257351344098,
      1.1238468946233087,
      0.4263458937267101,
      -0.02546474149883613,
      0.720667984404282,
      0.7418588213264364,
      1.5262632576787916,
      -0.6160087293976702,
      0.03957900310546548,
      -0.0758053825226565,
      0.9231194355066178,
      0.5594379929528835
    ]
  },
  "metrics_series": {
    "mse_train_noise": 0.019067164300121137,
    "mse_train_recovered": 0.020495668052868333,
    "delta_train_pct": -7.491957011867356,
    "mse_test_noise": 0.01895794215292774,
    "mse_test_recovered": 0.01868455928035437,
    "delta_test_pct": 1.4420493024404957
  }
}