{
  "schema": {
    "name": "half_qae_bundle",
    "version": "1.0"
  },
  "timestamp": "2025-09-14 16:40:09",
  "dataset": {
    "id": "mackey_glass_tau30_n200",
    "scale_low": 0.2,
    "scale_high": 0.8,
    "window_size": 6,
    "window_step": 2,
    "split": 0.75
  },
  "run": {
    "instance_id": 5,
    "layer": 3,
    "sigma_eval": 0.2,
    "test_seed_fixed": 99123
  },
  "environment": {
    "device": "default.qubit",
    "reset_mode": "swap"
  },
  "architecture": {
    "n_qubits": 6,
    "n_latent": 2,
    "n_trash": 4
  },
  "parameters": {
    "phi": [
      -1.061428945471865,
      -0.11326344648595671,
      0.06443471217845816,
      -0.286852332195788,
      -0.19715705437603145,
      0.048273070683470545,
      -0.9184376289028777,
      -0.13597328408090276,
      0.17668157648626986,
      -0.1666152529720208,
      0.4833206704855659,
      -0.9838961221055333,
      0.004682119286433164,
      -0.3493770423369388,
      -0.008615228954188833,
      -0.00020560842281987473,
      -0.31538648714548595,
      -0.0028532952781124853,
      1.0426821339954022,
      0.003752473206323648,
      -0.015148383061366887,
      1.032671135667512,
      0.20456532522700904,
      -0.04605884878478797,
      -0.03616483643872097,
      -0.005352613687281569,
      1.5039349994442237,
      -1.0198211270832362,
      -0.11371673540406126,
      1.474229447388916,
      -0.41358703286045434,
      0.00897764232358027,
      0.0085225132951793,
      1.0694650369245655,
      -0.02804657166422821,
      0.00645619616885341,
      0.4817196658150358,
      -1.575535869349259,
      -0.5523501387520142,
      0.07756478427810265,
      0.11816468107027266,
      0.9354605095015074,
      0.4192770233342726,
      1.5108056586002403,
      0.4220162939540523,
      -0.03137434398189861,
      -0.1525163645264666,
      -0.002996920306565864,
      -0.3571354801546248,
      -1.563275807211819,
      0.7194920593404333,
      0.22696598218419126,
      -1.546105154781848,
      0.11662810228957501
    ],
    "psi": [
      -1.112705923909759,
      -0.10768544071840584,
      0.10691532066695099,
      -0.2835174851725799,
      -0.21239119044930244,
      0.07272825764473999,
      -0.9116236546156082,
      -0.14026591240384645,
      0.1860762126362949,
      -0.10878962442622893,
      0.5685221286519431,
      -0.9749869535573792,
      -0.0789018830390248,
      -0.2803145220287581,
      0.002793793969496321,
      -0.02930082385641576,
      -0.3038044029905428,
      -0.009335664792113363,
      1.13103241956943,
      -0.010969377199637673,
      -0.028188110027872155,
      1.0451594401010749,
      0.2014497619962453,
      -0.006417635842127222,
      -0.0725750487153886,
      0.03252496580711796,
      1.505655433956659,
      -1.1079602288395936,
      -0.14867949163960192,
      1.4769770426232713,
      -0.3150087134643869,
      0.002687398240303028,
      -0.0363347830744703,
      1.1637267195002639,
      -0.052106340725979874,
      -0.0410632079638949,
      0.6125528698875923,
      -1.5508832035025382,
      -0.6423082520248484,
      0.08655370670828735,
      0.09982472749977915,
      0.9795325595904558,
      0.46006178692802374,
      1.4676681308975437,
      0.27959585718914565,
      -0.07448619342007037,
      -0.17247172562170865,
      0.05779878000301013,
      -0.3423612530752355,
      -1.5581793147376897,
      0.7168150962651788,
      0.29596831808885343,
      -1.5572958515411246,
      0.15295696899886277
    ]
  },
  "metrics_series": {
    "mse_train_noise": 0.019067164300121137,
    "mse_train_recovered": 0.02371946126835008,
    "delta_train_pct": -24.399522105127012,
    "mse_test_noise": 0.01895794215292774,
    "mse_test_recovered": 0.022179360597838444,
    "delta_test_pct": -16.99244790876846
  }
}