{
  "schema": {
    "name": "half_qae_bundle",
    "version": "1.0"
  },
  "timestamp": "2025-09-14 16:40:03",
  "dataset": {
    "id": "mackey_glass_tau30_n200",
    "scale_low": 0.2,
    "scale_high": 0.8,
    "window_size": 6,
    "window_step": 2,
    "split": 0.75
  },
  "run": {
    "instance_id": 3,
    "layer": 3,
    "sigma_eval": 0.2,
    "test_seed_fixed": 99123
  },
  "environment": {
    "device": "default.qubit",
    "reset_mode": "swap"
  },
  "architecture": {
    "n_qubits": 6,
    "n_latent": 2,
    "n_trash": 4
  },
  "parameters": {
    "phi": [
      0.40392036099188594,
      0.11732328322946839,
      1.333188716738703,
      -0.623899173183599,
      -0.5597315147531557,
      0.9704933995052357,
      -0.811456571365227,
      1.3488410038168093,
      -0.37371176169298853,
      0.11408852779456467,
      -1.1377563615373958,
      -0.1328339426023621,
      -0.6569193910110154,
      -1.391842640591077,
      -0.9891750765145804,
      -0.9790052353999682,
      -0.655618089936646,
      0.9290909665036321,
      0.7575659455102977,
      -0.010551664480858397,
      0.16020814137070238,
      1.6145137695558807,
      -0.44521748527416144,
      -0.11360023254947824,
      -1.3844256758010876,
      -0.042073637489146304,
      -0.012487330643842607,
      1.1940626193294015,
      0.5231229160012564,
      -1.5644739803953918,
      1.161260429966533,
      -0.49978919432048435,
      -0.0160225134862562,
      1.408780786556621,
      -0.0272442869451018,
      -0.12242919350994105,
      -0.03735894108441431,
      -0.0012702251957073696,
      0.3144577245708833,
      -0.39954714838796557,
      1.5665132488812727,
      0.01636005305307587,
      -0.0028170654490025323,
      -0.013284704264320235,
      -0.7617639362305036,
      1.5390884029292866,
      -0.025230807077312546,
      0.2953366515953318,
      0.013402073002683992,
      0.025565474376831123,
      -0.4041422505462566,
      0.07811071466836413,
      0.2124570813345032,
      0.41614459605001203
    ],
    "psi": [
      0.37353381241806777,
      0.12475977370310772,
      1.3353398173884097,
      -0.5904608068965577,
      -0.5006867841664151,
      0.9996760036026587,
      -0.837970448979949,
      1.3940312980963119,
      -0.3152608093440858,
      0.09641008536416266,
      -1.2096646888718865,
      -0.0424168894806206,
      -0.7383461312549161,
      -1.4098356526673972,
      -0.9567924956513177,
      -1.0115803371831282,
      -0.6132976365361088,
      1.0099334222497083,
      0.7241864748487057,
      -0.055641117484473646,
      0.05858371545461185,
      1.610129632441245,
      -0.46676978208321124,
      -0.10673416587306325,
      -1.381642594037107,
      -0.060648784862994756,
      -0.05747233001576956,
      1.2017648368545295,
      0.6020632365775068,
      -1.4971312783942288,
      1.1550554736127545,
      -0.5163458331945051,
      0.035588652209827404,
      1.4058823928021733,
      -0.059063442142183745,
      -0.08045906596700424,
      -0.04490342932648528,
      0.030546067150344625,
      0.28084429516785114,
      -0.40982840063395,
      1.5121970873970054,
      0.09313286100981473,
      -6.490128676592765e-05,
      -0.028905649109115077,
      -0.7438244469447516,
      1.564378053552862,
      0.08091564336809359,
      0.40218255666408315,
      0.02611118765725088,
      -0.0005959253086602218,
      -0.35052020050567384,
      0.15441052464604876,
      0.22087166611616063,
      0.4496817064435748
    ]
  },
  "metrics_series": {
    "mse_train_noise": 0.019067164300121137,
    "mse_train_recovered": 0.02436885179618291,
    "delta_train_pct": -27.805327591518637,
    "mse_test_noise": 0.01895794215292774,
    "mse_test_recovered": 0.023390964826588923,
    "delta_test_pct": -23.38345922728
  }
}