{
  "schema": {
    "name": "half_qae_bundle",
    "version": "1.0"
  },
  "timestamp": "2025-09-14 16:40:06",
  "dataset": {
    "id": "mackey_glass_tau30_n200",
    "scale_low": 0.2,
    "scale_high": 0.8,
    "window_size": 6,
    "window_step": 2,
    "split": 0.75
  },
  "run": {
    "instance_id": 4,
    "layer": 3,
    "sigma_eval": 0.2,
    "test_seed_fixed": 99123
  },
  "environment": {
    "device": "default.qubit",
    "reset_mode": "swap"
  },
  "architecture": {
    "n_qubits": 6,
    "n_latent": 2,
    "n_trash": 4
  },
  "parameters": {
    "phi": [
      -1.3323145394765534,
      -1.5593338911200294,
      -0.1788549456554301,
      0.2151091595979963,
      -1.4986880808753718,
      1.1397786453988894,
      1.5991432344709902,
      0.0909212921497626,
      -1.0161573335849579,
      0.15138481862473283,
      1.226848475408702,
      -1.485083654583467,
      -0.002263353959116792,
      0.8025925191178707,
      -0.04608003353527916,
      0.04623108361901187,
      1.007500574811787,
      -1.1744530019953767,
      -0.7052171672889059,
      -1.5889978348992977,
      0.6281767696126194,
      -0.3426888722623441,
      1.4160210310939048,
      -0.8662186774434054,
      -0.3198874294343719,
      -0.2764638982619306,
      -0.4315392776277143,
      -0.6329418171037762,
      -1.3705394067138574,
      0.7796162860801769,
      -1.2328240150107153,
      0.48009584860029136,
      -1.5855321541410632,
      -0.9447634193220519,
      -1.3953152985990636,
      0.9348439390309426,
      0.8665387641488721,
      -1.5137170988934536,
      -0.41781893119718044,
      -0.4191980635102476,
      -0.8609590168982069,
      1.1465538202210304,
      -0.06321987687481077,
      -0.9119566995150875,
      0.36204310617371394,
      -1.7070623565378928,
      -1.5246610791458035,
      -0.13798318186346656,
      -0.2868398543359565,
      -1.5596614854443938,
      -0.5911702220063663,
      -1.167160665835469,
      -1.4653167244373753,
      -1.549390463464917
    ],
    "psi": [
      -1.2636507336078613,
      -1.5661817498886728,
      -0.1499733569889811,
      0.16385618511857514,
      -1.4869564547064336,
      1.111066887131939,
      1.6248104317427126,
      0.14393523073804632,
      -1.0630371300307504,
      0.16313971859375936,
      1.2881178265295705,
      -1.4378093979949982,
      0.019028946191750218,
      0.8400363323108153,
      0.003073416602166044,
      0.01619092673377823,
      0.9871791650648707,
      -1.2399672258171066,
      -0.6710734420167328,
      -1.5522697021549758,
      0.5439344294631203,
      -0.2939544191805092,
      1.385048033513013,
      -0.8153200682387061,
      -0.30524729926732325,
      -0.2778758478013412,
      -0.4415913619321432,
      -0.6822952567473138,
      -1.3913167922445593,
      0.7607796541525454,
      -1.2647645314305567,
      0.5533219681050066,
      -1.5707606702525583,
      -0.9147917068121639,
      -1.4115322701449464,
      1.0460124993489592,
      0.8667199989403108,
      -1.4947848101077998,
      -0.4436436881618894,
      -0.4079888619777751,
      -0.9226554482002165,
      1.2242305458710598,
      -0.0243607315102307,
      -0.9804850827624482,
      0.304010797297043,
      -1.6384182426858165,
      -1.5024601859758009,
      -0.1625462414870865,
      -0.3011075277901116,
      -1.5231777417835692,
      -0.5966049986159049,
      -1.0869679721358805,
      -1.5284047961840335,
      -1.5234993700196908
    ]
  },
  "metrics_series": {
    "mse_train_noise": 0.019067164300121137,
    "mse_train_recovered": 0.019290950327524824,
    "delta_train_pct": -1.173672308484086,
    "mse_test_noise": 0.01895794215292774,
    "mse_test_recovered": 0.017412141427309527,
    "delta_test_pct": 8.153842400977517
  }
}