{
  "schema": {
    "name": "half_qae_bundle",
    "version": "1.0"
  },
  "timestamp": "2025-09-14 16:39:58",
  "dataset": {
    "id": "mackey_glass_tau30_n200",
    "scale_low": 0.2,
    "scale_high": 0.8,
    "window_size": 6,
    "window_step": 2,
    "split": 0.75
  },
  "run": {
    "instance_id": 1,
    "layer": 3,
    "sigma_eval": 0.2,
    "test_seed_fixed": 99123
  },
  "environment": {
    "device": "default.qubit",
    "reset_mode": "swap"
  },
  "architecture": {
    "n_qubits": 6,
    "n_latent": 2,
    "n_trash": 4
  },
  "parameters": {
    "phi": [
      1.6116820695739593,
      -1.598253071961615,
      1.0631059128233706,
      0.901585507103063,
      -0.17551286519291587,
      -1.2809276885841676,
      -0.41291304454233296,
      -0.2822366791568187,
      -1.4283316931436159,
      0.0007020298472090927,
      0.6873004419162314,
      -1.34898545345254,
      -0.2271443378835555,
      0.7942805559387454,
      1.0719587216505997,
      -0.7863881863180462,
      -0.5329358393541677,
      -0.8948659061041538,
      0.22808850319892932,
      0.5134621138414689,
      0.6095760138216155,
      -0.7743677848759735,
      -0.2466500912725968,
      -0.1818849435514909,
      -1.135912543327897,
      1.045108356253099,
      0.3335516137914585,
      -0.7596257833107817,
      -0.8026551174319124,
      0.42038696583045165,
      -0.8000927910591082,
      -1.249099127511805,
      -0.13658075114521287,
      -0.0867862608960235,
      0.4252598027185925,
      0.09546632191811004,
      -0.22065945818903343,
      -0.05498979756250624,
      0.710616513889603,
      -0.028610241867900392,
      -0.004914600925573248,
      0.26994566024722966,
      1.365475954456409,
      -0.40631019559916465,
      -0.339992747523655,
      0.9021555038060209,
      0.6122541420737635,
      0.08588831757979681,
      -0.23634777061694287,
      0.14366584183322476,
      -0.20406587968111395,
      0.6394874353883335,
      0.566060471146369,
      -0.19447002641258604
    ],
    "psi": [
      1.594717766537057,
      -1.5831128059476776,
      1.0577615262854798,
      0.9380768452941881,
      -0.16150531883369693,
      -1.221191983187901,
      -0.3993772157514054,
      -0.32753058367150323,
      -1.405516639126356,
      -0.049198764289186445,
      0.6961865597252874,
      -1.3409083536757145,
      -0.2205668128587465,
      0.7572375074500177,
      1.184907850123019,
      -0.8076993588145831,
      -0.5193990011203372,
      -0.9349693255379793,
      0.16434936196938377,
      0.5864740875601675,
      0.5561875940162024,
      -0.6942743863728335,
      -0.24248160628708795,
      -0.1949527653321567,
      -1.1360027379407873,
      1.0673939760887512,
      0.3553862891500672,
      -0.7789340428183797,
      -0.9138485006936133,
      0.5014625595933575,
      -0.7784717356283887,
      -1.335824799290048,
      -0.20898847357517172,
      -0.10119362409069134,
      0.4471789624718864,
      0.07295545475911777,
      -0.25354737407361017,
      -0.008242585091228985,
      0.6646058082452225,
      0.010957710652408878,
      0.060042400084550064,
      0.34763956264504015,
      1.3839740352387748,
      -0.3803537483794657,
      -0.34589673834702583,
      1.0238082703368896,
      0.7066733886300514,
      0.016861466439381273,
      -0.270162255737881,
      0.17133452806158445,
      -0.2388909833834451,
      0.6816318278007009,
      0.5513343313582956,
      -0.24953997043679557
    ]
  },
  "metrics_series": {
    "mse_train_noise": 0.019067164300121137,
    "mse_train_recovered": 0.022220537915904573,
    "delta_train_pct": -16.53824116763605,
    "mse_test_noise": 0.01895794215292774,
    "mse_test_recovered": 0.02073404714594405,
    "delta_test_pct": -9.368659207254847
  }
}