{
  "schema": {
    "name": "full_qae_bundle",
    "version": "1.0"
  },
  "timestamp": "2025-09-16 13:45:50",
  "dataset": {
    "id": "mackey_glass_tau30_n200",
    "scale_low": 0.2,
    "scale_high": 0.8,
    "window_size": 6,
    "window_step": 2,
    "split": 0.75
  },
  "run": {
    "instance_id": 1,
    "layer": 1,
    "sigma_eval": 0.2,
    "test_seed_fixed": 99123
  },
  "environment": {
    "device": "default.qubit",
    "diff_method": "best",
    "reset_mode": "swap"
  },
  "architecture": {
    "n_qubits": 6,
    "n_latent": 2,
    "n_trash": 4,
    "n_extra": 0,
    "rot": "Rxyz"
  },
  "parameters": {
    "weights": [
      [
        [
          -0.06526855023603928,
          -0.9605264682161126,
          0.27318408875185946
        ],
        [
          -0.38032656442400425,
          -1.201855336952165,
          0.004709711834495796
        ],
        [
          0.00010067522411673234,
          -0.9655772887758913,
          0.027122650929995634
        ],
        [
          -0.5370656314146256,
          -0.6182993179306401,
          0.2817513315600063
        ],
        [
          0.5291685499039304,
          -0.4725284193484314,
          0.0779249257751558
        ],
        [
          0.48050843939344795,
          -0.3565547575396197,
          0.2073063815876
        ]
      ],
      [
        [
          0.20707147509884333,
          -0.27753908076925815,
          0.20280098183283213
        ],
        [
          0.26579747676363075,
          -0.6378018076997366,
          0.02271525034293338
        ],
        [
          0.27425336994908883,
          0.6398638588948021,
          0.16906226745829478
        ],
        [
          0.2642961015632452,
          0.9991007849936515,
          0.17203117355909398
        ],
        [
          0.0829263818887775,
          0.9944812672804544,
          0.21088146899761762
        ],
        [
          0.09623490298435715,
          0.9937064252437606,
          0.1430158746203602
        ]
      ]
    ]
  },
  "metrics_series": {
    "mse_train_noise": 0.019067164300121137,
    "mse_train_recovered": 0.01508365072129279,
    "delta_train_pct": 20.892008460865043,
    "mse_test_noise": 0.01895794215292774,
    "mse_test_recovered": 0.0122762834779558,
    "delta_test_pct": 35.244641117021594
  }
}