{
  "schema": {
    "name": "full_qae_bundle",
    "version": "1.0"
  },
  "timestamp": "2025-09-16 13:57:11",
  "dataset": {
    "id": "mackey_glass_tau30_n200",
    "scale_low": 0.2,
    "scale_high": 0.8,
    "window_size": 6,
    "window_step": 2,
    "split": 0.75
  },
  "run": {
    "instance_id": 2,
    "layer": 1,
    "sigma_eval": 0.2,
    "test_seed_fixed": 99123
  },
  "environment": {
    "device": "default.qubit",
    "diff_method": "best",
    "reset_mode": "swap"
  },
  "architecture": {
    "n_qubits": 6,
    "n_latent": 2,
    "n_trash": 4,
    "n_extra": 0,
    "rot": "Rxyz"
  },
  "parameters": {
    "weights": [
      [
        [
          -0.16295306112674607,
          -0.9644419535814889,
          0.05874891819958544
        ],
        [
          -0.16771648338139983,
          -1.1764045964106866,
          0.007153431815839809
        ],
        [
          -0.17330895182810288,
          -0.9822371812114504,
          0.19241098686096086
        ],
        [
          0.4961615222422903,
          -0.6176677334329153,
          0.014713768553177067
        ],
        [
          0.6515840164244182,
          -0.5179004439736872,
          0.12996277496342212
        ],
        [
          0.6824502590192462,
          -0.40670302932507263,
          0.2668281409127825
        ]
      ],
      [
        [
          0.307149941103875,
          0.30797531667057126,
          0.06771842552194225
        ],
        [
          0.2458042665482396,
          -0.57705448166798,
          0.12351626753495096
        ],
        [
          0.007581660047732255,
          0.691479922597563,
          0.02036561649384505
        ],
        [
          0.023328801112540667,
          0.9991010247554246,
          0.12855352337662376
        ],
        [
          0.2525827365034792,
          0.9944809321509013,
          0.018923163711476888
        ],
        [
          0.06596777804106349,
          0.9937064505826855,
          0.06084931822520563
        ]
      ]
    ]
  },
  "metrics_series": {
    "mse_train_noise": 0.019067164300121137,
    "mse_train_recovered": 0.015076903289069377,
    "delta_train_pct": 20.927396167800417,
    "mse_test_noise": 0.01895794215292774,
    "mse_test_recovered": 0.0122299526150202,
    "delta_test_pct": 35.48902873336657
  }
}