{
  "schema": {
    "name": "full_qae_bundle",
    "version": "1.0"
  },
  "timestamp": "2025-09-16 14:20:02",
  "dataset": {
    "id": "mackey_glass_tau30_n200",
    "scale_low": 0.2,
    "scale_high": 0.8,
    "window_size": 6,
    "window_step": 2,
    "split": 0.75
  },
  "run": {
    "instance_id": 4,
    "layer": 1,
    "sigma_eval": 0.2,
    "test_seed_fixed": 99123
  },
  "environment": {
    "device": "default.qubit",
    "diff_method": "best",
    "reset_mode": "swap"
  },
  "architecture": {
    "n_qubits": 6,
    "n_latent": 2,
    "n_trash": 4,
    "n_extra": 0,
    "rot": "Rxyz"
  },
  "parameters": {
    "weights": [
      [
        [
          -0.2942823138621077,
          -0.9758740326974992,
          0.2764250310433527
        ],
        [
          -0.023292063228899807,
          -1.1685037421538715,
          0.14766508694930067
        ],
        [
          -0.07996695788678847,
          -0.9767768633155611,
          0.15111159824768453
        ],
        [
          -0.07212908099645338,
          -0.5605813517895366,
          0.05852561801265414
        ],
        [
          0.5644584100426131,
          -0.4867361230752743,
          0.08826361193108005
        ],
        [
          0.6415599962238832,
          -0.39163346159328327,
          0.1965115338952773
        ]
      ],
      [
        [
          0.26426756932399503,
          -0.4874622046237496,
          0.1348958994001845
        ],
        [
          0.1121242508870478,
          -0.647400451622924,
          0.2685378382057612
        ],
        [
          0.07296114267936117,
          0.6846465187356816,
          0.287695300963015
        ],
        [
          0.29340180683162553,
          0.9991008482170165,
          0.27354370666493416
        ],
        [
          0.08476628585190095,
          0.9944808108469807,
          0.2374378262041748
        ],
        [
          0.05628940062532011,
          0.9937063215345596,
          0.004053816099170418
        ]
      ]
    ]
  },
  "metrics_series": {
    "mse_train_noise": 0.019067164300121137,
    "mse_train_recovered": 0.015091909976366993,
    "delta_train_pct": 20.848691820046305,
    "mse_test_noise": 0.01895794215292774,
    "mse_test_recovered": 0.01225853265636984,
    "delta_test_pct": 35.33827375627521
  }
}