{
  "schema": {
    "name": "full_qae_bundle",
    "version": "1.0"
  },
  "timestamp": "2025-09-16 14:31:28",
  "dataset": {
    "id": "mackey_glass_tau30_n200",
    "scale_low": 0.2,
    "scale_high": 0.8,
    "window_size": 6,
    "window_step": 2,
    "split": 0.75
  },
  "run": {
    "instance_id": 5,
    "layer": 1,
    "sigma_eval": 0.2,
    "test_seed_fixed": 99123
  },
  "environment": {
    "device": "default.qubit",
    "diff_method": "best",
    "reset_mode": "swap"
  },
  "architecture": {
    "n_qubits": 6,
    "n_latent": 2,
    "n_trash": 4,
    "n_extra": 0,
    "rot": "Rxyz"
  },
  "parameters": {
    "weights": [
      [
        [
          -0.39838456181981,
          -0.9936438842908789,
          0.30169271786865104
        ],
        [
          -0.2421506750410521,
          -1.1808092130674808,
          0.05620192952717336
        ],
        [
          -0.27316287973164133,
          -0.9862944366762,
          0.30886638179075726
        ],
        [
          0.04634936699553512,
          -0.5554724171350368,
          0.0009781765965341737
        ],
        [
          -0.030659526611157055,
          -0.41495102545380763,
          0.04825804836012653
        ],
        [
          -0.5931790715868747,
          -0.3812902965785387,
          0.18267182347713276
        ]
      ],
      [
        [
          0.18492204504448526,
          0.4622858561112729,
          0.15697890175203927
        ],
        [
          0.01183356344455864,
          -0.6332665919622819,
          0.0702440255504854
        ],
        [
          0.02011628841575389,
          0.617267020211422,
          0.2100451271645665
        ],
        [
          0.058491321764489665,
          0.9991007439431316,
          0.3011728849040931
        ],
        [
          0.20860216610787966,
          0.9944810587642946,
          0.30898194523274586
        ],
        [
          0.1619683952456988,
          0.9937066288461419,
          0.13298234154501648
        ]
      ]
    ]
  },
  "metrics_series": {
    "mse_train_noise": 0.019067164300121137,
    "mse_train_recovered": 0.015100004760762486,
    "delta_train_pct": 20.806237765169133,
    "mse_test_noise": 0.01895794215292774,
    "mse_test_recovered": 0.012298406814220623,
    "delta_test_pct": 35.12794418817583
  }
}