{
  "schema": {
    "name": "full_qae_bundle",
    "version": "1.0"
  },
  "timestamp": "2025-09-16 14:08:36",
  "dataset": {
    "id": "mackey_glass_tau30_n200",
    "scale_low": 0.2,
    "scale_high": 0.8,
    "window_size": 6,
    "window_step": 2,
    "split": 0.75
  },
  "run": {
    "instance_id": 3,
    "layer": 1,
    "sigma_eval": 0.2,
    "test_seed_fixed": 99123
  },
  "environment": {
    "device": "default.qubit",
    "diff_method": "best",
    "reset_mode": "swap"
  },
  "architecture": {
    "n_qubits": 6,
    "n_latent": 2,
    "n_trash": 4,
    "n_extra": 0,
    "rot": "Rxyz"
  },
  "parameters": {
    "weights": [
      [
        [
          -0.09269026202448036,
          -0.9619360923625092,
          0.17394272182157478
        ],
        [
          -0.21620754780391482,
          -1.1818255984655117,
          0.2497799129442016
        ],
        [
          -0.2330931074121005,
          -0.9776572219596502,
          0.2321444345729366
        ],
        [
          0.19866693462487833,
          -0.5617694045058321,
          0.29662432561540125
        ],
        [
          0.48775861381889024,
          -0.4634569653943962,
          0.14803150571270254
        ],
        [
          0.6270903502621331,
          -0.389769776496933,
          0.1361782085478162
        ]
      ],
      [
        [
          0.12503879953485783,
          -0.43246605031514507,
          0.2988066566640996
        ],
        [
          0.13869874313877711,
          -0.6636765841811707,
          0.27742287758543654
        ],
        [
          0.2087854429047296,
          0.690311728140851,
          0.22485989829960332
        ],
        [
          0.004466010973913103,
          0.9991010698014352,
          0.23571526668474146
        ],
        [
          0.07889068965344902,
          0.9944808007825314,
          0.2600341436382812
        ],
        [
          0.04806653562608564,
          0.9937064659025304,
          0.12676185742535886
        ]
      ]
    ]
  },
  "metrics_series": {
    "mse_train_noise": 0.019067164300121137,
    "mse_train_recovered": 0.015087095636397109,
    "delta_train_pct": 20.87394119585335,
    "mse_test_noise": 0.01895794215292774,
    "mse_test_recovered": 0.012287285902127021,
    "delta_test_pct": 35.18660515466625
  }
}