{
  "schema": {
    "name": "half_qae_bundle",
    "version": "1.0"
  },
  "timestamp": "2025-09-20 15:10:09",
  "dataset": {
    "id": "mackey_glass_tau30_n200",
    "scale_low": 0.2,
    "scale_high": 0.8,
    "window_size": 4,
    "window_step": 2,
    "split": 0.75
  },
  "run": {
    "instance_id": 2,
    "layer": 1,
    "sigma_eval": 0.2,
    "test_seed_fixed": 99123
  },
  "environment": {
    "device": "default.qubit",
    "reset_mode": "none"
  },
  "architecture": {
    "n_qubits": 4,
    "n_latent": 3,
    "n_trash": 1
  },
  "parameters": {
    "phi": [
      0.2008434020600515,
      -0.16309720406012057,
      0.06513407904330118,
      -0.6779230095827418,
      -0.1477302434752296,
      0.032565624039695866,
      0.5826338926583579,
      0.20308251816911096,
      1.0658141383771549,
      1.1771815968877164,
      0.14568220507269924,
      -0.4362487986788051
    ],
    "psi": [
      0.026740732003807267,
      -0.05631904619700718,
      0.03044573799094369,
      -0.10504582610069896,
      -0.029770245907694445,
      0.017394801192301815,
      0.04168901859222867,
      0.0005213922985475101,
      0.07344891653940105,
      0.04560327398834585,
      -0.12714580290955627,
      -0.020568124225892978
    ]
  },
  "metrics_series": {
    "mse_train_noise": 0.019268069867485593,
    "mse_train_recovered": 0.024879504126095266,
    "delta_train_pct": -29.122970267399918,
    "mse_test_noise": 0.018957942152927745,
    "mse_test_recovered": 0.02406098801891978,
    "delta_test_pct": -26.917720419375545
  }
}