{
  "schema": {
    "name": "half_qae_bundle",
    "version": "1.0"
  },
  "timestamp": "2025-09-20 15:10:14",
  "dataset": {
    "id": "mackey_glass_tau30_n200",
    "scale_low": 0.2,
    "scale_high": 0.8,
    "window_size": 4,
    "window_step": 2,
    "split": 0.75
  },
  "run": {
    "instance_id": 4,
    "layer": 1,
    "sigma_eval": 0.2,
    "test_seed_fixed": 99123
  },
  "environment": {
    "device": "default.qubit",
    "reset_mode": "none"
  },
  "architecture": {
    "n_qubits": 4,
    "n_latent": 3,
    "n_trash": 1
  },
  "parameters": {
    "phi": [
      -1.0044542458541839,
      -0.8932135637662617,
      -0.14721197349110693,
      0.4495971954743394,
      -0.17893166196589652,
      1.0154399045957243,
      0.5402475822409234,
      -0.02753934424694798,
      -0.2654686618602228,
      0.2131515768665347,
      0.4655091455214116,
      -0.09458317264218895
    ],
    "psi": [
      -0.11264092240457227,
      -0.1266112281531387,
      0.025837460144914323,
      0.03490118316773642,
      -0.04377628715226266,
      0.06539271216537457,
      0.0768043050460965,
      -0.02769204264514011,
      -0.02285895315833445,
      0.010306190407545622,
      0.04335566017176178,
      -0.05872504003719589
    ]
  },
  "metrics_series": {
    "mse_train_noise": 0.019268069867485593,
    "mse_train_recovered": 0.0264880684922204,
    "delta_train_pct": -37.47131225073239,
    "mse_test_noise": 0.018957942152927745,
    "mse_test_recovered": 0.029901378756751234,
    "delta_test_pct": -57.72481272253198
  }
}