{
  "schema": {
    "name": "half_qae_bundle",
    "version": "1.0"
  },
  "timestamp": "2025-09-20 15:10:16",
  "dataset": {
    "id": "mackey_glass_tau30_n200",
    "scale_low": 0.2,
    "scale_high": 0.8,
    "window_size": 4,
    "window_step": 2,
    "split": 0.75
  },
  "run": {
    "instance_id": 5,
    "layer": 1,
    "sigma_eval": 0.2,
    "test_seed_fixed": 99123
  },
  "environment": {
    "device": "default.qubit",
    "reset_mode": "none"
  },
  "architecture": {
    "n_qubits": 4,
    "n_latent": 3,
    "n_trash": 1
  },
  "parameters": {
    "phi": [
      -0.3544267234763644,
      -0.24201253057461708,
      0.05729162642018345,
      0.19608214115241204,
      -0.4614702656058734,
      -0.2765396414126144,
      -1.0985096374082568,
      -0.3933429764649399,
      0.10715892935234823,
      -1.0550391275032773,
      0.251388462828394,
      0.4070475576228551
    ],
    "psi": [
      -0.013067842731014507,
      -0.06384097221743985,
      0.016214284498761455,
      -0.015734513464873826,
      -0.07307443178935134,
      -0.009676448320183165,
      -0.1506390611053876,
      -0.0712827610725496,
      0.030424035498411175,
      -0.09027409962594213,
      -0.057600111260155434,
      0.037208751572770454
    ]
  },
  "metrics_series": {
    "mse_train_noise": 0.019268069867485593,
    "mse_train_recovered": 0.023998644165595374,
    "delta_train_pct": -24.5513657083656,
    "mse_test_noise": 0.018957942152927745,
    "mse_test_recovered": 0.024490493351106393,
    "delta_test_pct": -29.183289797749666
  }
}