{
  "schema": {
    "name": "half_qae_bundle",
    "version": "1.0"
  },
  "timestamp": "2025-09-20 15:10:06",
  "dataset": {
    "id": "mackey_glass_tau30_n200",
    "scale_low": 0.2,
    "scale_high": 0.8,
    "window_size": 4,
    "window_step": 2,
    "split": 0.75
  },
  "run": {
    "instance_id": 1,
    "layer": 1,
    "sigma_eval": 0.2,
    "test_seed_fixed": 99123
  },
  "environment": {
    "device": "default.qubit",
    "reset_mode": "none"
  },
  "architecture": {
    "n_qubits": 4,
    "n_latent": 3,
    "n_trash": 1
  },
  "parameters": {
    "phi": [
      0.6176120788622093,
      -0.6001804046974476,
      0.19790118570336404,
      0.32625060129921185,
      -0.10532918570202307,
      -0.3747524376958694,
      0.04756472178345438,
      -0.03610482050523519,
      -0.25664972266721764,
      0.6240357645516743,
      0.39942765241151534,
      -0.26610600427899145
    ],
    "psi": [
      0.07205482492267068,
      -0.09493801902184437,
      -0.018407250887071746,
      0.038040093592612484,
      -0.036271218645981956,
      -0.029455605805946215,
      0.01608246142462293,
      -0.025708274440904007,
      -0.015162804262125937,
      0.029121273713094326,
      0.013563767069394496,
      -0.07995318954170043
    ]
  },
  "metrics_series": {
    "mse_train_noise": 0.019268069867485593,
    "mse_train_recovered": 0.026539817805273647,
    "delta_train_pct": -37.73988774069661,
    "mse_test_noise": 0.018957942152927745,
    "mse_test_recovered": 0.026461229576476723,
    "delta_test_pct": -39.578596469080466
  }
}