{
  "schema": {
    "name": "half_qae_bundle",
    "version": "1.0"
  },
  "timestamp": "2025-09-02 22:17:23",
  "dataset": {
    "id": "mackey_glass_n100",
    "scale_low": 0.2,
    "scale_high": 0.8,
    "window_size": 6,
    "window_stride": 1
  },
  "run": {
    "tag": "inst3_L1",
    "instance_id": 3,
    "seed": 3,
    "sigma_train": 0.1,
    "sigma_eval": 0.1
  },
  "architecture": {
    "n_qubits": 6,
    "n_layers": 1,
    "n_latent": 4,
    "n_trash": 2,
    "latent_wires": [
      0,
      1,
      2,
      3
    ],
    "trash_wires": [
      4,
      5
    ]
  },
  "training": {
    "stage1": {
      "lr_init": 0.01,
      "max_epochs": 120,
      "patience": 10,
      "lr_patience": 8,
      "best_val": 0.24763699772465766,
      "final_val": 0.24781624867037574,
      "best_epoch": 116,
      "epochs": 120,
      "train_curve": [
        0.4921883667291522,
        0.4912347513563879,
        0.4901631883396097,
        0.4906197900893119,
        0.4878346955221985,
        0.4873650256326116,
        0.4848475533912261,
        0.48460334546795414,
        0.48428976371282934,
        0.4823986402502797,
        0.48009982267364254,
        0.4809106563014809,
        0.47827701289663704,
        0.47692289701162116,
        0.4739687733754141,
        0.47254215207606143,
        0.47219725159155157,
        0.46827397252583763,
        0.4656799582761262,
        0.46376720474433547,
        0.4604011637596557,
        0.45748378387498234,
        0.4541225389402962,
        0.4487414676086863,
        0.4498705731316597,
        0.4410336311238261,
        0.4387660684561595,
        0.43331925728479775,
        0.4305174346638629,
        0.42857078813285365,
        0.4178789346040259,
        0.41653392513908316,
        0.4112799403890438,
        0.4060480228985643,
        0.4034676285897464,
        0.39824931126508145,
        0.39728744020672413,
        0.3909478063424976,
        0.3871747251174789,
        0.3819204586825567,
        0.37779385667071236,
        0.3719524863604227,
        0.37203440960033995,
        0.3648945853252024,
        0.3648461394135739,
        0.36660326520175057,
        0.36098099965073494,
        0.35721322281537027,
        0.35878667472370496,
        0.358843088793864,
        0.3525485565444445,
        0.35344468433358495,
        0.34717219068635663,
        0.3498782149577916,
        0.3431946481656235,
        0.3470885670782611,
        0.3466193246992524,
        0.34030982860647385,
        0.34481988277570047,
        0.3414135425700142,
        0.3372656329564078,
        0.3438826833425481,
        0.335878645400884,
        0.33305342633054436,
        0.331329527583486,
        0.3322883746908373,
        0.3299780069722894,
        0.3335969680810553,
        0.32979183114491,
        0.32975370962394357,
        0.3297455923608281,
        0.3235161265640716,
        0.3298154832086817,
        0.3266766014246629,
        0.3310675974933368,
        0.3268358744308342,
        0.3293151920966363,
        0.32697943647303473,
        0.32321510791572616,
        0.3157042289022633,
        0.32113633692310917,
        0.3187067910842858,
        0.3217792271060498,
        0.32090220578325035,
        0.3235460374558097,
        0.3168600786506023,
        0.3170851474434148,
        0.31747620279722927,
        0.3186749385427876,
        0.31686801857257496,
        0.3224125187136889,
        0.31362975270125004,
        0.31736262645719593,
        0.3164696827542485,
        0.3200430676211764,
        0.32006995196901444,
        0.3135167187719714,
        0.31640789764215926,
        0.31542671216450063,
        0.32028617145293947,
        0.31542157974780605,
        0.31488438677556874,
        0.31137219341418454,
        0.31614117954183363,
        0.31717577072715847,
        0.31588835944480953,
        0.31648709847624756,
        0.3122467406782261,
        0.3166049706193288,
        0.3165883104934014,
        0.3104502128172797,
        0.31700192615972955,
        0.31677002544452104,
        0.3143425596192518,
        0.31787034171830114,
        0.3135305691418341,
        0.3163321744765862,
        0.31385730524707517,
        0.317551767842879,
        0.3151832989383331
      ],
      "val_curve": [
        0.5001330322140077,
        0.49983241154140545,
        0.4995264456332129,
        0.4992201438659624,
        0.49891501834919955,
        0.4985956782006481,
        0.4982584695391871,
        0.4978864402308598,
        0.49747390172838485,
        0.4970123799122117,
        0.4964932383580999,
        0.49585846610787543,
        0.49513159114961713,
        0.49425452945854265,
        0.49323537725322053,
        0.49201506970504605,
        0.4905587693252401,
        0.4888806745738712,
        0.4869300415384818,
        0.48469849493958755,
        0.482192959364728,
        0.47935622429993335,
        0.4761997595724785,
        0.47276709452547594,
        0.46900239413446004,
        0.4649541023465415,
        0.46063689194746066,
        0.4560325741405155,
        0.45118291161633756,
        0.4460435544607103,
        0.44074069855570164,
        0.43526992873694187,
        0.4296165853563793,
        0.4238630657150082,
        0.4179632700016497,
        0.41200640839097946,
        0.40604192277427514,
        0.4002772474452508,
        0.3945703215988404,
        0.38901829073140687,
        0.38361748420024916,
        0.3784738955086796,
        0.3735166493999153,
        0.3688364921534056,
        0.36441791006607865,
        0.36036808766005274,
        0.3563650703237596,
        0.35247508594517857,
        0.34872454933644287,
        0.3450980533998864,
        0.3416603364172613,
        0.33828969606721576,
        0.3348823599844164,
        0.3315506433413069,
        0.32828537203980185,
        0.3249019538841904,
        0.3215780085449624,
        0.3183850335859244,
        0.3152046068935216,
        0.3120359363197988,
        0.3090786243005336,
        0.3062110601721571,
        0.30338119194835683,
        0.30061242431573404,
        0.2978203765806069,
        0.29494438257347655,
        0.2921503667328443,
        0.2896495643861545,
        0.28699449601565596,
        0.2844919348402059,
        0.2818102261616541,
        0.27940692335456346,
        0.2769919043172174,
        0.27459772261271914,
        0.2722622713453568,
        0.27026421687125024,
        0.2683471724916344,
        0.26639613098701115,
        0.264725293232316,
        0.26317654741711166,
        0.26158908922026464,
        0.2602428931379796,
        0.259097743868194,
        0.258045045772649,
        0.2570136610477347,
        0.256137204316111,
        0.2552490058109332,
        0.2544321470011908,
        0.2536779141340122,
        0.2530254252870577,
        0.2525049162469479,
        0.25193196482554364,
        0.25137729374473033,
        0.25089963143483274,
        0.2505471808085562,
        0.2503410285597124,
        0.2501084640946847,
        0.2498053788246696,
        0.2496229987236612,
        0.24939155494111542,
        0.24922244073745872,
        0.2490356575358124,
        0.24892542232832157,
        0.24878837564077388,
        0.24868963428635116,
        0.24857704208102172,
        0.24848181328825877,
        0.24841298527937036,
        0.24827435690408178,
        0.24816170516483319,
        0.24808578320566377,
        0.24790989102521135,
        0.24779137119955436,
        0.24766238397667534,
        0.24764892192747454,
        0.24764710833410947,
        0.24763699772465766,
        0.24766751174646126,
        0.24773646774141034,
        0.24781624867037574
      ],