{
  "schema": {
    "name": "half_qae_bundle",
    "version": "1.0"
  },
  "timestamp": "2025-09-02 22:17:23",
  "dataset": {
    "id": "mackey_glass_n100",
    "scale_low": 0.2,
    "scale_high": 0.8,
    "window_size": 6,
    "window_stride": 1
  },
  "run": {
    "tag": "inst4_L1",
    "instance_id": 4,
    "seed": 4,
    "sigma_train": 0.1,
    "sigma_eval": 0.1
  },
  "architecture": {
    "n_qubits": 6,
    "n_layers": 1,
    "n_latent": 4,
    "n_trash": 2,
    "latent_wires": [
      0,
      1,
      2,
      3
    ],
    "trash_wires": [
      4,
      5
    ]
  },
  "training": {
    "stage1": {
      "lr_init": 0.01,
      "max_epochs": 120,
      "patience": 10,
      "lr_patience": 8,
      "best_val": 0.26650741056328103,
      "final_val": 0.26650741056328103,
      "best_epoch": 119,
      "epochs": 120,
      "train_curve": [
        0.4952802287505282,
        0.4947048615848472,
        0.4939183526614092,
        0.49378186351107234,
        0.4923958018315512,
        0.491879525952484,
        0.4911115937433109,
        0.4895585283424002,
        0.4895271706220551,
        0.48802105054020606,
        0.4876732335072961,
        0.4866920778400856,
        0.4861208416051215,
        0.48598037684508844,
        0.4840664796444052,
        0.4849236988078356,
        0.48282222551479254,
        0.48115106825219134,
        0.48045949184745534,
        0.4794521109856223,
        0.47671177342719195,
        0.4756234954111954,
        0.4760375283889282,
        0.47479715368059927,
        0.47030291868231655,
        0.4690240971080152,
        0.46621438785098734,
        0.4656999180803909,
        0.4648485070082664,
        0.4629297865002855,
        0.45672566714060747,
        0.45573332865803073,
        0.4527616843209587,
        0.45064603664209896,
        0.44907471468843485,
        0.4476183416614097,
        0.44381680278937385,
        0.4415877904258635,
        0.43596225164583124,
        0.4351605347393243,
        0.4393186169027403,
        0.4344360655459413,
        0.429695389726861,
        0.4347255848097116,
        0.42755999189989013,
        0.4260868130902527,
        0.423308497094106,
        0.4184008550987588,
        0.4234063546177804,
        0.4152587231216901,
        0.41553036288668876,
        0.41955068548303137,
        0.4161451124261901,
        0.41267684749737166,
        0.4117798714691284,
        0.4115729241142321,
        0.40899108561906017,
        0.4092968648967258,
        0.4057089026465236,
        0.40343120971115276,
        0.4012420848700071,
        0.40269655067747967,
        0.4037213027751926,
        0.3996772460986646,
        0.4006248953602429,
        0.39989377483663086,
        0.3967209763538076,
        0.3923828902681329,
        0.3938312200102211,
        0.3903211156085669,
        0.3862832739910447,
        0.3914580785001504,
        0.3877486977631325,
        0.38878106587514477,
        0.3820305629735934,
        0.38358922956249225,
        0.3813110581509531,
        0.37814038854738546,
        0.3784156248171748,
        0.37967545806681546,
        0.3804761759152321,
        0.3722871365339854,
        0.374984336289596,
        0.3709784992520858,
        0.37181355060145094,
        0.37112975616513216,
        0.365069651624146,
        0.3682167717007294,
        0.36199159269624703,
        0.36163064964149383,
        0.3608268114938863,
        0.3609757793765851,
        0.35986368585201567,
        0.3560671197985683,
        0.35353463917946115,
        0.3502736136859256,
        0.35105083352189154,
        0.3489041827171864,
        0.3499271082681398,
        0.34677026781780085,
        0.34291255597087855,
        0.3395113268790708,
        0.34256993295118565,
        0.3345004886953736,
        0.33713943070196223,
        0.3382678225114748,
        0.334925770489959,
        0.33322707096302884,
        0.3351019610761983,
        0.3316053935432608,
        0.3308998077389529,
        0.3234966489613582,
        0.3258181279740951,
        0.32880477056091706,
        0.3248263388920586,
        0.32348971400769666,
        0.3178957870094983,
        0.3184967384492263,
        0.32463429741211025,
        0.3172051252347701
      ],
      "val_curve": [
        0.4962852214887759,
        0.4958054304926739,
        0.49529993482293816,
        0.4947693937606285,
        0.49421888891857624,
        0.4936316919539588,
        0.49299944136419344,
        0.4923383063756386,
        0.4916138396374287,
        0.49085000674233187,
        0.49002220667047386,
        0.489151715602656,
        0.48820934240536173,
        0.48717789491838664,
        0.48608440560548255,
        0.48488469443570104,
        0.48360329639891736,
        0.4822138490467814,
        0.48074513213503356,
        0.4791308440482273,
        0.47739882205888723,
        0.47556131456930756,
        0.47360512495193213,
        0.47155564442617626,
        0.4694579873145759,
        0.4672638759570513,
        0.4650173247837325,
        0.46270644258315524,
        0.46041279656597706,
        0.458112561719526,
        0.45592240609114165,
        0.45375499338161107,
        0.4515794282425236,
        0.4495170802590431,
        0.44753642320391035,
        0.44557001235782145,
        0.4437037713667409,
        0.4418360394461917,
        0.4401212832904801,
        0.43840451385281365,
        0.4366780157705891,
        0.4350244479922357,
        0.43338100556606934,
        0.431656534986722,
        0.4299473807424698,
        0.4283854206886091,
        0.42681088070900014,
        0.4253580157633577,
        0.42388610583969166,
        0.4224170841574942,
        0.42104347109430224,
        0.4197766231197401,
        0.4185324446775029,
        0.4173864579287954,
        0.4162586130357491,
        0.4152209906183841,
        0.4142194394597546,
        0.4131802636227707,
        0.4121916592088102,
        0.4112594691432963,
        0.41034169888560096,
        0.4094631252254508,
        0.40862532930308393,
        0.40782321932070176,
        0.4070700897231126,
        0.4063296773349586,
        0.4056344786186977,
        0.404948986226379,
        0.4042581551403249,
        0.4035646490877903,
        0.4028946541235289,
        0.4022081987103147,
        0.40151770556195165,
        0.4007821454624189,
        0.40001183963601755,
        0.39916751861710104,
        0.3982514488668853,
        0.3973022949443662,
        0.3962154952790065,
        0.39514863840048603,
        0.3939190364095829,
        0.3925473755375923,
        0.391091641588506,
        0.38949280423604105,
        0.38779869565704983,
        0.3860031906332673,
        0.38397983776959616,
        0.38182555042749877,
        0.37954134662716976,
        0.37699731874976644,
        0.37449455415987837,
        0.3717203151183767,
        0.3686559516069822,
        0.3655214637348618,
        0.3620961600787593,
        0.3585459028191312,
        0.35472147282994254,
        0.35076585361529583,
        0.346773109654338,
        0.3426514091650746,
        0.33840185685943164,
        0.3342761551258273,
        0.32997682097751774,
        0.3256355332900539,
        0.3211292999277115,
        0.31668582349704566,
        0.31217399958516695,
        0.3076003450533872,
        0.30326304510164537,
        0.2990093250141277,
        0.29496475549438056,
        0.291161072018125,
        0.2873040823387963,
        0.2836765677911717,
        0.2801959894717154,
        0.2770348230992329,
        0.2740954163015827,
        0.2712959347049373,
        0.26878601772952987,
        0.26650741056328103
      ],