{
  "schema": {
    "name": "half_qae_bundle",
    "version": "1.0"
  },
  "timestamp": "2025-09-02 22:17:23",
  "dataset": {
    "id": "mackey_glass_n100",
    "scale_low": 0.2,
    "scale_high": 0.8,
    "window_size": 6,
    "window_stride": 1
  },
  "run": {
    "tag": "inst2_L1",
    "instance_id": 2,
    "seed": 2,
    "sigma_train": 0.1,
    "sigma_eval": 0.1
  },
  "architecture": {
    "n_qubits": 6,
    "n_layers": 1,
    "n_latent": 4,
    "n_trash": 2,
    "latent_wires": [
      0,
      1,
      2,
      3
    ],
    "trash_wires": [
      4,
      5
    ]
  },
  "training": {
    "stage1": {
      "lr_init": 0.01,
      "max_epochs": 120,
      "patience": 10,
      "lr_patience": 8,
      "best_val": 0.254600437293909,
      "final_val": 0.254600437293909,
      "best_epoch": 119,
      "epochs": 120,
      "train_curve": [
        0.4954184371159083,
        0.4947957683915666,
        0.4949355578208118,
        0.49301085058450045,
        0.49214754881268763,
        0.4929087737450992,
        0.49081513954319045,
        0.49036980749029285,
        0.48804901347816754,
        0.4885237312454592,
        0.48613000484169056,
        0.48592209984929496,
        0.48393325590864444,
        0.4823922045448562,
        0.480936341467529,
        0.4794176712387247,
        0.47786210116157624,
        0.478062194502356,
        0.4742966309344661,
        0.47228425457623274,
        0.4708441099339954,
        0.46972048672949596,
        0.46979717327178383,
        0.4659330629537419,
        0.46052778750198337,
        0.458552121282062,
        0.4616859546869436,
        0.4587876823147647,
        0.4536127136639971,
        0.44883720448643105,
        0.44655108110624625,
        0.44548249277518726,
        0.4441529994296798,
        0.44490044736115,
        0.43701250549585413,
        0.4388807885280047,
        0.4357729792234276,
        0.4280229657125351,
        0.4313169327349216,
        0.4294736361311644,
        0.4274387717915922,
        0.426034274510108,
        0.42117080920703276,
        0.42313870496151473,
        0.42181216327044047,
        0.41717588650333604,
        0.421542484650698,
        0.4154518975582555,
        0.4115872782660669,
        0.4147233234312645,
        0.4087083546734517,
        0.4066655662854791,
        0.4093590280832594,
        0.4067352052076658,
        0.40311032029917976,
        0.40220741990492914,
        0.39464399811991324,
        0.401260265144313,
        0.39725014833366656,
        0.39169001518983637,
        0.39416155451403434,
        0.39277255557746854,
        0.3933897033437882,
        0.3874070848194065,
        0.3930764012328579,
        0.38846011239168254,
        0.38815820416088853,
        0.3876154886461294,
        0.38443413205236476,
        0.38164380169717244,
        0.379279267990943,
        0.3791100912645645,
        0.3774653518503293,
        0.3808652918546997,
        0.3756649671424326,
        0.374144299075739,
        0.37465035300365057,
        0.36937782142844633,
        0.37503615263479406,
        0.369582197932422,
        0.3683521779554716,
        0.3630198365699722,
        0.36353916672161923,
        0.36418140102845753,
        0.35887524487859523,
        0.3568027459112576,
        0.35632627912480824,
        0.354901874162587,
        0.3523219428816255,
        0.3518347302312633,
        0.3494742335920049,
        0.3506303333341477,
        0.34606317965294253,
        0.34774102232794557,
        0.3447964769762069,
        0.34031600268257645,
        0.3404078500234779,
        0.3424293056875417,
        0.33391503561776475,
        0.3357425161037133,
        0.3321110447210278,
        0.33282156293215626,
        0.33067543742376526,
        0.32643637218190913,
        0.32574518300685185,
        0.32231441518586057,
        0.3277286170351816,
        0.32732528373636594,
        0.3218643112752092,
        0.32117256593305865,
        0.31964950453112184,
        0.321794809716791,
        0.3160905210471022,
        0.321560674964841,
        0.3196790115331264,
        0.3188225211892285,
        0.31559053189229247,
        0.319048644746015,
        0.3225438533566091,
        0.3203780390444727
      ],
      "val_curve": [
        0.4970487221432318,
        0.4967565096472361,
        0.4964268606163098,
        0.4960797451051688,
        0.4957018752137598,
        0.49527597534738915,
        0.49482664609413246,
        0.494307143580233,
        0.493736899695082,
        0.493083509935558,
        0.49237024476365054,
        0.49155640564904535,
        0.49063236502005303,
        0.489599029666471,
        0.48843824456743884,
        0.48712218390288275,
        0.48564719468671613,
        0.48399417782855475,
        0.48218603920062664,
        0.48021787672274235,
        0.47808330145851374,
        0.47581389203460517,
        0.47341656348390543,
        0.4709362350481863,
        0.46834590187074415,
        0.465716929279764,
        0.4630704510465449,
        0.46043429049777823,
        0.4577549026084343,
        0.4551227242635538,
        0.4524932713049969,
        0.44987366368792653,
        0.44732111500743793,
        0.44476364591544926,
        0.4423038015710917,
        0.43987845836403633,
        0.43746544831545814,
        0.4352257791614538,
        0.4330866169081138,
        0.4310396098408685,
        0.4290561600846098,
        0.42714287821684194,
        0.4252555736741696,
        0.42344284578456326,
        0.4217218756238575,
        0.42012467793509406,
        0.4185848802614115,
        0.4171388166495108,
        0.4157738320117651,
        0.41446283197840955,
        0.4132356918448237,
        0.4120773691901666,
        0.410958943989629,
        0.4099758493049888,
        0.40899177458281616,
        0.4081246267939073,
        0.4073062800486231,
        0.40652429294444553,
        0.4057792142354102,
        0.40507639487738273,
        0.40445422637093686,
        0.4038221419913005,
        0.40319466513714847,
        0.4025699626295607,
        0.40194160121508693,
        0.4012965322922089,
        0.4006312770477587,
        0.3999430086265299,
        0.39922184582594405,
        0.3984297449832429,
        0.39757991155205,
        0.396652522410551,
        0.3956082848195415,
        0.3945035131220313,
        0.39331559888871126,
        0.3919679708258168,
        0.3904691524234233,
        0.3888156868362116,
        0.38705809206768793,
        0.38519907971185924,
        0.3831157088671415,
        0.3807702467826209,
        0.3782537149602727,
        0.37564751908098765,
        0.37273244101011027,
        0.36977450321267424,
        0.3666687359953892,
        0.3632937096989267,
        0.35972824437305545,
        0.3559131796482221,
        0.35183695858229164,
        0.3478454587695168,
        0.3437429700124704,
        0.33953197544931185,
        0.33524880601144147,
        0.3308428973790182,
        0.32619825052781876,
        0.3216576720630502,
        0.31686058462838207,
        0.31248094134642185,
        0.30794617656403317,
        0.30345738267438166,
        0.29914416993228904,
        0.29506079795283596,
        0.2910495190437866,
        0.2872478638571331,
        0.28351351340930964,
        0.2799911836043508,
        0.2768197364375237,
        0.2738689847128056,
        0.27121042622425995,
        0.268638410134919,
        0.26623627109997144,
        0.26395436766861635,
        0.2619822681426148,
        0.2601214555548548,
        0.2585096672013535,
        0.25706799307590655,
        0.2556938265315038,
        0.254600437293909
      ],