{
  "schema": {
    "name": "full_qae_bundle",
    "version": "1.0"
  },
  "timestamp": "2025-09-16 02:50:58",
  "dataset": {
    "id": "mackey_glass_tau17_n200",
    "scale_low": 0.2,
    "scale_high": 0.8,
    "window_size": 4,
    "window_step": 2,
    "split": 0.75
  },
  "run": {
    "instance_id": 2,
    "layer": 1,
    "sigma_eval": 0.2,
    "test_seed_fixed": 99123
  },
  "environment": {
    "device": "default.qubit",
    "diff_method": "best",
    "reset_mode": "swap"
  },
  "architecture": {
    "n_qubits": 4,
    "n_latent": 2,
    "n_trash": 2,
    "n_extra": 0,
    "rot": "Rxyz"
  },
  "parameters": {
    "weights": [
      [
        [
          -0.10671774389667173,
          -0.7617789849381124,
          0.05874891842286219
        ],
        [
          0.0006412037232398889,
          -1.0776429496119466,
          0.00715343191827495
        ],
        [
          1.2340646615029785e-05,
          -0.9403749935258527,
          0.1924109871875663
        ],
        [
          2.2744271428776273,
          0.2724597799662854,
          0.014713768778028522
        ]
      ],
      [
        [
          0.15985025452105717,
          -0.6549819618518845,
          0.12996277488693136
        ],
        [
          0.11737706101448107,
          -0.779176618602912,
          0.2668281408122478
        ],
        [
          0.307149941022963,
          0.8445469490851926,
          0.06771842545871239
        ],
        [
          0.24580426631917685,
          0.9940439544428872,
          0.12351626719776768
        ]
      ]
    ]
  },
  "metrics_series": {
    "mse_train_noise": 0.019268069867485596,
    "mse_train_recovered": 0.014381618736167834,
    "delta_train_pct": 25.36035609650519,
    "mse_test_noise": 0.018957942152927745,
    "mse_test_recovered": 0.015377462304814852,
    "delta_test_pct": 18.886437247409503
  }
}