{
  "schema": {
    "name": "full_qae_bundle",
    "version": "1.0"
  },
  "timestamp": "2025-09-16 02:58:29",
  "dataset": {
    "id": "mackey_glass_tau17_n200",
    "scale_low": 0.2,
    "scale_high": 0.8,
    "window_size": 4,
    "window_step": 2,
    "split": 0.75
  },
  "run": {
    "instance_id": 3,
    "layer": 1,
    "sigma_eval": 0.2,
    "test_seed_fixed": 99123
  },
  "environment": {
    "device": "default.qubit",
    "diff_method": "best",
    "reset_mode": "swap"
  },
  "architecture": {
    "n_qubits": 4,
    "n_latent": 2,
    "n_trash": 2,
    "n_extra": 0,
    "rot": "Rxyz"
  },
  "parameters": {
    "weights": [
      [
        [
          -0.020249124244735652,
          -0.7566508171909222,
          0.17394272184858367
        ],
        [
          -0.16383247582331983,
          -1.0815922723526246,
          0.24977991285215692
        ],
        [
          -0.0001731215373036286,
          -0.9349651016027818,
          0.2321444343846743
        ],
        [
          1.0603224835071066,
          -0.34198764048240704,
          0.2966243254061597
        ]
      ],
      [
        [
          0.2708756180866122,
          0.6057926976017755,
          0.1480315054880491
        ],
        [
          0.07593563088626104,
          0.7551191854141461,
          0.13617820829904775
        ],
        [
          0.1250387997370042,
          0.8360001443323605,
          0.29880665688208047
        ],
        [
          0.13869874303386964,
          0.9940439544311527,
          0.27742287750365513
        ]
      ]
    ]
  },
  "metrics_series": {
    "mse_train_noise": 0.019268069867485596,
    "mse_train_recovered": 0.014385520598091818,
    "delta_train_pct": 25.340105692853864,
    "mse_test_noise": 0.018957942152927745,
    "mse_test_recovered": 0.015384364751923767,
    "delta_test_pct": 18.85002798392914
  }
}