{
  "schema": {
    "name": "full_qae_bundle",
    "version": "1.0"
  },
  "timestamp": "2025-09-16 03:06:03",
  "dataset": {
    "id": "mackey_glass_tau17_n200",
    "scale_low": 0.2,
    "scale_high": 0.8,
    "window_size": 4,
    "window_step": 2,
    "split": 0.75
  },
  "run": {
    "instance_id": 4,
    "layer": 1,
    "sigma_eval": 0.2,
    "test_seed_fixed": 99123
  },
  "environment": {
    "device": "default.qubit",
    "diff_method": "best",
    "reset_mode": "swap"
  },
  "architecture": {
    "n_qubits": 4,
    "n_latent": 2,
    "n_trash": 2,
    "n_extra": 0,
    "rot": "Rxyz"
  },
  "parameters": {
    "weights": [
      [
        [
          -0.2702165950162138,
          -0.7782039730090069,
          0.2764250308945923
        ],
        [
          0.28109980248379884,
          -1.095282076903021,
          0.1476650869014148
        ],
        [
          0.002027341653827451,
          -0.9354187643139835,
          0.15111159815491815
        ],
        [
          2.2283340257213844,
          0.28543411052910556,
          0.05852561806666053
        ]
      ],
      [
        [
          0.09170614694230156,
          0.6032380963391896,
          0.08826361201640097
        ],
        [
          0.2864166453200888,
          0.7571298413795864,
          0.19651153427274606
        ],
        [
          0.26426756925192235,
          0.7988838668865984,
          0.1348958993509247
        ],
        [
          0.11212425074290393,
          0.9940439544880421,
          0.2685378381360305
        ]
      ]
    ]
  },
  "metrics_series": {
    "mse_train_noise": 0.019268069867485596,
    "mse_train_recovered": 0.014373567672369063,
    "delta_train_pct": 25.40214058168788,
    "mse_test_noise": 0.018957942152927745,
    "mse_test_recovered": 0.01537063926354501,
    "delta_test_pct": 18.922427658261075
  }
}