{
  "schema": {
    "name": "full_qae_bundle",
    "version": "1.0"
  },
  "timestamp": "2025-09-16 03:13:41",
  "dataset": {
    "id": "mackey_glass_tau17_n200",
    "scale_low": 0.2,
    "scale_high": 0.8,
    "window_size": 4,
    "window_step": 2,
    "split": 0.75
  },
  "run": {
    "instance_id": 5,
    "layer": 1,
    "sigma_eval": 0.2,
    "test_seed_fixed": 99123
  },
  "environment": {
    "device": "default.qubit",
    "diff_method": "best",
    "reset_mode": "swap"
  },
  "architecture": {
    "n_qubits": 4,
    "n_latent": 2,
    "n_trash": 2,
    "n_extra": 0,
    "rot": "Rxyz"
  },
  "parameters": {
    "weights": [
      [
        [
          0.24585476090971453,
          -0.7714524177505084,
          0.30169271786825885
        ],
        [
          -0.0053575453009414905,
          -1.079573382708562,
          0.05620192946567657
        ],
        [
          -0.4522940757959855,
          -0.9918093697831369,
          0.3088663817351233
        ],
        [
          1.0530261820830875,
          -0.3423939460441642,
          0.000978176299367987
        ]
      ],
      [
        [
          0.0032531353835435184,
          -0.5008797426527489,
          0.048258048311900746
        ],
        [
          0.02209553201949556,
          0.6481438676475273,
          0.18267182328917375
        ],
        [
          0.18492204529033357,
          0.8296324413994449,
          0.1569789019919789
        ],
        [
          0.01183356358997766,
          0.9940439544726227,
          0.07024402573257546
        ]
      ]
    ]
  },
  "metrics_series": {
    "mse_train_noise": 0.019268069867485596,
    "mse_train_recovered": 0.014355390469991493,
    "delta_train_pct": 25.496479052030697,
    "mse_test_noise": 0.018957942152927745,
    "mse_test_recovered": 0.015345661480062757,
    "delta_test_pct": 19.054181322666032
  }
}