{
  "schema": {
    "name": "full_qae_bundle",
    "version": "1.0"
  },
  "timestamp": "2025-09-16 02:43:27",
  "dataset": {
    "id": "mackey_glass_tau17_n200",
    "scale_low": 0.2,
    "scale_high": 0.8,
    "window_size": 4,
    "window_step": 2,
    "split": 0.75
  },
  "run": {
    "instance_id": 1,
    "layer": 1,
    "sigma_eval": 0.2,
    "test_seed_fixed": 99123
  },
  "environment": {
    "device": "default.qubit",
    "diff_method": "best",
    "reset_mode": "swap"
  },
  "architecture": {
    "n_qubits": 4,
    "n_latent": 2,
    "n_trash": 2,
    "n_extra": 0,
    "rot": "Rxyz"
  },
  "parameters": {
    "weights": [
      [
        [
          0.0001556408481643416,
          -0.756717708081449,
          0.2731840885301297
        ],
        [
          -0.27600847710678705,
          -1.0941856608405118,
          0.004709711555713234
        ],
        [
          0.2749559628866043,
          -0.9553852906573044,
          0.02712265085778117
        ],
        [
          1.064705931373979,
          -0.34322326239536727,
          0.2817513312872204
        ]
      ],
      [
        [
          0.26059896770937646,
          0.5292543399975902,
          0.07792492566917072
        ],
        [
          0.23462774196328254,
          0.7218145524155224,
          0.20730638150233413
        ],
        [
          0.20707147510643503,
          0.8152693755440411,
          0.20280098183895717
        ],
        [
          0.2657974767284529,
          0.9940439544453311,
          0.02271525034092758
        ]
      ]
    ]
  },
  "metrics_series": {
    "mse_train_noise": 0.019268069867485596,
    "mse_train_recovered": 0.014362298825138335,
    "delta_train_pct": 25.460625148685136,
    "mse_test_noise": 0.018957942152927745,
    "mse_test_recovered": 0.01535977560222788,
    "delta_test_pct": 18.979731669579902
  }
}