{
  "schema": {
    "name": "full_qae_bundle",
    "version": "1.0"
  },
  "timestamp": "2025-09-15 14:20:35",
  "dataset": {
    "id": "mackey_glass_tau17_n200",
    "scale_low": 0.2,
    "scale_high": 0.8,
    "window_size": 4,
    "window_step": 2,
    "split": 0.75
  },
  "run": {
    "instance_id": 1,
    "layer": 1,
    "sigma_eval": 0.2,
    "test_seed_fixed": 99123
  },
  "environment": {
    "device": "lightning.qubit",
    "diff_method": "adjoint",
    "reset_mode": "swap"
  },
  "architecture": {
    "n_qubits": 4,
    "n_latent": 2,
    "n_trash": 2,
    "n_extra": 0,
    "rot": "Rxyz"
  },
  "parameters": {
    "weights": [
      [
        [
          0.00015564084816412733,
          -0.7567177080814497,
          0.2731840887314855
        ],
        [
          -0.27600847710676846,
          -1.0941856608405098,
          0.00470971175753003
        ],
        [
          0.2749559628866446,
          -0.9553852906573099,
          0.02712265093412565
        ],
        [
          1.064705931373978,
          -0.3432232623953669,
          0.28175133149414777
        ]
      ],
      [
        [
          0.2605989676151899,
          0.5292543399975851,
          0.07792492558965612
        ],
        [
          0.23462774196821742,
          0.7218145524155146,
          0.20730638147176866
        ],
        [
          0.2070714750471554,
          0.8152693755440457,
          0.2028009817153929
        ],
        [
          0.26579747668375114,
          0.9940439544453309,
          0.022715250231301862
        ]
      ]
    ]
  },
  "metrics_series": {
    "mse_train_noise": 0.019268069867485596,
    "mse_train_recovered": 0.01436229882513833,
    "delta_train_pct": 25.460625148685168,
    "mse_test_noise": 0.018957942152927745,
    "mse_test_recovered": 0.01535977560222789,
    "delta_test_pct": 18.97973166957985
  }
}