{
  "schema": {
    "name": "half_qae_bundle",
    "version": "1.0"
  },
  "timestamp": "2025-09-02 21:05:33",
  "dataset": {
    "id": "mackey_glass_n100",
    "scale_low": 0.2,
    "scale_high": 0.8,
    "window_size": 4,
    "window_stride": 1
  },
  "run": {
    "tag": "inst4_L1",
    "instance_id": 4,
    "seed": 4,
    "sigma_train": 0.1,
    "sigma_eval": 0.1
  },
  "architecture": {
    "n_qubits": 4,
    "n_layers": 1,
    "n_latent": 3,
    "n_trash": 1,
    "latent_wires": [
      0,
      1,
      2
    ],
    "trash_wires": [
      3
    ]
  },
  "training": {
    "stage1": {
      "lr_init": 0.01,
      "max_epochs": 120,
      "patience": 10,
      "lr_patience": 8,
      "best_val": 0.26802824189792585,
      "final_val": 0.26802824189792585,
      "best_epoch": 119,
      "epochs": 120,
      "train_curve": [
        0.5077862930513811,
        0.5043811879431385,
        0.5009454996497842,
        0.498072557559929,
        0.4955227795712239,
        0.49317525085593616,
        0.49125521523942645,
        0.4875579316547708,
        0.486194641214006,
        0.48319427891684297,
        0.48022576755749,
        0.4780522169406407,
        0.47616314401601767,
        0.4720557492193269,
        0.47162682654205773,
        0.4695558391374599,
        0.4652740991925526,
        0.46391845916772156,
        0.46314964175520557,
        0.4602836237045973,
        0.4582103149932909,
        0.45628599353526283,
        0.4537773893905567,
        0.45000626716565617,
        0.45016359124451466,
        0.4480795260128038,
        0.4485063953050646,
        0.4449623271023738,
        0.44508126951866667,
        0.44286706714760415,
        0.4394435745453874,
        0.438885696756844,
        0.43667473417946645,
        0.43793016280664554,
        0.43290450443094797,
        0.43419935887105404,
        0.43443606109338806,
        0.42988491296031595,
        0.43102565330207593,
        0.432072598950866,
        0.4314166744961519,
        0.4272390353651954,
        0.42553971097254273,
        0.4229140160420794,
        0.42214335934787584,
        0.42218876221061463,
        0.41801536057514355,
        0.41564250717926277,
        0.4176407981267626,
        0.41570096209960417,
        0.41130503537218854,
        0.4150218035615987,
        0.4125132838080867,
        0.4051156016262816,
        0.4093531253747278,
        0.40650717109491297,
        0.40454045639915825,
        0.4026578050582049,
        0.39939776051316295,
        0.3940818316377926,
        0.39294972842891607,
        0.3935412770208233,
        0.3873312144578046,
        0.3848911609906851,
        0.38425087576783756,
        0.37632759741177424,
        0.3772890305194553,
        0.37561541086116673,
        0.3761046927822407,
        0.37171475233541373,
        0.36299294785953273,
        0.3651756784661101,
        0.3686106351381484,
        0.36263002487915014,
        0.3653269289915063,
        0.35963568044030303,
        0.35558537923143196,
        0.35881342015324574,
        0.3533233685634247,
        0.35546276886595674,
        0.3524031939705935,
        0.3549344019162735,
        0.35103123197692887,
        0.35581891997123616,
        0.34923129260300345,
        0.3485601944260257,
        0.347937079954223,
        0.3432232928013173,
        0.34682172474959916,
        0.3408314909681001,
        0.3448143543619561,
        0.34297913462831175,
        0.3422584620542275,
        0.34501507854109004,
        0.3397705357619026,
        0.3458590915811707,
        0.33234834862954854,
        0.33824678888666004,
        0.33296411333185433,
        0.3358260562791993,
        0.33196460032560315,
        0.3286601986575261,
        0.3309732347421841,
        0.33120295582941595,
        0.3303060868888024,
        0.32549196171083306,
        0.32713925818163814,
        0.3213492228704308,
        0.3198823283952878,
        0.32336912843670396,
        0.3168037898921524,
        0.31551748631641563,
        0.3124728607357694,
        0.31256664324419553,
        0.3147178711856874,
        0.3090003193385479,
        0.3062363883126916,
        0.30477555923423,
        0.302386845127256,
        0.3041671039229773
      ],
      "val_curve": [
        0.5159450221485506,
        0.5123725871173638,
        0.5089588338071205,
        0.5057747402030424,
        0.5027601282905911,
        0.4999083974377799,
        0.497152087702278,
        0.49448945903057123,
        0.49191009248983314,
        0.4894078756902682,
        0.4869770657445354,
        0.484616230966988,
        0.48232113472676835,
        0.4801098873558879,
        0.4779618795495139,
        0.4759027193885572,
        0.4739445831979217,
        0.472090349052419,
        0.47034253098936335,
        0.46870552475446425,
        0.4671718514551505,
        0.4657322555435754,
        0.4643880787934337,
        0.4631528588030009,
        0.46199084772318244,
        0.46089329579712973,
        0.4598571493865964,
        0.4588759250022122,
        0.4579296548779864,
        0.4570187117568385,
        0.4561633538208234,
        0.45532127164703395,
        0.45449504487299996,
        0.45369087619920945,
        0.4528924261481061,
        0.45210357540928037,
        0.451308596895465,
        0.4505528809019113,
        0.4497571142971878,
        0.4489594034249561,
        0.44814831630050495,
        0.4473129351284692,
        0.44644783808038435,
        0.4454853557566717,
        0.44446166850938945,
        0.44335182774540405,
        0.44220819299931546,
        0.4409489792138336,
        0.4395444341327802,
        0.4380754775405797,
        0.43639421856179583,
        0.4345175252582118,
        0.4326060012093536,
        0.4306377202606041,
        0.4284761917405788,
        0.42616120241456945,
        0.4237814379187852,
        0.4212323171406978,
        0.4185264564908081,
        0.41571768970948436,
        0.41278395013164876,
        0.40977540597834305,
        0.4066944077695294,
        0.40353082080154834,
        0.40044430783070073,
        0.39727011016740854,
        0.3940499945990446,
        0.39078922049153836,
        0.38756316967556176,
        0.3843222098925922,
        0.3810615281002881,
        0.37798424318888735,
        0.37495162830448964,
        0.3718809153454485,
        0.36888454976358354,
        0.365956857116785,
        0.36305233338119575,
        0.36014939104541016,
        0.35735991516113297,
        0.35452793921916365,
        0.35190742145844045,
        0.34927635376340993,
        0.34667916097277485,
        0.34416513549365885,
        0.3416430063532555,
        0.3390881302382648,
        0.33671546944849606,
        0.3342397980453657,
        0.33185249288524377,
        0.3295822357310926,
        0.3273689078092655,
        0.32514593867098546,
        0.32288852206037083,
        0.3206816149364165,
        0.31845565019617006,
        0.31624003533322564,
        0.31405874062727557,
        0.31194414209749005,
        0.3099158318151357,
        0.3077446302378856,
        0.3055383452040518,
        0.3034673699730694,
        0.3013671239155979,
        0.2992218748709369,
        0.2970762883689432,
        0.2949937230540775,
        0.29294212657055696,
        0.29089666819907334,
        0.28874922564326155,
        0.28675173755147665,
        0.2847044101686916,
        0.2826794455924118,
        0.28062134582401976,
        0.2786374587365114,
        0.2766093290095985,
        0.2748037222000065,
        0.2730112283112881,
        0.2712673407239167,
        0.2695939513423335,
        0.26802824189792585
      ],