{
  "schema": {
    "name": "half_qae_bundle",
    "version": "1.0"
  },
  "timestamp": "2025-09-22 05:29:10",
  "dataset": {
    "id": "mackey_glass_tau17_n200",
    "scale_low": 0.2,
    "scale_high": 0.8,
    "window_size": 6,
    "window_step": 2,
    "split": 0.75
  },
  "run": {
    "instance_id": 4,
    "layer": 3,
    "sigma_eval": 0.2,
    "test_seed_fixed": 99123
  },
  "environment": {
    "device": "default.qubit",
    "reset_mode": "none"
  },
  "architecture": {
    "n_qubits": 6,
    "n_latent": 2,
    "n_trash": 4
  },
  "parameters": {
    "phi": [
      -1.0044542458681647,
      -0.8932135636989735,
      -0.14721197347469747,
      0.4495971954660685,
      -0.17893166198572943,
      1.0154399046275948,
      -0.3343959356444397,
      -0.7386722396779982,
      0.5183264872372133,
      0.3567677788800965,
      1.124985607490759,
      0.08264820565082466,
      -0.8735645724032014,
      1.0792080661694892,
      0.9469536049227478,
      -0.2923316386918648,
      1.236812946779928,
      0.5191643912861459,
      -0.742479919468566,
      -0.033699405002629315,
      -0.03718164583482009,
      -0.36832352737616253,
      0.10476026378038555,
      0.11907793628349746,
      1.670430176056542,
      -0.6272869822831428,
      -0.4348959695146738,
      -0.3558624819404906,
      0.23828260263534723,
      -0.13717906458447454,
      -0.10329313495228704,
      0.4634176171761689,
      -0.6022963190271694,
      -0.17750784285761195,
      0.30865660428222425,
      0.9226973849391987,
      0.03162273878476616,
      0.02554985087427243,
      0.00852298716726237,
      0.19373215697505314,
      0.06483720413394757,
      0.09758573570976847,
      0.3643401672104847,
      -1.042790927406812,
      -0.15015517727676084,
      -1.0037429608724335,
      0.9480870880032826,
      0.08490898347315147,
      0.4744017137948589,
      -1.534401779675015,
      -0.15413916734778604,
      -0.8075745421645211,
      -1.2749413468499096,
      -0.9658703652212386
    ],
    "psi": [
      -0.09334313178562213,
      -0.11733552816018081,
      -0.007987659337707072,
      0.04575853187516729,
      -0.05006204749781639,
      0.11385630066753638,
      0.06348120992836426,
      0.021668337046964622,
      0.0023990066181989937,
      0.011123490493480789,
      0.044494207628299885,
      -0.05987356806498354,
      -0.015000063813925393,
      -0.048905730608498905,
      -0.010299734012365402,
      0.07108680740014556,
      0.06231779913019794,
      0.02208940386239093,
      -0.08983829339093932,
      -0.024104902127260838,
      0.03984187622534231,
      -0.0006361693113303645,
      0.002705858001203939,
      -0.06442288724311372,
      0.06362795100660593,
      0.008396628293076164,
      -0.03332628595977548,
      -0.12212098418546759,
      -0.0626759147541658,
      0.008335481592821051,
      -0.00013740472609643226,
      0.020151127951721377,
      -0.07727540583873678,
      0.0016769893586795351,
      0.0007949422115942943,
      0.07077003472125186,
      0.08333688622804822,
      -0.08842837111620215,
      -0.06991560717708466,
      -0.023674253888074065,
      -0.01854886048229414,
      0.1558061785773171,
      -0.056584393347951616,
      -0.053412494202407415,
      0.0014029491496723612,
      -0.12899842443940893,
      -0.0567624019623083,
      -0.05541425452474287,
      -0.033509779137250825,
      -0.08499267228815055,
      -0.0180257653601359,
      -0.048575798927103064,
      -0.10670541049246089,
      -0.1347880893719194
    ]
  },
  "metrics_series": {
    "mse_train_noise": 0.019067164300121137,
    "mse_train_recovered": 0.023702027450350095,
    "delta_train_pct": -24.308088383124236,
    "mse_test_noise": 0.018957942152927745,
    "mse_test_recovered": 0.02308226643180339,
    "delta_test_pct": -21.755126403520066
  }
}