{
  "schema": {
    "name": "half_qae_bundle",
    "version": "1.0"
  },
  "timestamp": "2025-09-23 06:20:40",
  "dataset": {
    "id": "mackey_glass_tau30_n200",
    "scale_low": 0.2,
    "scale_high": 0.8,
    "window_size": 6,
    "window_step": 2,
    "split": 0.75
  },
  "run": {
    "instance_id": 5,
    "layer": 3,
    "sigma_eval": 0.2,
    "test_seed_fixed": 99123
  },
  "environment": {
    "device": "default.qubit",
    "reset_mode": "none"
  },
  "architecture": {
    "n_qubits": 6,
    "n_latent": 2,
    "n_trash": 4
  },
  "parameters": {
    "phi": [
      -0.3544267235139188,
      -0.2420125306191845,
      0.057291626437224644,
      0.1960821411236803,
      -0.46147026566804583,
      -0.27653964137274356,
      -0.9221201768201254,
      -0.2332569021674166,
      -0.12356657371380382,
      -0.6762435818632155,
      -0.37286848164857567,
      0.0015701606117794098,
      -0.9222715856963536,
      -0.20885560658354863,
      -1.4845692069822065,
      -0.646396344396247,
      0.09840724246868714,
      0.497385349705592,
      0.13557046010381488,
      0.012548052497056095,
      -0.057001451027698616,
      0.14294169564963455,
      0.023291666797766307,
      -0.038737445984717775,
      0.30715584753885344,
      -0.03442740659842928,
      0.14597218467717263,
      -0.24298029519231176,
      0.013516579195826616,
      -0.2099230400957712,
      -0.4180448432071369,
      0.1037652711793524,
      0.3970811226449832,
      0.8755683325918288,
      0.023337809471711768,
      -0.8494828719237156,
      1.3263856314062779,
      0.009919286975723002,
      -0.006522710407387749,
      -0.019774641256775555,
      0.02750827784094244,
      0.0018618262261999522,
      0.9350754310452316,
      0.1384746664983415,
      -0.012572627746135727,
      0.032876550921842586,
      0.048559179533186766,
      0.004239241359011712,
      -0.5057890819117007,
      0.3126526583142976,
      1.4468461992389523,
      0.5031587082540008,
      0.13308239186941237,
      0.14974973910346132
    ],
    "psi": [
      -0.07047465642496581,
      -0.06098150032960559,
      0.006381791146984688,
      -0.0008217958452275679,
      -0.06736847992337139,
      -0.013406971586240457,
      -0.078145487545479,
      -0.05936001941663827,
      -0.005255422903743365,
      -0.03858139692406806,
      -0.03054825449960708,
      0.03620642537558756,
      0.004523868201800252,
      -0.029949373779935357,
      -0.05589302229065858,
      0.009998271619331834,
      -0.0201780200930437,
      0.05711158034782539,
      -0.006304764015591944,
      -0.02223533010938231,
      0.05026586468366005,
      0.06526600267178123,
      0.023273849417720156,
      0.03446598240129571,
      -0.024621197081365575,
      -0.03168252531938005,
      0.0317916475181614,
      0.012034030891845952,
      0.013158217046312495,
      -0.00917980472501359,
      -0.04883078897248307,
      0.07064227865746606,
      0.0708386844132834,
      0.0220103690785285,
      -0.07674877716514313,
      -0.005835402124190349,
      0.04561425378297345,
      -0.03219901344967636,
      -0.02797606314687967,
      0.07035891627832387,
      -0.03261507159284718,
      0.06751371862324294,
      0.06165180355866929,
      0.03823656992074829,
      0.026389332111158285,
      -0.0032507234887788777,
      0.04385216348454246,
      -0.009639693443859478,
      -0.013624454280398038,
      0.008997924319008654,
      0.031663301330160015,
      -0.009380383839074233,
      -0.03432250445025163,
      -0.007127958802610991
    ]
  },
  "metrics_series": {
    "mse_train_noise": 0.019067164300121137,
    "mse_train_recovered": 0.023332383114080216,
    "delta_train_pct": -22.36944490970785,
    "mse_test_noise": 0.01895794215292774,
    "mse_test_recovered": 0.02267215919652765,
    "delta_test_pct": -19.591878768478633
  }
}