{
  "schema": {
    "name": "half_qae_bundle",
    "version": "1.0"
  },
  "timestamp": "2025-09-23 06:20:27",
  "dataset": {
    "id": "mackey_glass_tau30_n200",
    "scale_low": 0.2,
    "scale_high": 0.8,
    "window_size": 6,
    "window_step": 2,
    "split": 0.75
  },
  "run": {
    "instance_id": 3,
    "layer": 3,
    "sigma_eval": 0.2,
    "test_seed_fixed": 99123
  },
  "environment": {
    "device": "default.qubit",
    "reset_mode": "none"
  },
  "architecture": {
    "n_qubits": 6,
    "n_latent": 2,
    "n_trash": 4
  },
  "parameters": {
    "phi": [
      0.4513147428672927,
      0.06013793037186655,
      0.6113810031897587,
      0.26258306081022315,
      -1.042868450801997,
      0.13492093594565524,
      -0.4092133547345823,
      0.23897999465636582,
      -0.17169023587697005,
      0.1693626548334951,
      -1.7258862767149632,
      0.17580758463658638,
      -1.0925733328228573,
      -0.9851920188064794,
      -0.896478535238451,
      -1.261920634664537,
      0.846518946135694,
      1.2388087042893883,
      -0.20388831132820082,
      0.22020732611291588,
      0.07392318374132781,
      0.631430946133049,
      1.4749772496338212,
      1.036782167983337,
      0.4154972386538597,
      -1.7346036173218984,
      -0.10495715940684336,
      0.0741955334584871,
      0.7145473196977332,
      -0.021836570286519422,
      0.1124445145586752,
      -0.5927044608831908,
      0.3384299251280958,
      0.16703943002762467,
      -0.5288831476537234,
      -0.026937857207429798,
      -0.7446768868347222,
      0.050401624835718216,
      0.039900537835150136,
      -0.26790926362313855,
      0.8971491519458912,
      -1.3574678832759401,
      -0.8106624971307348,
      0.2150440560102756,
      0.24486063708114375,
      -0.022572438271185158,
      -0.7321721070941255,
      -0.15878928764666586,
      -0.06752860745236312,
      0.5688315584612414,
      0.0541159586336767,
      -0.018281554787340393,
      -0.5545009523437215,
      -0.28859140649820575
    ],
    "psi": [
      0.053282066374453145,
      -0.011088310050298228,
      0.08366210813337463,
      0.06301790500604636,
      -0.13724970451375304,
      0.05171261873255502,
      -0.040216239420149395,
      0.04092435873732398,
      0.05768982042021511,
      0.02248324692641645,
      -0.09275246295891099,
      -0.015982962234095448,
      -0.11487401727874044,
      -0.051306092417971697,
      -0.05671157562245387,
      -0.03388625811777961,
      0.032076752072824205,
      0.05894531669684885,
      0.03533673373539673,
      0.0034809105228628817,
      0.07697738735393245,
      0.12435313489904566,
      0.06357520130534686,
      -0.009318582650198763,
      -0.02295339686626298,
      -0.08350281894719629,
      0.01686938764196848,
      -0.019285441184873922,
      -0.04636418498167324,
      -0.037377757758711355,
      0.12046488454914028,
      -0.11228189060235547,
      0.11761658471270733,
      0.06313236132853317,
      0.04340424339420094,
      -0.03240768100139187,
      0.013750105741656558,
      0.004398665732222075,
      0.04989720958269498,
      0.01249882553188078,
      0.06783054739701933,
      0.04083345159106144,
      -0.027854203479395604,
      0.008865754508482898,
      -0.11787461979768542,
      0.01253948669631431,
      -0.1021202893254827,
      0.025173568934919805,
      -0.031176063734510113,
      -0.00991038295579249,
      -0.07018924222594172,
      0.05353227581885501,
      0.021919679128958612,
      0.0852971935208705
    ]
  },
  "metrics_series": {
    "mse_train_noise": 0.019067164300121137,
    "mse_train_recovered": 0.025562951016325497,
    "delta_train_pct": -34.06792228754798,
    "mse_test_noise": 0.01895794215292774,
    "mse_test_recovered": 0.025012463852833493,
    "delta_test_pct": -31.93659760677525
  }
}