{
  "schema": {
    "name": "half_qae_bundle",
    "version": "1.0"
  },
  "timestamp": "2025-09-23 06:20:14",
  "dataset": {
    "id": "mackey_glass_tau30_n200",
    "scale_low": 0.2,
    "scale_high": 0.8,
    "window_size": 6,
    "window_step": 2,
    "split": 0.75
  },
  "run": {
    "instance_id": 1,
    "layer": 3,
    "sigma_eval": 0.2,
    "test_seed_fixed": 99123
  },
  "environment": {
    "device": "default.qubit",
    "reset_mode": "none"
  },
  "architecture": {
    "n_qubits": 6,
    "n_latent": 2,
    "n_trash": 4
  },
  "parameters": {
    "phi": [
      0.6176120788889949,
      -0.6001804047576443,
      0.1979011857344706,
      0.32625060129077516,
      -0.10532918570067942,
      -0.374752437677131,
      -0.13585119167823237,
      -0.1262205321874087,
      0.22463233712208272,
      0.03680351853292218,
      -0.03810908653380059,
      -0.5686943853170865,
      -0.5380611869508394,
      0.24423239157802018,
      0.7795843530847862,
      0.09462536293753102,
      -1.054510874096887,
      0.12725710047446245,
      0.8024049482613662,
      -0.19374783813690927,
      0.0015680199466010548,
      -1.0492785897647001,
      -0.044703004225803665,
      -0.10750621468400387,
      0.394103992280046,
      -0.09076460618822763,
      0.07044152981663394,
      -0.8238745398693876,
      0.12955400313666013,
      0.05706340043320691,
      0.28614229848034506,
      -0.1202226009894013,
      -0.5120674472237543,
      0.07546384141946016,
      0.3498603916254756,
      0.14566394026786952,
      -0.07273122623249807,
      0.035798495287578246,
      -0.004248650939061161,
      -0.26823034031856535,
      0.07976953095879231,
      0.02476844277135366,
      0.12956622663438486,
      -0.16783955373235998,
      0.1286570914015191,
      -1.135837011252226,
      0.40808621118081684,
      0.6341015536907063,
      1.1081434780944202,
      -0.5294600530912524,
      0.08707809902571255,
      -0.508247216778132,
      1.388770986696607,
      0.19030410583450766
    ],
    "psi": [
      0.05130759670037583,
      -0.09306334861830155,
      0.004918300316383041,
      0.05910504447364473,
      -0.04241999490362681,
      -0.009552253432438946,
      0.019590024691316866,
      -0.017850552086635132,
      -0.047060953020680495,
      0.08010299920855508,
      0.017834185739322588,
      -0.007989111383435216,
      -0.05066481324493029,
      -0.0005919700454534689,
      0.03690553194514811,
      -0.004821167891978939,
      -0.015816215788423765,
      -0.03512521499687268,
      0.0789514290948778,
      0.01798263149938963,
      0.030624674374326536,
      -0.06992217563487359,
      0.029633949949548023,
      0.0022351049946942856,
      -0.025362395411793793,
      0.07844789219243,
      0.022126412437838982,
      -0.03187703382510203,
      -0.02315449329098282,
      -0.04427487496267015,
      -0.026874614948428875,
      -0.05970804271141215,
      0.04666048064903635,
      0.032000324488544556,
      0.041193109742120766,
      0.03154592008260047,
      0.0377651425230455,
      -0.027885721468334436,
      0.042749762862686426,
      0.07337870782374173,
      0.05975421550592003,
      -0.005849762839084913,
      0.0009020595587794487,
      -0.03622715318162731,
      -0.02004757507857239,
      -0.044938563055455995,
      0.06337034197205345,
      0.021696283453304186,
      0.043629344582979734,
      -0.021546618913546832,
      -0.040557863456691975,
      0.07907560457936492,
      0.057321949032571796,
      0.021170366851849066
    ]
  },
  "metrics_series": {
    "mse_train_noise": 0.019067164300121137,
    "mse_train_recovered": 0.02488778583254715,
    "delta_train_pct": -30.526938567309834,
    "mse_test_noise": 0.01895794215292774,
    "mse_test_recovered": 0.02411526858199083,
    "delta_test_pct": -27.204041385191303
  }
}