{
  "schema": {
    "name": "half_qae_bundle",
    "version": "1.0"
  },
  "timestamp": "2025-09-22 05:16:59",
  "dataset": {
    "id": "mackey_glass_tau17_n200",
    "scale_low": 0.2,
    "scale_high": 0.8,
    "window_size": 6,
    "window_step": 2,
    "split": 0.75
  },
  "run": {
    "instance_id": 4,
    "layer": 1,
    "sigma_eval": 0.2,
    "test_seed_fixed": 99123
  },
  "environment": {
    "device": "default.qubit",
    "reset_mode": "none"
  },
  "architecture": {
    "n_qubits": 6,
    "n_latent": 4,
    "n_trash": 2
  },
  "parameters": {
    "phi": [
      -1.0044542458295045,
      -0.8932135637862169,
      -0.14721197350073406,
      0.4495971954764616,
      -0.1789316619298275,
      1.0154399046213602,
      0.5402475823117061,
      -0.02753934425694938,
      -0.2654686618965086,
      -0.2565824501395986,
      0.5100158829029316,
      -0.5628706735505343,
      0.4983936396630748,
      -0.39627000390341344,
      0.21008079487803094,
      0.10924385536330156,
      0.5093137581020397,
      -0.04587552215875101
    ],
    "psi": [
      -0.11009282743178085,
      -0.12824408228879172,
      0.025360578241519664,
      0.053117902419558244,
      -0.05108763785690902,
      0.06873830298818641,
      0.01824074984281273,
      0.001815045229933249,
      -0.06393980782826864,
      -0.060747125882181466,
      0.07366114303098369,
      -0.019738253297581908,
      0.03503090480270896,
      0.004468237343069528,
      0.010691872366290685,
      0.07921547242773695,
      -0.016733179993309543,
      0.02855860922067958
    ]
  },
  "metrics_series": {
    "mse_train_noise": 0.019067164300121137,
    "mse_train_recovered": 0.024635373913843742,
    "delta_train_pct": -29.203134383686134,
    "mse_test_noise": 0.018957942152927745,
    "mse_test_recovered": 0.023737076382408615,
    "delta_test_pct": -25.209140269176356
  }
}