{
  "schema": {
    "name": "full_qae_bundle",
    "version": "1.0"
  },
  "timestamp": "2025-09-16 03:09:12",
  "dataset": {
    "id": "mackey_glass_tau17_n200",
    "scale_low": 0.2,
    "scale_high": 0.8,
    "window_size": 6,
    "window_step": 2,
    "split": 0.75
  },
  "run": {
    "instance_id": 3,
    "layer": 1,
    "sigma_eval": 0.2,
    "test_seed_fixed": 99123
  },
  "environment": {
    "device": "default.qubit",
    "diff_method": "best",
    "reset_mode": "swap"
  },
  "architecture": {
    "n_qubits": 6,
    "n_latent": 4,
    "n_trash": 2,
    "n_extra": 0,
    "rot": "Rxyz"
  },
  "parameters": {
    "weights": [
      [
        [
          0.14768261114982686,
          -0.48028336164418456,
          0.17394272173144765
        ],
        [
          0.47038917328208835,
          -0.34061616115989984,
          0.24977991290765594
        ],
        [
          0.003283145712475302,
          -0.837697121726145,
          0.23214443442681373
        ],
        [
          -0.41980249034618833,
          -0.9367191306517192,
          0.2966243253905007
        ],
        [
          1.7356241365964797,
          -0.16730839076174298,
          0.14803150545310187
        ],
        [
          1.8743003620502896,
          0.08524301760216213,
          0.13617820827966878
        ]
      ],
      [
        [
          0.1250387997248699,
          0.0004480853378843049,
          0.2988066568694616
        ],
        [
          0.13869874315054764,
          0.203151536170938,
          0.2774228775912026
        ],
        [
          0.20878544288486894,
          0.9567145422842509,
          0.22485989828528055
        ],
        [
          0.004466011134821363,
          0.8882065285622074,
          0.23571526684038133
        ],
        [
          0.07889068988291377,
          -0.7698061379973336,
          0.26003414385459755
        ],
        [
          0.04806653583634182,
          0.9915214944301557,
          0.12676185757360003
        ]
      ]
    ]
  },
  "metrics_series": {
    "mse_train_noise": 0.019067164300121137,
    "mse_train_recovered": 0.015064305568467145,
    "delta_train_pct": 20.993466404590432,
    "mse_test_noise": 0.018957942152927745,
    "mse_test_recovered": 0.013504329084329046,
    "delta_test_pct": 28.76690425894394
  }
}