{
  "schema": {
    "name": "full_qae_bundle",
    "version": "1.0"
  },
  "timestamp": "2025-09-16 03:31:33",
  "dataset": {
    "id": "mackey_glass_tau17_n200",
    "scale_low": 0.2,
    "scale_high": 0.8,
    "window_size": 6,
    "window_step": 2,
    "split": 0.75
  },
  "run": {
    "instance_id": 5,
    "layer": 1,
    "sigma_eval": 0.2,
    "test_seed_fixed": 99123
  },
  "environment": {
    "device": "default.qubit",
    "diff_method": "best",
    "reset_mode": "swap"
  },
  "architecture": {
    "n_qubits": 6,
    "n_latent": 4,
    "n_trash": 2,
    "n_extra": 0,
    "rot": "Rxyz"
  },
  "parameters": {
    "weights": [
      [
        [
          0.5071251204675188,
          -0.5308796114182134,
          0.3016927181594241
        ],
        [
          0.8961719010569563,
          -0.4689166512735459,
          0.05620192994231485
        ],
        [
          -0.1386541259481665,
          -0.8499426698552798,
          0.30886638219459384
        ],
        [
          0.07890259212751007,
          -0.8771177651756372,
          0.0009781766872811054
        ],
        [
          1.1924212964385423,
          0.08430878874830172,
          0.04825804844185203
        ],
        [
          -1.7887807282935908,
          0.152316518826208,
          0.18267182345160296
        ]
      ],
      [
        [
          0.1849220453161724,
          0.06125191769488253,
          0.15697890201975245
        ],
        [
          0.01183356349444602,
          -0.32051292828419875,
          0.07024402559927931
        ],
        [
          0.02011628839514213,
          0.9490564335372683,
          0.21004512717055562
        ],
        [
          0.05849132187372578,
          0.930159924955157,
          0.30117288503078904
        ],
        [
          0.20860216625714462,
          -0.7321651119883628,
          0.3089819454104278
        ],
        [
          0.16196839536011692,
          0.9915188052632626,
          0.13298234170287282
        ]
      ]
    ]
  },
  "metrics_series": {
    "mse_train_noise": 0.019067164300121137,
    "mse_train_recovered": 0.015042680316312168,
    "delta_train_pct": 21.106882599125665,
    "mse_test_noise": 0.018957942152927745,
    "mse_test_recovered": 0.013478893068493696,
    "delta_test_pct": 28.90107502299716
  }
}