{
  "schema": {
    "name": "full_qae_bundle",
    "version": "1.0"
  },
  "timestamp": "2025-09-16 03:20:25",
  "dataset": {
    "id": "mackey_glass_tau17_n200",
    "scale_low": 0.2,
    "scale_high": 0.8,
    "window_size": 6,
    "window_step": 2,
    "split": 0.75
  },
  "run": {
    "instance_id": 4,
    "layer": 1,
    "sigma_eval": 0.2,
    "test_seed_fixed": 99123
  },
  "environment": {
    "device": "default.qubit",
    "diff_method": "best",
    "reset_mode": "swap"
  },
  "architecture": {
    "n_qubits": 6,
    "n_latent": 4,
    "n_trash": 2,
    "n_extra": 0,
    "rot": "Rxyz"
  },
  "parameters": {
    "weights": [
      [
        [
          0.41413447503111334,
          -0.5108723328461677,
          0.2764250310776553
        ],
        [
          0.6402906040837774,
          -0.38168751100392656,
          0.14766508694406352
        ],
        [
          -0.04805701059783185,
          -0.8450236318747012,
          0.15111159826817006
        ],
        [
          0.20201683946635776,
          -0.8933988984380902,
          0.05852561802351369
        ],
        [
          1.7010592472355675,
          -0.25878922169670493,
          0.08826361196744857
        ],
        [
          1.3637273657561793,
          -0.17903109971900608,
          0.1965115339316425
        ]
      ],
      [
        [
          0.26426756909353977,
          -0.06464016412740502,
          0.1348958991625781
        ],
        [
          0.11212425079988458,
          -0.19885849578873843,
          0.2685378380975306
        ],
        [
          0.07296114271825417,
          0.953111959934307,
          0.28769530099380947
        ],
        [
          0.2934018068974963,
          0.9207622005002403,
          0.27354370676205714
        ],
        [
          0.08476628578544146,
          -0.7797983352413477,
          0.23743782614347914
        ],
        [
          0.056289400561915386,
          0.9915315358033452,
          0.004053816025405756
        ]
      ]
    ]
  },
  "metrics_series": {
    "mse_train_noise": 0.019067164300121137,
    "mse_train_recovered": 0.015023967001243935,
    "delta_train_pct": 21.205026794946725,
    "mse_test_noise": 0.018957942152927745,
    "mse_test_recovered": 0.013461953763032634,
    "delta_test_pct": 28.990427049311073
  }
}