{
  "schema": {
    "name": "full_qae_bundle",
    "version": "1.0"
  },
  "timestamp": "2025-09-16 02:47:07",
  "dataset": {
    "id": "mackey_glass_tau17_n200",
    "scale_low": 0.2,
    "scale_high": 0.8,
    "window_size": 6,
    "window_step": 2,
    "split": 0.75
  },
  "run": {
    "instance_id": 1,
    "layer": 1,
    "sigma_eval": 0.2,
    "test_seed_fixed": 99123
  },
  "environment": {
    "device": "default.qubit",
    "diff_method": "best",
    "reset_mode": "swap"
  },
  "architecture": {
    "n_qubits": 6,
    "n_latent": 4,
    "n_trash": 2,
    "n_extra": 0,
    "rot": "Rxyz"
  },
  "parameters": {
    "weights": [
      [
        [
          0.5534360962044644,
          -0.5370784199200983,
          0.2731840885622913
        ],
        [
          -0.8813694286166018,
          -0.4513560058527125,
          0.00470971151544564
        ],
        [
          0.11582267730086675,
          -0.8350439107910311,
          0.027122650715073852
        ],
        [
          -0.20013101489121574,
          -0.8959229145224846,
          0.2817513313556219
        ],
        [
          1.0757260700548035,
          0.04348964316588638,
          0.0779249253945546
        ],
        [
          1.4498232887796034,
          -0.06445435606184526,
          0.2073063813649902
        ]
      ],
      [
        [
          0.2070714751200007,
          0.005228549743872547,
          0.20280098185196113
        ],
        [
          0.26579747679788884,
          -0.2693970740904919,
          0.02271525035237473
        ],
        [
          0.27425337001383226,
          0.9549634441361493,
          0.16906226747569164
        ],
        [
          0.2642961015266457,
          0.9200700303489538,
          0.17203117356648034
        ],
        [
          0.08292638188792661,
          0.7172211317061076,
          0.21088146900236246
        ],
        [
          0.09623490309339458,
          0.9915224748136792,
          0.143015874674086
        ]
      ]
    ]
  },
  "metrics_series": {
    "mse_train_noise": 0.019067164300121137,
    "mse_train_recovered": 0.015067855601855657,
    "delta_train_pct": 20.974847834295275,
    "mse_test_noise": 0.018957942152927745,
    "mse_test_recovered": 0.013454628285881124,
    "delta_test_pct": 29.029067726091384
  }
}