{
  "schema": {
    "name": "full_qae_bundle",
    "version": "1.0"
  },
  "timestamp": "2025-09-16 02:58:14",
  "dataset": {
    "id": "mackey_glass_tau17_n200",
    "scale_low": 0.2,
    "scale_high": 0.8,
    "window_size": 6,
    "window_step": 2,
    "split": 0.75
  },
  "run": {
    "instance_id": 2,
    "layer": 1,
    "sigma_eval": 0.2,
    "test_seed_fixed": 99123
  },
  "environment": {
    "device": "default.qubit",
    "diff_method": "best",
    "reset_mode": "swap"
  },
  "architecture": {
    "n_qubits": 6,
    "n_latent": 4,
    "n_trash": 2,
    "n_extra": 0,
    "rot": "Rxyz"
  },
  "parameters": {
    "weights": [
      [
        [
          0.3224313707164265,
          -0.49544782010108634,
          0.058748918233480815
        ],
        [
          0.8349130920605035,
          -0.43679039047757995,
          0.0071534318440537375
        ],
        [
          -0.11234167631558932,
          -0.8429546019795865,
          0.19241098695701533
        ],
        [
          -0.10728301259850087,
          -0.8816061649362699,
          0.014713768626112265
        ],
        [
          1.6852187252815258,
          -0.20482384460816513,
          0.12996277482746546
        ],
        [
          1.3768645744122947,
          -0.08584260331771833,
          0.2668281407287309
        ]
      ],
      [
        [
          0.30714994099310383,
          0.04390150858632151,
          0.06771842542510499
        ],
        [
          0.24580426640529854,
          -0.3350496896398848,
          0.12351626739650995
        ],
        [
          0.0075816601042241714,
          0.9516132913551243,
          0.02036561656147425
        ],
        [
          0.023328801295122766,
          0.9307851008927386,
          0.12855352358831942
        ],
        [
          0.2525827366374875,
          -0.7701429500613259,
          0.018923163848955295
        ],
        [
          0.06596777819689578,
          0.9915218435167834,
          0.060849318354517165
        ]
      ]
    ]
  },
  "metrics_series": {
    "mse_train_noise": 0.019067164300121137,
    "mse_train_recovered": 0.015056793240268639,
    "delta_train_pct": 21.032865699001814,
    "mse_test_noise": 0.018957942152927745,
    "mse_test_recovered": 0.013474331689558888,
    "delta_test_pct": 28.925135540209478
  }
}