{
  "schema": {
    "name": "half_qae_bundle",
    "version": "1.0"
  },
  "timestamp": "2025-09-20 23:21:25",
  "dataset": {
    "id": "mackey_glass_tau17_n200",
    "scale_low": 0.2,
    "scale_high": 0.8,
    "window_size": 4,
    "window_step": 2,
    "split": 0.75
  },
  "run": {
    "instance_id": 4,
    "layer": 1,
    "sigma_eval": 0.2,
    "test_seed_fixed": 99123
  },
  "environment": {
    "device": "default.qubit",
    "reset_mode": "none"
  },
  "architecture": {
    "n_qubits": 4,
    "n_latent": 3,
    "n_trash": 1
  },
  "parameters": {
    "phi": [
      -1.004454245872119,
      -0.8932135637380455,
      -0.14721197349183823,
      0.4495971954713265,
      -0.17893166197070176,
      1.0154399046487268,
      0.5402475822836896,
      -0.027539344258192922,
      -0.2654686618963854,
      0.21041460420792885,
      0.485634267056448,
      -0.09770488474450596
    ],
    "psi": [
      -0.12676364852839378,
      -0.12385572637005166,
      0.025768996604930375,
      0.019660865377452562,
      -0.02510243345545859,
      0.062454301655063264,
      0.08535870513671771,
      -0.03226253015765479,
      -0.024913432119703004,
      0.012245686802231481,
      0.030514843321037474,
      -0.0676171444541368
    ]
  },
  "metrics_series": {
    "mse_train_noise": 0.019268069867485596,
    "mse_train_recovered": 0.02939865784840139,
    "delta_train_pct": -52.577077260919204,
    "mse_test_noise": 0.018957942152927745,
    "mse_test_recovered": 0.027405837937478656,
    "delta_test_pct": -44.5612488760879
  }
}