{
  "schema": {
    "name": "half_qae_bundle",
    "version": "1.0"
  },
  "timestamp": "2025-09-20 23:21:19",
  "dataset": {
    "id": "mackey_glass_tau17_n200",
    "scale_low": 0.2,
    "scale_high": 0.8,
    "window_size": 4,
    "window_step": 2,
    "split": 0.75
  },
  "run": {
    "instance_id": 2,
    "layer": 1,
    "sigma_eval": 0.2,
    "test_seed_fixed": 99123
  },
  "environment": {
    "device": "default.qubit",
    "reset_mode": "none"
  },
  "architecture": {
    "n_qubits": 4,
    "n_latent": 3,
    "n_trash": 1
  },
  "parameters": {
    "phi": [
      0.2008434019952974,
      -0.163097204087063,
      0.0651340790339929,
      -0.6779230095895248,
      -0.14773024347282673,
      0.03256562409914079,
      0.5826338925821566,
      0.2030825181647215,
      1.0658141384282616,
      1.1877307998576039,
      0.1475616069521602,
      -0.45645856019808007
    ],
    "psi": [
      0.035239958043494696,
      -0.052130671025951196,
      0.029935632392566813,
      -0.10602964730241432,
      -0.004335824802157414,
      0.03525967046066077,
      0.03601438801573757,
      -0.005098577115780159,
      0.07255061336779507,
      0.045751106333550506,
      -0.1293166216235255,
      -0.019300144289197067
    ]
  },
  "metrics_series": {
    "mse_train_noise": 0.019268069867485596,
    "mse_train_recovered": 0.02839691702817519,
    "delta_train_pct": -47.378109086547916,
    "mse_test_noise": 0.018957942152927745,
    "mse_test_recovered": 0.025975137954760315,
    "delta_test_pct": -37.014543800308395
  }
}