{
  "schema": {
    "name": "half_qae_bundle",
    "version": "1.0"
  },
  "timestamp": "2025-09-20 23:21:22",
  "dataset": {
    "id": "mackey_glass_tau17_n200",
    "scale_low": 0.2,
    "scale_high": 0.8,
    "window_size": 4,
    "window_step": 2,
    "split": 0.75
  },
  "run": {
    "instance_id": 3,
    "layer": 1,
    "sigma_eval": 0.2,
    "test_seed_fixed": 99123
  },
  "environment": {
    "device": "default.qubit",
    "reset_mode": "none"
  },
  "architecture": {
    "n_qubits": 4,
    "n_latent": 3,
    "n_trash": 1
  },
  "parameters": {
    "phi": [
      0.4513147428360365,
      0.06013793045514728,
      0.6113810032107532,
      0.26258306078221944,
      -1.0428684508024406,
      0.13492093599417188,
      -0.35172571847480477,
      0.710750186375654,
      0.20365328090889992,
      1.4554772497276403,
      0.05357534811675227,
      -0.4915043057315221
    ],
    "psi": [
      0.0777550471021685,
      -0.031344497734041916,
      0.0959452810160419,
      -0.013954645645628825,
      -0.0926142357354996,
      -0.024332270798499592,
      -0.08303412452674337,
      0.029386398274292347,
      0.05131629718621319,
      0.0037141964044048723,
      -0.039691664647066555,
      -0.04150272094697438
    ]
  },
  "metrics_series": {
    "mse_train_noise": 0.019268069867485596,
    "mse_train_recovered": 0.029216585248290308,
    "delta_train_pct": -51.632132586318846,
    "mse_test_noise": 0.018957942152927745,
    "mse_test_recovered": 0.029571934258987985,
    "delta_test_pct": -55.98704764705214
  }
}