{
  "schema": {
    "name": "half_qae_bundle",
    "version": "1.0"
  },
  "timestamp": "2025-09-13 16:28:28",
  "dataset": {
    "id": "mackey_glass_tau17_n200",
    "scale_low": 0.2,
    "scale_high": 0.8,
    "window_size": 4,
    "window_step": 2,
    "split": 0.75
  },
  "run": {
    "instance_id": 4,
    "layer": 3,
    "sigma_eval": 0.2,
    "test_seed_fixed": 99123
  },
  "architecture": {
    "n_qubits": 4,
    "n_latent": 3,
    "n_trash": 1
  },
  "parameters": {
    "phi": [
      -1.20925885918769,
      -0.5904345020310005,
      -0.8889026096705961,
      1.2269977633940505,
      -0.36062908084804746,
      0.7895295658670249,
      0.36056921115909674,
      -0.6515649054151427,
      -0.7292125652458711,
      -0.5518615716459718,
      0.6432858364672043,
      0.46889626773668497,
      -0.25428788770666155,
      0.5462739903051133,
      0.9456007371811731,
      -0.09318727807052746,
      0.21193525106832936,
      -0.2667472991384861,
      -1.653858696141021,
      -0.3954589683488696,
      1.165110038116013,
      0.9785044294804377,
      0.8471392073029095,
      -0.8239759371017118,
      0.8146736798051669,
      0.3150016359188799,
      -0.009855758791681725,
      -0.9653823820579033,
      -0.04488997162091095,
      0.27717663627707473,
      -0.36253310387056586,
      0.7103769564045146,
      -0.4573210754613916,
      -1.201682597493151,
      0.3703894784219989,
      0.36288081664504074
    ],
    "psi": [
      -1.1461265839801986,
      -0.571312650950178,
      -0.8706029922334915,
      1.2065615400457317,
      -0.3089582333442604,
      0.7706687581598816,
      0.407077214617229,
      -0.6146835531807432,
      -0.7541890507000527,
      -0.5444602128913885,
      0.6928396119499894,
      0.5868558651440122,
      -0.22232816769057676,
      0.5648644634157917,
      1.0103302993806185,
      -0.1343329095574245,
      0.17528805693748917,
      -0.287992021624679,
      -1.6512750181371807,
      -0.3612184865058771,
      1.1142866618550686,
      1.034014738584698,
      0.877771133716223,
      -0.784942307445372,
      0.8339530635086095,
      0.2883289430361234,
      0.006066902493650506,
      -0.9912732188715284,
      -0.04450315295452347,
      0.20544029687772797,
      -0.39407915252684095,
      0.7291512094547932,
      -0.4065555156245816,
      -1.1662113824916087,
      0.3943710840560468,
      0.5499655014580894
    ]
  },
  "metrics_series": {
    "mse_train_noise": 0.019268069867485596,
    "mse_train_recovered": 0.01289593189825808,
    "delta_train_pct": 33.070971887954094,
    "mse_test_noise": 0.018957942152927745,
    "mse_test_recovered": 0.013838391018970473,
    "delta_test_pct": 27.004782969899722
  }
}