{
  "schema": {
    "name": "half_qae_bundle",
    "version": "1.0"
  },
  "timestamp": "2025-09-13 16:28:26",
  "dataset": {
    "id": "mackey_glass_tau17_n200",
    "scale_low": 0.2,
    "scale_high": 0.8,
    "window_size": 4,
    "window_step": 2,
    "split": 0.75
  },
  "run": {
    "instance_id": 3,
    "layer": 3,
    "sigma_eval": 0.2,
    "test_seed_fixed": 99123
  },
  "architecture": {
    "n_qubits": 4,
    "n_latent": 3,
    "n_trash": 1
  },
  "parameters": {
    "phi": [
      0.9183031435573319,
      1.2206670945934959,
      -0.5495408749175393,
      0.15538143109199856,
      -1.4913756125983846,
      -0.2303328032206973,
      0.6274148634865301,
      0.8114792385444889,
      -0.5847204038779783,
      0.9691822464221785,
      -0.07680217215552766,
      0.029975893601259195,
      -2.014397654243471,
      -0.4597493990561773,
      -0.8434388976958964,
      0.669485564324778,
      -0.7749432506041959,
      0.598332438918776,
      0.08191468352837981,
      -0.7418020538038987,
      0.10587904128536127,
      0.8772867049518096,
      -0.5128628218078477,
      0.6280438516202822,
      -0.6323645417324092,
      -1.2592358165198352,
      -0.15674793990515795,
      -0.036319971259246624,
      -1.160776288445854,
      -0.4823732413591622,
      1.2083834231297432,
      -0.19793498334236384,
      0.7631000042575611,
      0.13591657502607,
      0.17995012834446086,
      0.09172979721321856
    ],
    "psi": [
      0.8304981060624607,
      1.2474814040649882,
      -0.5719229204036712,
      0.19226043578365246,
      -1.438566864755197,
      -0.25892990137298894,
      0.6167375520897835,
      0.8534118045665362,
      -0.5527553975766984,
      0.9568689769278228,
      -0.15503666937639593,
      0.1053972502896459,
      -2.0970220234514207,
      -0.47105505881153587,
      -0.8235327281088239,
      0.6596639297154995,
      -0.7801869990001831,
      0.6664547041125382,
      0.06761204355066742,
      -0.7892706535771715,
      0.03043448465434013,
      0.8822127878431301,
      -0.5564514102172109,
      0.6557283147564078,
      -0.6722311186124996,
      -1.3034815431296092,
      -0.27022240298301026,
      -0.07691137750340205,
      -1.0933910477343347,
      -0.35118080758454734,
      1.2032393707715685,
      -0.19396776285833406,
      0.8229941212057181,
      0.11011470451276739,
      0.12794179837749628,
      0.18284373825957417
    ]
  },
  "metrics_series": {
    "mse_train_noise": 0.019268069867485596,
    "mse_train_recovered": 0.012789380261282079,
    "delta_train_pct": 33.62396779106634,
    "mse_test_noise": 0.018957942152927745,
    "mse_test_recovered": 0.013651865341761356,
    "delta_test_pct": 27.988674975184225
  }
}