{
  "schema": {
    "name": "half_qae_bundle",
    "version": "1.0"
  },
  "timestamp": "2025-09-13 16:28:30",
  "dataset": {
    "id": "mackey_glass_tau17_n200",
    "scale_low": 0.2,
    "scale_high": 0.8,
    "window_size": 4,
    "window_step": 2,
    "split": 0.75
  },
  "run": {
    "instance_id": 5,
    "layer": 3,
    "sigma_eval": 0.2,
    "test_seed_fixed": 99123
  },
  "architecture": {
    "n_qubits": 4,
    "n_latent": 3,
    "n_trash": 1
  },
  "parameters": {
    "phi": [
      -1.2212056576067805,
      -0.335627752823761,
      0.32665946081553726,
      0.25917107863572475,
      -0.6941922230815061,
      -0.19378673450605358,
      -0.5628720373517389,
      -0.5533923060670527,
      0.20162647398418912,
      0.6864721568294813,
      -0.3978679555191489,
      -0.18260709774334644,
      -1.0522233957338738,
      0.3362985904149149,
      -1.6262285066721394,
      -0.168438062850603,
      0.05340098754036425,
      -0.15821905012015772,
      0.8512026047790783,
      0.19274515187494087,
      1.5398093026593558,
      -0.21878972031557287,
      -0.0024880904128137486,
      0.03141029100484028,
      0.4504709764634852,
      -0.6036038513769105,
      0.4793674757371376,
      -0.6711104412448733,
      -0.42494564748671365,
      -0.038192083408230576,
      -0.7818306962352545,
      0.3289703343107322,
      0.46721688670505707,
      0.8205428443828233,
      0.5200238065269361,
      -0.11977733485779374
    ],
    "psi": [
      -1.2613431291101591,
      -0.30422019699154185,
      0.37100588790334904,
      0.2926075783131352,
      -0.7259886858744165,
      -0.1805109715229824,
      -0.5190920295567246,
      -0.5425895623580425,
      0.19474202989515868,
      0.7596869182439635,
      -0.34430589662998334,
      -0.19341954670851186,
      -1.165891518715547,
      0.37932157730925836,
      -1.6162621737319787,
      -0.189447903019947,
      0.050330936291570434,
      -0.16342990189086493,
      0.9353794628822757,
      0.16174993379737942,
      1.5254644445273953,
      -0.21267660259328983,
      0.014104321281953946,
      0.0590747499202931,
      0.39188579455177697,
      -0.5805546951207109,
      0.4431832240567708,
      -0.7723963219441106,
      -0.45564643677279054,
      -0.09146659277274226,
      -0.6846690083083848,
      0.32251059568209106,
      0.3607537182107398,
      0.9094756029385982,
      0.5026358423973343,
      -0.23299163608982942
    ]
  },
  "metrics_series": {
    "mse_train_noise": 0.019268069867485596,
    "mse_train_recovered": 0.012440717516015026,
    "delta_train_pct": 35.43350422966631,
    "mse_test_noise": 0.018957942152927745,
    "mse_test_recovered": 0.013590775419334287,
    "delta_test_pct": 28.310914182025748
  }
}