{
  "schema": {
    "name": "half_qae_bundle",
    "version": "1.0"
  },
  "timestamp": "2025-09-13 16:28:23",
  "dataset": {
    "id": "mackey_glass_tau17_n200",
    "scale_low": 0.2,
    "scale_high": 0.8,
    "window_size": 4,
    "window_step": 2,
    "split": 0.75
  },
  "run": {
    "instance_id": 1,
    "layer": 3,
    "sigma_eval": 0.2,
    "test_seed_fixed": 99123
  },
  "architecture": {
    "n_qubits": 4,
    "n_latent": 3,
    "n_trash": 1
  },
  "parameters": {
    "phi": [
      1.923687709546924,
      0.025014250396123008,
      0.08711395922026316,
      -0.6955623621737953,
      -0.8908110388935135,
      -0.8899137016012996,
      0.012906791765639723,
      -0.6841046959412528,
      -0.6642681465273448,
      0.5571980920073122,
      0.22221995428812133,
      -0.8185622177900415,
      -0.6979855313812582,
      1.0694926976044654,
      1.0807203968241021,
      0.40108147608884637,
      -1.2848583530803233,
      -0.14238143424771468,
      1.0839669365985232,
      0.017209979556934697,
      0.026123350562334047,
      -1.463239065330374,
      -0.49004590234163586,
      -0.058607916368734005,
      -0.4668843368144618,
      -0.07213079742369424,
      -0.0777243581749796,
      -0.16294109990057035,
      0.07302024267511019,
      -0.5854733077881875,
      -1.1325637282357943,
      -1.103160038737795,
      0.07114018814909115,
      0.08374309116336134,
      0.4199675187267088,
      -0.043394010927967484
    ],
    "psi": [
      1.9123597249372073,
      0.024339961149313735,
      0.04130229229997984,
      -0.6889888813275131,
      -0.8350574630203884,
      -0.8367484781757236,
      0.015027557109792108,
      -0.7246873311966846,
      -0.6525193274576814,
      0.46300219579416146,
      0.21043868265620597,
      -0.8418786713743042,
      -0.7008728596791827,
      1.035338408456542,
      1.1627763435639284,
      0.3755227701185707,
      -1.3063584089260298,
      -0.14942359301569028,
      1.022360266595179,
      0.08246144041325351,
      -0.0029972612701490453,
      -1.4214525991603804,
      -0.48465596874342426,
      -0.04583672459940608,
      -0.479695984058885,
      -0.07122810488075558,
      -0.009008784445939605,
      -0.16344773628476972,
      0.022632177141502206,
      -0.5127212303390304,
      -1.1655197778412085,
      -1.1537631705870524,
      -0.05792199799557545,
      0.0782448116421879,
      0.45215879659493585,
      -0.10663724657865836
    ]
  },
  "metrics_series": {
    "mse_train_noise": 0.019268069867485596,
    "mse_train_recovered": 0.013105250288422491,
    "delta_train_pct": 31.984623376639888,
    "mse_test_noise": 0.018957942152927745,
    "mse_test_recovered": 0.013880206605693347,
    "delta_test_pct": 26.784212686555886
  }
}