{
  "schema": {
    "name": "half_qae_bundle",
    "version": "1.0"
  },
  "timestamp": "2025-09-13 16:28:24",
  "dataset": {
    "id": "mackey_glass_tau17_n200",
    "scale_low": 0.2,
    "scale_high": 0.8,
    "window_size": 4,
    "window_step": 2,
    "split": 0.75
  },
  "run": {
    "instance_id": 2,
    "layer": 3,
    "sigma_eval": 0.2,
    "test_seed_fixed": 99123
  },
  "architecture": {
    "n_qubits": 4,
    "n_latent": 3,
    "n_trash": 1
  },
  "parameters": {
    "phi": [
      0.5742097640947985,
      -0.3013582605907616,
      -0.0829696889340129,
      -1.2170167825994054,
      -0.21883168928636432,
      0.22435729187508077,
      0.15755174572057185,
      -0.2268143313337882,
      1.314353020035373,
      0.462112750038043,
      -2.0054513436897015,
      -0.48334555975278387,
      0.2543582428892781,
      0.06933027128724752,
      -0.48537319890233055,
      -1.3813699167974727,
      -0.8971626569280674,
      0.7195042943211245,
      0.11504439811896638,
      -0.1304175633143774,
      -0.4349820791024362,
      0.11377447592763967,
      -0.04543614231121524,
      0.3399239287315748,
      0.6860546850408888,
      -0.4370814519080844,
      -0.1823422834783169,
      0.016616530520340206,
      0.05125528710744741,
      -0.23625655839390694,
      1.0868646169092535,
      -1.2597806249155679,
      0.15816881032670949,
      -0.04433337840970882,
      0.10910946238491133,
      0.25767520237306285
    ],
    "psi": [
      0.46495966849152653,
      -0.2873918494275629,
      -0.11731466843167852,
      -1.2685204324307782,
      -0.23351272188277114,
      0.15234117480771145,
      0.15942196789143656,
      -0.23853759048003173,
      1.3027567353485356,
      0.41057418543973423,
      -2.041225014703557,
      -0.5595502671668068,
      0.17309168114396628,
      0.08820669193224677,
      -0.5123500848526703,
      -1.449950367081511,
      -0.9577455278396766,
      0.7513531396027624,
      0.14236981749990235,
      -0.07355753178840048,
      -0.4545398335404031,
      0.134092036429,
      -0.03621083098512741,
      0.34787708820126956,
      0.6992683183609999,
      -0.43055228220497294,
      -0.1659487202971334,
      0.016114783937051676,
      0.028099278748228082,
      -0.28876119803883676,
      1.129305010369601,
      -1.2956937821831696,
      0.06844884975437332,
      -0.088526173787054,
      0.029769609689741957,
      0.27236132003448194
    ]
  },
  "metrics_series": {
    "mse_train_noise": 0.019268069867485596,
    "mse_train_recovered": 0.013058826153696437,
    "delta_train_pct": 32.22556154556564,
    "mse_test_noise": 0.018957942152927745,
    "mse_test_recovered": 0.013776508950996136,
    "delta_test_pct": 27.331200613097252
  }
}