n_layers,runs,noisy_baseline_mse (mean±std),best_val_mse (mean±std),final_val_mse (mean±std),best_delta_pct (mean±std),final_delta_pct (mean±std),s1_best_val (mean±std),delta_MG_A,delta_MG_B,succ_MG_A,succ_MG_B,p50_MG_A,p50_MG_B
1,5,0.003475 ± 0.000000,0.002860 ± 0.000058,0.002903 ± 0.000049,17.676312 ± 1.663680,16.452308 ± 1.404114,0.235555 ± 0.003976,39.420580 ± 2.597152,14.455035 ± 2.179699,100.000000 ± 0.000000,85.000000 ± 9.486833,0.000002,0.002577
3,5,0.003475 ± 0.000000,0.002842 ± 0.000258,0.003032 ± 0.000424,18.209370 ± 7.434163,12.735871 ± 12.208519,0.145439 ± 0.034227,34.793716 ± 11.090388,8.822932 ± 7.609473,92.000000 ± 11.224972,70.000000 ± 19.235384,0.000040,0.041389
