{
  "schema": {
    "name": "half_qae_bundle",
    "version": "1.0"
  },
  "timestamp": "2025-09-02 19:38:41",
  "dataset": {
    "id": "mackey_glass_n100",
    "scale_low": 0.2,
    "scale_high": 0.8,
    "window_size": 4,
    "window_stride": 1
  },
  "run": {
    "tag": "inst4_L3",
    "instance_id": 4,
    "seed": 4,
    "sigma_train": 0.1,
    "sigma_eval": 0.1
  },
  "architecture": {
    "n_qubits": 4,
    "n_layers": 3,
    "n_latent": 2,
    "n_trash": 2,
    "latent_wires": [
      0,
      1
    ],
    "trash_wires": [
      2,
      3
    ]
  },
  "training": {
    "stage1": {
      "lr_init": 0.01,
      "max_epochs": 120,
      "patience": 10,
      "lr_patience": 8,
      "best_val": 0.07275949892980835,
      "final_val": 0.07275949892980835,
      "best_epoch": 119,
      "epochs": 120,
      "train_curve": [
        0.46085049038361015,
        0.4440003198825878,
        0.42559108108835686,
        0.4117550135993525,
        0.39319771483421984,
        0.3787939327602242,
        0.3641956958972177,
        0.3519171161843163,
        0.33999964360750073,
        0.32855609188898394,
        0.32029678064530764,
        0.3126450809184569,
        0.3064759682185713,
        0.29995701437155853,
        0.29327160295351773,
        0.287620326495475,
        0.2832875122763885,
        0.2782946168602969,
        0.27262498616805375,
        0.2679484076360925,
        0.26414138694965517,
        0.25978181567053316,
        0.2553509742754069,
        0.25254297687632143,
        0.247886892565648,
        0.24365173252526362,
        0.23853082620016838,
        0.2350384589838993,
        0.22929783592298797,
        0.22526986417930112,
        0.21998302372124165,
        0.2151558887817316,
        0.2098010662384495,
        0.2037538102462289,
        0.19899894117310823,
        0.19345934797019437,
        0.18798774704318616,
        0.18407002375016954,
        0.17986970490410065,
        0.1746243657606168,
        0.1716061201339344,
        0.16687866972351928,
        0.16460129659167483,
        0.16145305249621156,
        0.15899828319057957,
        0.15621885458311963,
        0.15454474003448584,
        0.1531180528058231,
        0.14957478146907116,
        0.1485826549038491,
        0.1461319142246326,
        0.14574461387357415,
        0.14436373102072447,
        0.1443655582384018,
        0.13999253701572786,
        0.13898726327756566,
        0.13925714455606392,
        0.1373924166200321,
        0.13717894248163565,
        0.1362255780989609,
        0.13542161786690524,
        0.1323809492144733,
        0.13367809922601076,
        0.1323100710288856,
        0.13276074491867396,
        0.13254478451516755,
        0.13080802586114518,
        0.13174644207203098,
        0.12785549820695682,
        0.12973213773992492,
        0.13133729902471777,
        0.1273246061479035,
        0.1287045208178523,
        0.12695368230831983,
        0.12505400271943512,
        0.12564587855600873,
        0.1229838226457499,
        0.12447923835078942,
        0.12379854995764548,
        0.1230210739831506,
        0.12033165829037676,
        0.11986830448552646,
        0.11965954256617498,
        0.11773636441367935,
        0.11667218221331838,
        0.11590193983283865,
        0.11465295281226752,
        0.11589219237557141,
        0.11448377843376331,
        0.11335908319833736,
        0.11201783548845848,
        0.11149472574673124,
        0.11239746851614012,
        0.10787126597878732,
        0.10835307893259091,
        0.10854503426483325,
        0.1063546794218716,
        0.10595925534926798,
        0.1045853215417028,
        0.10384949765965992,
        0.10190234210265825,
        0.10119918255130889,
        0.09813214012256735,
        0.09779793510465819,
        0.09613231923765243,
        0.09718175143101923,
        0.09461667745157393,
        0.09212844295513906,
        0.09118065678636555,
        0.08959147630351444,
        0.08805556344230792,
        0.08603569560668378,
        0.08334855009120573,
        0.08196289367302786,
        0.0825882191607748,
        0.0801965745691296,
        0.07857799364829898,
        0.07686664429845215,
        0.07519823680773614,
        0.0745250707248806
      ],
      "val_curve": [
        0.4443973250376919,
        0.42557892882137677,
        0.40798143884262067,
        0.3914238720627835,
        0.3758881811027027,
        0.36137884976727996,
        0.3481498768797159,
        0.33641848717723444,
        0.3264609058301337,
        0.3180912381643707,
        0.311069656032088,
        0.3051277375465632,
        0.2996241923454358,
        0.2941154929890929,
        0.2886753453447173,
        0.2832012568263802,
        0.27779215959368875,
        0.27257816256653034,
        0.2677413126651935,
        0.2630195473219046,
        0.25854333894036013,
        0.2543033984995451,
        0.25015053350910504,
        0.24577720471859257,
        0.24137946354908185,
        0.23680494956790094,
        0.2319184923354877,
        0.22661131086350567,
        0.2210705550694403,
        0.21517524124558066,
        0.20919006115145514,
        0.20312203275241578,
        0.1970694101891161,
        0.1911464064896058,
        0.18535090218925226,
        0.17974674362309223,
        0.17439491916935054,
        0.16925350203007777,
        0.1645377420096666,
        0.16005633304115297,
        0.15601035297406096,
        0.15239039690459724,
        0.14921726687017964,
        0.14643560443919196,
        0.1439472576166596,
        0.141686743841739,
        0.13971224750192568,
        0.1379492145959042,
        0.13629161941989218,
        0.13479568933466765,
        0.13343351711081286,
        0.13211634617113435,
        0.13103815833102656,
        0.13004216828709864,
        0.1290771532949321,
        0.12808080515984033,
        0.12724179305356975,
        0.12631517277356047,
        0.12535187978838244,
        0.12442547412735491,
        0.12351462973200511,
        0.12277483064076074,
        0.1219526731699192,
        0.12128154242783203,
        0.12063342747248859,
        0.11998231786507804,
        0.11940598348297649,
        0.11882855091868649,
        0.11829668589879958,
        0.11784799256235919,
        0.11743930588033875,
        0.11698654517869995,
        0.11641989494820626,
        0.11590812441422546,
        0.11545690792586509,
        0.11489463296782883,
        0.11433929770698377,
        0.11368797179595572,
        0.11313181606725671,
        0.11249500117867055,
        0.11192334588705992,
        0.11132508341184302,
        0.11079860951032902,
        0.11025063257577043,
        0.10962600350920366,
        0.10885692967084921,
        0.10822924197782284,
        0.10763099005858948,
        0.10702475665792802,
        0.10655276902898263,
        0.10588218211310965,
        0.10521985347618756,
        0.10461798919918812,
        0.10395912884194788,
        0.1031807293932417,
        0.10241686984885671,
        0.10161550007096765,
        0.10080789736797344,
        0.09999220364263545,
        0.09905475218494049,
        0.09818254445321653,
        0.09738203571452844,
        0.09638139492585326,
        0.09532740097414473,
        0.09430313099502972,
        0.0931821923094777,
        0.09194865289355139,
        0.09067817294079408,
        0.08928052105226861,
        0.08794547106681964,
        0.08644733355421683,
        0.08480840888825313,
        0.08326639468814082,
        0.0816571980674142,
        0.08012741199855254,
        0.07869129437776179,
        0.07715778564095593,
        0.0756250762161425,
        0.0742215032505356,
        0.07275949892980835
      ],