{
  "schema": {
    "name": "half_qae_bundle",
    "version": "1.0"
  },
  "timestamp": "2025-09-02 19:38:40",
  "dataset": {
    "id": "mackey_glass_n100",
    "scale_low": 0.2,
    "scale_high": 0.8,
    "window_size": 4,
    "window_stride": 1
  },
  "run": {
    "tag": "inst2_L3",
    "instance_id": 2,
    "seed": 2,
    "sigma_train": 0.1,
    "sigma_eval": 0.1
  },
  "architecture": {
    "n_qubits": 4,
    "n_layers": 3,
    "n_latent": 2,
    "n_trash": 2,
    "latent_wires": [
      0,
      1
    ],
    "trash_wires": [
      2,
      3
    ]
  },
  "training": {
    "stage1": {
      "lr_init": 0.01,
      "max_epochs": 120,
      "patience": 10,
      "lr_patience": 8,
      "best_val": 0.04700759350582505,
      "final_val": 0.04700759350582505,
      "best_epoch": 119,
      "epochs": 120,
      "train_curve": [
        0.5141251487750436,
        0.49909524987955384,
        0.4794384139441087,
        0.4554049521468173,
        0.43613806859434506,
        0.4177472823331517,
        0.3988209898414471,
        0.38108604154445896,
        0.3684866545076839,
        0.35368887600543164,
        0.33584469008254725,
        0.3203678489674999,
        0.30694585448926615,
        0.2926824704742708,
        0.28171566343944365,
        0.2719429552481255,
        0.2594640640945071,
        0.2502115464997958,
        0.24032513279187115,
        0.2318145638723101,
        0.2246104548685443,
        0.21751670075887403,
        0.21097360043694482,
        0.204688461237868,
        0.1994930640804265,
        0.1912483690756607,
        0.18343491441116855,
        0.1829504630761843,
        0.1743631570694258,
        0.17077345768235264,
        0.16522880010709107,
        0.16217985462525994,
        0.15835566660095912,
        0.15048654565821595,
        0.14899140691341173,
        0.14468978049663572,
        0.1445199334906876,
        0.14057798421784232,
        0.13903891146877712,
        0.13500870439937976,
        0.13326049669683396,
        0.1308107110582378,
        0.12901838531622065,
        0.12708261731186365,
        0.12649779915583204,
        0.12494943643918321,
        0.12225542957381638,
        0.12023524517035368,
        0.11955514206261512,
        0.11839311800704355,
        0.11746505599795964,
        0.11219778207138402,
        0.11235618578044798,
        0.1094174332635655,
        0.10855715974009791,
        0.10534217026390685,
        0.10439461447621566,
        0.10194737777118326,
        0.10210516260070131,
        0.10131250676810462,
        0.10049391134080965,
        0.09848372769152558,
        0.0961034082111483,
        0.09549777334716776,
        0.09315929825545868,
        0.09454076078203277,
        0.09199017275300284,
        0.09050392639002058,
        0.0899703003487489,
        0.08874312785094995,
        0.08718142533856088,
        0.08568955974009672,
        0.08400941923939978,
        0.08444159832090409,
        0.08336177866361622,
        0.08297150633387228,
        0.08143810440410168,
        0.08034045422475687,
        0.078872714478252,
        0.0786830118122727,
        0.07817810333270123,
        0.07684923254312584,
        0.07463627992764663,
        0.07395432856750353,
        0.0738916382054041,
        0.07152029802588192,
        0.07051525839239772,
        0.06820649375754831,
        0.06828411150225344,
        0.06658942623477024,
        0.06722049328345395,
        0.0637117355117105,
        0.062309666720695406,
        0.061405538269551085,
        0.061599619860783376,
        0.06005589580766995,
        0.058687937327066335,
        0.058042848266588384,
        0.056384969230811405,
        0.056527635041349264,
        0.055512521200008255,
        0.05390702809833228,
        0.055940454110764065,
        0.054390215624104316,
        0.05392890032058188,
        0.053702563246720236,
        0.051582647792702385,
        0.05275582017847105,
        0.05184472471654772,
        0.05278766465501463,
        0.051231370854232246,
        0.051810672004517694,
        0.05121547399873299,
        0.050680109964044706,
        0.051013757293125364,
        0.05212265702862663,
        0.05059466496267738,
        0.05091044036836878,
        0.05040027442046782,
        0.05002976968910248
      ],
      "val_curve": [
        0.4869735267336847,
        0.4649955717860733,
        0.44325685670270165,
        0.42227237676605583,
        0.4024563770587958,
        0.38398648805597707,
        0.3668940919478273,
        0.3509621353325444,
        0.3359215158824602,
        0.32163971481669307,
        0.3080564776654261,
        0.29528213911276935,
        0.2835077643950473,
        0.2728550008320726,
        0.2633208620104045,
        0.25475648463158296,
        0.2470458956732887,
        0.23996608196308644,
        0.2333231866168466,
        0.2271230744938471,
        0.22117591953193622,
        0.21544282802798462,
        0.20977642130551266,
        0.20413283962672604,
        0.19831084407811483,
        0.19245800566094773,
        0.18655806842784556,
        0.18060345567733216,
        0.17480469327400816,
        0.16923153987218034,
        0.16392883165177188,
        0.1589036048553546,
        0.15427203158642927,
        0.1498309418353417,
        0.14587732995200356,
        0.1423296497372927,
        0.13905116771873555,
        0.13611062914904634,
        0.1332754153704872,
        0.13067446243100328,
        0.1282560941539162,
        0.1259323815128452,
        0.12367724882543556,
        0.12147136242061926,
        0.11931290946361113,
        0.11719532061942162,
        0.11501549685746222,
        0.11290863169878644,
        0.11081104416173204,
        0.10873892327003012,
        0.10676489656057134,
        0.10475554269305924,
        0.10278388428339229,
        0.10088120282810431,
        0.09903773354082968,
        0.09720241505642065,
        0.0954978154009359,
        0.09390090162945253,
        0.09240268483387888,
        0.09103988717806036,
        0.08960636004105027,
        0.0882106302688492,
        0.08685282251078534,
        0.085520804624948,
        0.08418071997376816,
        0.08300155204955305,
        0.08189707820117134,
        0.08083967536672307,
        0.07986804191954824,
        0.07898744600955081,
        0.07814164265821485,
        0.07724250700975241,
        0.07643302475272042,
        0.07555000563791717,
        0.07475716613572242,
        0.07401755612543319,
        0.0732001259166267,
        0.07243248333189466,
        0.07162049817712021,
        0.07075211728490718,
        0.06988279389932128,
        0.0689903017500324,
        0.0680322721252647,
        0.06705170789540793,
        0.06605898564846974,
        0.06510031977644695,
        0.06397725813360797,
        0.06288488751657928,
        0.061659156657505695,
        0.060483935597805384,
        0.05943968188438399,
        0.05848605401493665,
        0.057543193825022855,
        0.056613504733769096,
        0.05565617460837384,
        0.054955430691080755,
        0.05414834063608901,
        0.05334531966897007,
        0.05263883278810787,
        0.051960304955107596,
        0.05140732088341551,
        0.050956240726740376,
        0.050394915829805265,
        0.05002337653797988,
        0.04976481720184273,
        0.04953746701466614,
        0.049347898781769026,
        0.0490699457902523,
        0.048778503472233066,
        0.04839194546820729,
        0.04818988880612453,
        0.047887806025122825,
        0.04771753379666942,
        0.04748043378315028,
        0.047266296228267585,
        0.047212425397030855,
        0.047166880065706664,
        0.04705789442606034,
        0.04702253228447258,
        0.04700759350582505
      ],