{
  "schema": {
    "name": "half_qae_bundle",
    "version": "1.0"
  },
  "timestamp": "2025-09-23 08:20:45",
  "dataset": {
    "id": "mackey_glass_tau30_n200",
    "scale_low": 0.2,
    "scale_high": 0.8,
    "window_size": 6,
    "window_step": 2,
    "split": 0.75
  },
  "run": {
    "instance_id": 5,
    "layer": 3,
    "sigma_eval": 0.2,
    "test_seed_fixed": 99123
  },
  "environment": {
    "device": "default.qubit",
    "reset_mode": "none"
  },
  "architecture": {
    "n_qubits": 6,
    "n_latent": 4,
    "n_trash": 2
  },
  "parameters": {
    "phi": [
      -0.35442672350580884,
      -0.24201253061205952,
      0.05729162643236807,
      0.19608214112755873,
      -0.46147026562040283,
      -0.2765396414264343,
      -1.0985096373868883,
      -0.3933429764944428,
      0.10715892940339705,
      -0.4966491452308386,
      -0.1991146112247479,
      0.03741550395392,
      -1.1172980697851076,
      -0.7295308118372014,
      -1.4791604065664687,
      -0.4182161553452142,
      -0.07451766097587312,
      0.8502275886161168,
      0.848230084432904,
      -0.034839418591223636,
      -0.008592335976335097,
      0.4402398114224331,
      0.005843205505788537,
      0.18155850097715726,
      -0.032359828642720356,
      -0.19986455115879734,
      0.47936747567334875,
      -0.40285637997295914,
      -0.15937695981391856,
      0.06558625615370614,
      -0.054033777053756324,
      0.2745717958119129,
      -0.11844084974548187,
      0.081398455047501,
      -0.03930367413141499,
      -0.2809639859744561,
      0.6084613191089395,
      -0.7451669971408467,
      -0.5502416720215207,
      0.11093898795415391,
      -0.8584607816000726,
      0.9354605094284871,
      1.0603856384122003,
      0.49856206345311316,
      -0.6787861971247253,
      -0.4586586394965928,
      0.61076959500677,
      0.219173725230422,
      -0.05627306844178728,
      0.8941794340884206,
      1.3855971451296165,
      -1.2132246571296426,
      -0.02209398374537272,
      0.46335890904739985
    ],
    "psi": [
      -0.0662235240089346,
      -0.06254667770055373,
      0.009823144533673165,
      0.03993082568249099,
      -0.07282620355412542,
      -0.0073302887768584195,
      -0.1101090925808238,
      -0.06451026557909806,
      0.023772141771761922,
      -0.07775263824945616,
      -0.056312282370644985,
      0.02596246467066519,
      -0.0666518551220341,
      -0.028916125106494918,
      -0.052753973790464675,
      0.03003736252862362,
      -0.019028013526446924,
      0.04261307680439921,
      0.010754273040575473,
      0.02967074862164025,
      0.041313816884180184,
      0.07453929172220179,
      0.0184363714245224,
      0.03616135448786065,
      0.007067880733195849,
      -0.018978705316172004,
      0.03384542635388451,
      -0.05092972251886835,
      -0.004062571880703044,
      -0.003989540514324956,
      -0.026092027906807574,
      0.10892266310859884,
      0.03233931037178659,
      0.051888617438862236,
      -0.053953157705826545,
      -0.0421731403491186,
      0.08250046067839895,
      -0.09263822818143302,
      -0.09412060758352067,
      0.09080515136883593,
      0.006336661032422997,
      0.13123900236249536,
      0.0021171981386628527,
      0.01632409787447243,
      0.012167819097790829,
      -0.026156790046202066,
      0.021969450483053266,
      -0.007575153548889667,
      -0.061531077094895296,
      -0.010106304433258202,
      0.061893448720041044,
      -0.003773880141181271,
      -0.04049688514266717,
      0.00173966502211238
    ]
  },
  "metrics_series": {
    "mse_train_noise": 0.019067164300121137,
    "mse_train_recovered": 0.024317870158389623,
    "delta_train_pct": -27.537948357822284,
    "mse_test_noise": 0.01895794215292774,
    "mse_test_recovered": 0.023931563571292096,
    "delta_test_pct": -26.235027927840072
  }
}