n_layers,runs,noisy_baseline_mse (mean±std),best_val_mse (mean±std),final_val_mse (mean±std),best_delta_pct (mean±std),final_delta_pct (mean±std),delta_MG_A,delta_MG_B,succ_MG_A,succ_MG_B,p50_MG_A,p50_MG_B
1,5,0.001181 ± 0.000000,0.007631 ± 0.000093,0.008436 ± 0.000408,-546.058199 ± 7.899644,-614.185871 ± 34.515632,-953.514092 ± 222.531818,-712.353597 ± 73.561135,1.250000 ± 2.165064,0.000000 ± 0.000000,0.000002,0.000002
3,5,0.001181 ± 0.000000,0.002842 ± 0.000648,0.004410 ± 0.002383,-140.595988 ± 54.871066,-273.342124 ± 201.750102,-1045.234463 ± 323.607494,-649.007551 ± 167.326151,0.000000 ± 0.000000,0.750000 ± 1.785357,0.000002,0.000002
