{
  "schema": {
    "name": "half_qae_bundle",
    "version": "1.0"
  },
  "timestamp": "2025-09-11 22:39:34",
  "dataset": {
    "id": "mackey_glass_tau30_n200",
    "scale_low": 0.2,
    "scale_high": 0.8,
    "window_size": 4,
    "window_stride": 1
  },
  "run": {
    "tag": "inst2_L3",
    "instance_id": 2,
    "seed": 2,
    "sigma_train": 0.2,
    "sigma_eval": 0.2
  },
  "architecture": {
    "n_qubits": 4,
    "n_layers": 3,
    "n_latent": 2,
    "n_trash": 2,
    "latent_wires": [
      0,
      1
    ],
    "trash_wires": [
      2,
      3
    ]
  },
  "training": {
    "stage1": {
      "lr_init": 0.01,
      "max_epochs": 120,
      "patience": 10,
      "lr_patience": 8,
      "best_val": 0.08572901819524223,
      "final_val": 0.08616205745001895,
      "best_epoch": 63,
      "epochs": 74,
      "train_curve": [
        0.5026671553082167,
        0.4659630030055121,
        0.4322551462573079,
        0.40261834460171464,
        0.3701969322118137,
        0.34509066384218356,
        0.31856154043516427,
        0.29838575312434323,
        0.275755659760837,
        0.26097852649351155,
        0.2476324396955964,
        0.23184794080313714,
        0.2214656133986337,
        0.20684871533785773,
        0.2014776612892908,
        0.18450220350161825,
        0.1774201186113907,
        0.1715545748907784,
        0.16668540520504507,
        0.1668728302129886,
        0.15449239022169367,
        0.1544070505767154,
        0.1450448486870805,
        0.14562530472767865,
        0.14115023952629457,
        0.13815987635160137,
        0.13148351924318244,
        0.13095954035165494,
        0.12735087563106828,
        0.1244485865943402,
        0.12262693457691944,
        0.12300019943739987,
        0.11939363235267007,
        0.11727124691375865,
        0.11630946251837392,
        0.11490063028884501,
        0.11472385218159965,
        0.11300653025393423,
        0.11438234222348492,
        0.11151913275531858,
        0.11142643455333641,
        0.11036069918385119,
        0.11108829279951996,
        0.10646261393950161,
        0.10792187453899688,
        0.10591121621452931,
        0.10476076531122128,
        0.10135274203833317,
        0.09948971671079088,
        0.0971073652959076,
        0.09531664273672355,
        0.09362130352955807,
        0.09205940293901635,
        0.09044355535192236,
        0.0879628788581516,
        0.08690268147167343,
        0.08689291366292377,
        0.08440695974288275,
        0.08488915379732974,
        0.0842031970287429,
        0.08258640207063526,
        0.08334397436603097,
        0.08060054730742403,
        0.08071285103894613,
        0.08157610251082872,
        0.08034667116763108,
        0.08188178070723513,
        0.08296123245822778,
        0.08025240641852041,
        0.08095189637293854,
        0.08145353486544377,
        0.08108715817362441,
        0.08269511731731488,
        0.08169802554274788
      ],
      "val_curve": [
        0.4928864512493206,
        0.4562996240460552,
        0.42384585585666673,
        0.3951782589140926,
        0.3684692880406838,
        0.3434200973071829,
        0.32069061853388076,
        0.300527520042403,
        0.28239429873340227,
        0.2658997130061751,
        0.25071665523973435,
        0.23613733031002254,
        0.22197932741064913,
        0.2080714122474825,
        0.19508988660780882,
        0.18317165764234006,
        0.17319077137712452,
        0.16475802267206352,
        0.157544772651475,
        0.1513384062851911,
        0.14579205011032487,
        0.14093781978428446,
        0.13653692588139427,
        0.13272368645104696,
        0.12926778559205512,
        0.12619661379354835,
        0.12353292845855426,
        0.12111746103012093,
        0.11900545294204609,
        0.11724243278673747,
        0.11551130459402507,
        0.11411726482732036,
        0.11286224622799497,
        0.11188026459449998,
        0.11087472823613656,
        0.11000860122192054,
        0.10914982210392213,
        0.10832221357046587,
        0.10741880206767766,
        0.1066017897461254,
        0.10581239278092858,
        0.1050879474370034,
        0.104406861168275,
        0.10347565638604905,
        0.10235085718040124,
        0.10088121948008863,
        0.09957435093308498,
        0.09816285528005755,
        0.09659100219953834,
        0.09499053512119536,
        0.09347624806752428,
        0.0920573717398448,
        0.09062456414804113,
        0.08968831772864863,
        0.08904833839725923,
        0.08839435981299318,
        0.08791111965832843,
        0.08727855995770763,
        0.08685103821297581,
        0.08667549792087671,
        0.08665262549064534,
        0.08650907620173905,
        0.08610838958977816,
        0.08572901819524223,
        0.08579963355135166,
        0.08582552914390927,
        0.08630094790044558,
        0.08629269774459032,
        0.08609011328863306,
        0.08600245916599626,
        0.08580019867992265,
        0.08617863872515719,
        0.08654361163439975,
        0.08616205745001895
      ],
      "lr_curve": [
        0.01,
        0.01,
        0.01,
        0.01,
        0.01,
        0.01,
        0.01,
        0.01,
        0.01,
        0.01,
        0.01,
        0.01,
        0.01,
        0.01,
        0.01,
        0.01,
        0.01,
        0.01,
        0.01,
        0.01,
        0.01,
        0.01,
        0.01,
        0.01,
        0.01,
        0.01,
        0.01,
        0.01,
        0.01,
        0.01,
        0.01,
        0.01,
        0.01,
        0.01,
        0.01,
        0.01,
        0.01,
        0.01,
        0.01,
        0.01,
        0.01,
        0.01,
        0.01,
        0.01,
        0.01,
        0.01,
        0.01,
        0.01,
        0.01,
        0.01,
        0.01,
        0.01,
        0.01,
        0.01,
        0.01,
        0.01,
        0.01,
        0.01,
        0.01,
        0.01,
        0.01,
        0.01,
        0.01,
        0.01,
        0.01,
        0.01,
        0.01,
        0.01,
        0.01,
        0.01,
        0.01,
        0.01,
        0.005,
        0.005
      ],
      "train_seconds": 166.14067125320435
    },
    "stage3": {
      "lr_init": 0.003,
      "max_epochs": 60,
      "patience": 10,
      "plateau_steps": 5,
      "plateau_factor": 0.5,
      "best_val_mse": 0.008937490394875038,
      "final_val_mse": 0.009066229288324134,
      "best_epoch": 16,
      "epochs": 27,
      "train_curve": [
        0.09887549589691728,
        0.10099563524752672,
        0.09366635392738368,
        0.09776168350892091,
        0.10166870229041708,
        0.09925863042500156,
        0.10212117065294088,
        0.09334143479389094,
        0.09214354050869182,
        0.09792196486360667,
        0.09503445973833226,
        0.09480564349480518,
        0.09079537360552484,
        0.08970276523497923,
        0.09355061076318474,
        0.09200999831065293,
        0.09923271847470436,
        0.09463799501251777,
        0.09693476022378567,
        0.09354259052828957,
        0.09001719737466571,
        0.08930571153773835,
        0.09571406771206664,
        0.09131910788587483,
        0.08785545558549737,
        0.09051692434687407,
        0.09715567979652708
      ],