{
  "schema": {
    "name": "half_qae_bundle",
    "version": "1.0"
  },
  "timestamp": "2025-09-11 22:39:34",
  "dataset": {
    "id": "mackey_glass_tau30_n200",
    "scale_low": 0.2,
    "scale_high": 0.8,
    "window_size": 4,
    "window_stride": 1
  },
  "run": {
    "tag": "inst1_L3",
    "instance_id": 1,
    "seed": 1,
    "sigma_train": 0.2,
    "sigma_eval": 0.2
  },
  "architecture": {
    "n_qubits": 4,
    "n_layers": 3,
    "n_latent": 2,
    "n_trash": 2,
    "latent_wires": [
      0,
      1
    ],
    "trash_wires": [
      2,
      3
    ]
  },
  "training": {
    "stage1": {
      "lr_init": 0.01,
      "max_epochs": 120,
      "patience": 10,
      "lr_patience": 8,
      "best_val": 0.08982059981638056,
      "final_val": 0.09014491781465632,
      "best_epoch": 65,
      "epochs": 76,
      "train_curve": [
        0.4122730389065614,
        0.3774059088217522,
        0.35190081568204234,
        0.33122821445933515,
        0.31197832861825164,
        0.2983223330009138,
        0.2856851816432589,
        0.2701423813727326,
        0.26340029342139876,
        0.2535631847375448,
        0.24635524267394626,
        0.23726700550883337,
        0.23050292450608983,
        0.22663958608174214,
        0.21806316663694258,
        0.21330815301619466,
        0.2085365631459152,
        0.20106295952883868,
        0.1964088513113663,
        0.1892155078638213,
        0.18289330750653987,
        0.17789738636879399,
        0.17174308990145776,
        0.16492879205400537,
        0.15913803237286311,
        0.15367248979386464,
        0.1474736097438425,
        0.14238450017520002,
        0.13872553749620004,
        0.1329864396095901,
        0.1285213056972609,
        0.1247526100447466,
        0.12092931355689035,
        0.1196256831266162,
        0.11674655626408925,
        0.11420835099578355,
        0.11239261142587757,
        0.11046328125545056,
        0.10804012218163342,
        0.10710308925481345,
        0.106025213834091,
        0.10376657284793947,
        0.10120240510536371,
        0.10162239239350104,
        0.10052736371774673,
        0.09970973827849822,
        0.09938445327944491,
        0.09799225486748593,
        0.0979894349062287,
        0.0969896872368027,
        0.09587914229864937,
        0.09413447529523412,
        0.09271477352769902,
        0.09326960495798872,
        0.09270140390196371,
        0.09236109985042182,
        0.09211089933702427,
        0.09279429211475446,
        0.09061840292549059,
        0.09302944598913139,
        0.0894086046502218,
        0.0904854558314672,
        0.09085149278951744,
        0.09170574818870633,
        0.08894779767325739,
        0.08870540002261976,
        0.08972029167126738,
        0.08977325715284744,
        0.09156980127103875,
        0.09010096234552872,
        0.08961987940704705,
        0.08999404009734939,
        0.09040490400317433,
        0.08822720076617441,
        0.09019785807782016,
        0.09186206889029275
      ],
      "val_curve": [
        0.40352508559533795,
        0.37103722414059215,
        0.3453367425581813,
        0.32473386425848505,
        0.30726259122777666,
        0.29150982142355825,
        0.2778728227094966,
        0.2660197767537911,
        0.2559492879669939,
        0.24698022682065585,
        0.23923427575721395,
        0.23206237731347254,
        0.22530734126772317,
        0.2190557448272644,
        0.2129514700407243,
        0.2069187697298216,
        0.2006384683953649,
        0.19448779815526146,
        0.1883092765513129,
        0.18200110117715074,
        0.1761946316711026,
        0.1703446188030932,
        0.16419025234744472,
        0.15819291307663902,
        0.1524658634670371,
        0.14681468470642828,
        0.14125708410706542,
        0.13606662433077493,
        0.13133760868216257,
        0.1267498785833116,
        0.12291017895618803,
        0.11899962670340236,
        0.11544350370445514,
        0.11272375473092278,
        0.11053831384666464,
        0.10856277997293395,
        0.10609101766786669,
        0.10422545641172257,
        0.10294236640937046,
        0.10170745903718006,
        0.10050792932040964,
        0.09920391823055907,
        0.09820040548023738,
        0.09695639105706003,
        0.09618237181469987,
        0.09580859636813546,
        0.09478890681567861,
        0.09408846498359799,
        0.09359889910077152,
        0.09310106304923396,
        0.09303398016179283,
        0.09251591099595871,
        0.09170591155314459,
        0.09155891342093936,
        0.09161856528457533,
        0.09140122456232595,
        0.09091488646184162,
        0.09042442520586276,
        0.09022801950666329,
        0.0905364327165067,
        0.0904052441349694,
        0.09009317509840375,
        0.09013090354666876,
        0.09047281388939346,
        0.09004780255537288,
        0.08982059981638056,
        0.08999034979552278,
        0.09022275063040948,
        0.09046016201659998,
        0.09013241315488336,
        0.09017116848914045,
        0.09000724715927298,
        0.09010021894987481,
        0.09042851054780422,
        0.09000875336173494,
        0.09014491781465632
      ],
      "lr_curve": [
        0.01,
        0.01,
        0.01,
        0.01,
        0.01,
        0.01,
        0.01,
        0.01,
        0.01,
        0.01,
        0.01,
        0.01,
        0.01,
        0.01,
        0.01,
        0.01,
        0.01,
        0.01,
        0.01,
        0.01,
        0.01,
        0.01,
        0.01,
        0.01,
        0.01,
        0.01,
        0.01,
        0.01,
        0.01,
        0.01,
        0.01,
        0.01,
        0.01,
        0.01,
        0.01,
        0.01,
        0.01,
        0.01,
        0.01,
        0.01,
        0.01,
        0.01,
        0.01,
        0.01,
        0.01,
        0.01,
        0.01,
        0.01,
        0.01,
        0.01,
        0.01,
        0.01,
        0.01,
        0.01,
        0.01,
        0.01,
        0.01,
        0.01,
        0.01,
        0.01,
        0.01,
        0.01,
        0.01,
        0.01,
        0.01,
        0.01,
        0.01,
        0.01,
        0.01,
        0.01,
        0.01,
        0.01,
        0.01,
        0.01,
        0.005,
        0.005
      ],
      "train_seconds": 158.3819682598114
    },
    "stage3": {
      "lr_init": 0.003,
      "max_epochs": 60,
      "patience": 10,
      "plateau_steps": 5,
      "plateau_factor": 0.5,
      "best_val_mse": 0.009343378589222896,
      "final_val_mse": 0.009519428330565039,
      "best_epoch": 12,
      "epochs": 23,
      "train_curve": [
        0.09972408035447515,
        0.0925221355833149,
        0.11009154609761285,
        0.09571374086449073,
        0.09743503841650737,
        0.08832185424800923,
        0.0961586284949462,
        0.10083871464988813,
        0.09662285925278465,
        0.09853473606463337,
        0.09486368539160918,
        0.0972684347861265,
        0.09804196015168937,
        0.09120751255775045,
        0.08824444162694998,
        0.09598846665287136,
        0.10167371966395948,
        0.09402958373255525,
        0.09500753472442391,
        0.08737478577397165,
        0.0897098586466507,
        0.0985894570378666,
        0.09626420417458802
      ],