{
  "schema": {
    "name": "half_qae_bundle",
    "version": "1.0"
  },
  "timestamp": "2025-09-11 22:39:34",
  "dataset": {
    "id": "mackey_glass_tau30_n200",
    "scale_low": 0.2,
    "scale_high": 0.8,
    "window_size": 4,
    "window_stride": 1
  },
  "run": {
    "tag": "inst5_L3",
    "instance_id": 5,
    "seed": 5,
    "sigma_train": 0.2,
    "sigma_eval": 0.2
  },
  "architecture": {
    "n_qubits": 4,
    "n_layers": 3,
    "n_latent": 2,
    "n_trash": 2,
    "latent_wires": [
      0,
      1
    ],
    "trash_wires": [
      2,
      3
    ]
  },
  "training": {
    "stage1": {
      "lr_init": 0.01,
      "max_epochs": 120,
      "patience": 10,
      "lr_patience": 8,
      "best_val": 0.050083892746447964,
      "final_val": 0.0504922559291872,
      "best_epoch": 99,
      "epochs": 110,
      "train_curve": [
        0.545602072282767,
        0.5190557044397357,
        0.49166928135745414,
        0.460651187834021,
        0.43093306186527985,
        0.40710309501664765,
        0.3802968212015948,
        0.35982100810128004,
        0.3429193295291354,
        0.33121366314381584,
        0.31711575100553296,
        0.30429867132516264,
        0.2871762135360205,
        0.2768979255936284,
        0.26720888259178294,
        0.2524535635094464,
        0.24603273007257007,
        0.23834293116060015,
        0.23025907095820108,
        0.22279010956841738,
        0.2166968071332139,
        0.20732104201197904,
        0.20025972421689636,
        0.19112735428355013,
        0.18585314294850197,
        0.18039023009376395,
        0.17445535952951507,
        0.16726702626966505,
        0.1669995234445131,
        0.16480220867170386,
        0.1554613637298429,
        0.15423921697405646,
        0.15176223003788317,
        0.151565374249713,
        0.14693603700645083,
        0.14278899138750642,
        0.13882778969547244,
        0.13809918293826584,
        0.13573643911786712,
        0.13506978682013954,
        0.13372259710118467,
        0.12994311972033476,
        0.12820521617469668,
        0.12911345579850106,
        0.12782561490019523,
        0.1244229696255484,
        0.12578787957084533,
        0.12450284124771438,
        0.11888028690588981,
        0.11956599244363897,
        0.11763900484135931,
        0.11598158141758959,
        0.11350466710953092,
        0.1110904689917099,
        0.10956947382833954,
        0.10817348234717825,
        0.10595428075858257,
        0.10053111135720712,
        0.10335864211417456,
        0.09901115734409914,
        0.09647631754448124,
        0.0946863204216195,
        0.09153507537453988,
        0.08942977583449599,
        0.08786824645620198,
        0.08542059140470232,
        0.08092779096946473,
        0.0791747310774539,
        0.0778449084907076,
        0.0741877687042177,
        0.07283866154911654,
        0.0713062543907041,
        0.06936691335705633,
        0.06651467261957215,
        0.06466747823951216,
        0.06460863974365695,
        0.06266673409225769,
        0.062186911421599614,
        0.06160851704566678,
        0.059624287223736,
        0.05904788551121212,
        0.05855513770554437,
        0.05814470974865326,
        0.05787482895606057,
        0.0569510182417088,
        0.05680297998202353,
        0.0563141766715069,
        0.056463279989127126,
        0.05607737774294058,
        0.055676936748521616,
        0.05547538040963648,
        0.05541847960999444,
        0.05567423919921795,
        0.05535770770277007,
        0.05475789627440905,
        0.05410134291857879,
        0.05391040222335623,
        0.055077781447460686,
        0.054598961724770696,
        0.0540221260749483,
        0.05397490788849804,
        0.055256544915815234,
        0.05387990554411953,
        0.054969430394722296,
        0.05448701071741577,
        0.054799577576704096,
        0.0548523731887081,
        0.054412115833745826,
        0.054675119770593444,
        0.054538426726604326
      ],
      "val_curve": [
        0.5357472521588713,
        0.5113224433642218,
        0.4852591776094403,
        0.4580980372572805,
        0.431247535807438,
        0.4068046575102334,
        0.38584952121238,
        0.3677416624905407,
        0.3514359500613678,
        0.33594207602484094,
        0.3214545735185256,
        0.3081214651474273,
        0.29612570861823884,
        0.2855757243637619,
        0.27579409504682917,
        0.2666674753039924,
        0.25771002105345,
        0.24872895119167165,
        0.23943158450761234,
        0.23025998720387886,
        0.22079042393727608,
        0.21159144294591176,
        0.2027553241712196,
        0.19445018636280628,
        0.186135412438819,
        0.17803165547984184,
        0.17070380892763298,
        0.16379376001193138,
        0.15772250406945004,
        0.1519121897355656,
        0.14684673668298154,
        0.14234333248932565,
        0.13811583349911807,
        0.13391751585509337,
        0.13022856200799598,
        0.12756719960534063,
        0.12452472770881715,
        0.12182579479603631,
        0.1197202307811863,
        0.11755350952540451,
        0.11562274078717057,
        0.11372935679975624,
        0.11191217712112733,
        0.1102855189899846,
        0.10841064393154262,
        0.10715883814830351,
        0.1058145809470052,
        0.10448840705965239,
        0.10330301038175609,
        0.10209831233807565,
        0.10066819077046038,
        0.09970140955197551,
        0.09851620159053415,
        0.09708294118960824,
        0.09599697713269587,
        0.09443852377187228,
        0.09306212624899732,
        0.09145935559428763,
        0.08968096030634946,
        0.08855888910697465,
        0.08723429493527199,
        0.08543315751860034,
        0.08279392907486616,
        0.0801122880455118,
        0.07763868639151919,
        0.0764114239407896,
        0.07413815070801566,
        0.07160130935775688,
        0.06932164778252581,
        0.06704514657562463,
        0.06531171710556671,
        0.06392390512358226,
        0.06213051920684785,
        0.06048009252950583,
        0.05907781074907333,
        0.05793991318769589,
        0.05653160399280947,
        0.0554482004051073,
        0.05456590400618906,
        0.053671565244725813,
        0.05307643196362803,
        0.052744355177197354,
        0.052289779530012036,
        0.0520506735448256,
        0.051412933877861985,
        0.05108410423473182,
        0.051089576206568676,
        0.05102762367638556,
        0.05062822731327747,
        0.05063404835215848,
        0.050770155761121115,
        0.050627353686033015,
        0.05071880829163235,
        0.0507207418638426,
        0.050528001629462284,
        0.05035717524792378,
        0.05040474244695951,
        0.05023420948465098,
        0.05009832451535499,
        0.050083892746447964,
        0.05026701099198816,
        0.05038457883428826,
        0.05037789705589257,
        0.05043735220346233,
        0.050301980075344144,
        0.050306016118940235,
        0.05050626738122692,
        0.05044734038686873,
        0.050644042455389095,
        0.0504922559291872
      ],