{
  "schema": {
    "name": "half_qae_bundle",
    "version": "1.0"
  },
  "timestamp": "2025-09-11 22:39:34",
  "dataset": {
    "id": "mackey_glass_tau30_n200",
    "scale_low": 0.2,
    "scale_high": 0.8,
    "window_size": 4,
    "window_stride": 1
  },
  "run": {
    "tag": "inst4_L3",
    "instance_id": 4,
    "seed": 4,
    "sigma_train": 0.2,
    "sigma_eval": 0.2
  },
  "architecture": {
    "n_qubits": 4,
    "n_layers": 3,
    "n_latent": 2,
    "n_trash": 2,
    "latent_wires": [
      0,
      1
    ],
    "trash_wires": [
      2,
      3
    ]
  },
  "training": {
    "stage1": {
      "lr_init": 0.01,
      "max_epochs": 120,
      "patience": 10,
      "lr_patience": 8,
      "best_val": 0.11096528638701908,
      "final_val": 0.11113007998339786,
      "best_epoch": 93,
      "epochs": 104,
      "train_curve": [
        0.4528432732581754,
        0.42363015922354896,
        0.3962956619667512,
        0.3735513668459571,
        0.3512604844392685,
        0.3368013100957377,
        0.32031501447057437,
        0.3078574389694962,
        0.2981363270915054,
        0.2838950704457398,
        0.2730214148645338,
        0.26266518532150546,
        0.25654158436631763,
        0.24494602134311264,
        0.23695465285984468,
        0.22833075462184824,
        0.21660224312964427,
        0.208259433109511,
        0.20312611848553877,
        0.19670506898168638,
        0.18683690843212725,
        0.17938461269508996,
        0.17223602063887827,
        0.1653705794631629,
        0.16732993461478468,
        0.16060441838637612,
        0.15512826425301673,
        0.1530178254010373,
        0.14921695127171436,
        0.1449756874164193,
        0.14749224494440516,
        0.14311830747292456,
        0.14371475678268159,
        0.1469239024781776,
        0.137925953932963,
        0.13976325814306156,
        0.13883626284281553,
        0.13833094171246535,
        0.13773397078939537,
        0.1368646471984015,
        0.13413355950003342,
        0.13378129349304757,
        0.13357651167673404,
        0.13009375944008528,
        0.1313982880117514,
        0.1323897959203821,
        0.13271151165606526,
        0.12937003321840626,
        0.12997321229086334,
        0.1249082763807903,
        0.12636675574533213,
        0.12503642452033786,
        0.12585131243019484,
        0.12036169818584808,
        0.12294065615591562,
        0.12328287606211905,
        0.12015377866493411,
        0.11735414424072216,
        0.11994962252404842,
        0.12020435449466238,
        0.1171898565308732,
        0.11506188443791761,
        0.11821197496499117,
        0.11659222740663111,
        0.1172334386219141,
        0.1186860489076871,
        0.1165655176845866,
        0.11586248875608263,
        0.11634717793220459,
        0.11585897804999176,
        0.11373170711823165,
        0.11578316825274412,
        0.11693174938462547,
        0.1150126006668376,
        0.1152466141077027,
        0.11444042888223456,
        0.114186147281761,
        0.11585173699317972,
        0.11521870913631499,
        0.11673681948668432,
        0.11574669111923322,
        0.1177576684437855,
        0.11339594466386624,
        0.11503509475486538,
        0.11290154163331553,
        0.11562103964470383,
        0.11409375718192279,
        0.11389457241415048,
        0.11667706566574595,
        0.11190191550998455,
        0.11503695161937623,
        0.11350903749464061,
        0.11410859102526766,
        0.1155176425304766,
        0.11283414668088475,
        0.11425986384994129,
        0.11336613663067976,
        0.11372129520168221,
        0.11038968351713935,
        0.11387538013301904,
        0.11532413784388795,
        0.11580730769180023,
        0.11529458572359819,
        0.11464441296245532
      ],
      "val_curve": [
        0.4417286558373335,
        0.4118167605461284,
        0.38511974922620573,
        0.36212939346322515,
        0.34301626690208914,
        0.3275571001834003,
        0.31417224486955525,
        0.30194177932500715,
        0.29121749558495014,
        0.28192862699848253,
        0.27364887945624145,
        0.26562758147272536,
        0.257474400924054,
        0.24893656814436688,
        0.2398452793638847,
        0.2305161879129641,
        0.22119181725797232,
        0.21204320468380403,
        0.20324056570522525,
        0.1949368033810674,
        0.18725171172613408,
        0.18010232134377313,
        0.17365320664196376,
        0.16759671159503003,
        0.16230232693700303,
        0.15780299010225085,
        0.15393625451967102,
        0.1506351939243469,
        0.14784752750239286,
        0.14546199122615353,
        0.1437091703976273,
        0.14219120176381966,
        0.14087015308024842,
        0.13977908464299502,
        0.138621183572871,
        0.137440234290588,
        0.1365354385206219,
        0.13575381031063355,
        0.13495669888884562,
        0.13418834047102415,
        0.13325815690509854,
        0.13228389740005253,
        0.13131966651093283,
        0.13040393645427634,
        0.12929169888009814,
        0.12813651827183997,
        0.12692170273802356,
        0.1256837246141858,
        0.1243302802134321,
        0.12323424056728242,
        0.12196396829689564,
        0.12092453430421819,
        0.11984147497016362,
        0.1190496997306479,
        0.11814786316952015,
        0.11742771185133853,
        0.11677023013446472,
        0.11631786692671311,
        0.11614200661438268,
        0.11594822393506903,
        0.11564010550534994,
        0.11511392496130597,
        0.11465249536370788,
        0.11447874485505234,
        0.11408758481451609,
        0.11396327490880712,
        0.11377530747143498,
        0.11371043196123312,
        0.11361299100351352,
        0.113330230377056,
        0.1128568994631864,
        0.11254929693274356,
        0.11256164319366926,
        0.11251617565665839,
        0.11239458194845227,
        0.11235845908066841,
        0.11231577850714229,
        0.11207644856604808,
        0.11209358944832122,
        0.11197657684108075,
        0.11196857196167401,
        0.11165232125062667,
        0.11151833759778476,
        0.11157004807559685,
        0.11163014514542006,
        0.11165459125453345,
        0.11166375615583442,
        0.11130098715790819,
        0.1115047906133149,
        0.11177486916709492,
        0.11171783922225305,
        0.11149490784882868,
        0.11118071097539524,
        0.11096528638701908,
        0.1110012924782239,
        0.11105470862729169,
        0.11105835212613953,
        0.1111525157702464,
        0.11116603925779031,
        0.1110419139404893,
        0.11108124553273617,
        0.11125983971168019,
        0.11127218759502902,
        0.11113007998339786
      ],