{
  "schema": {
    "name": "half_qae_bundle",
    "version": "1.0"
  },
  "timestamp": "2025-09-11 22:39:34",
  "dataset": {
    "id": "mackey_glass_tau30_n200",
    "scale_low": 0.2,
    "scale_high": 0.8,
    "window_size": 4,
    "window_stride": 1
  },
  "run": {
    "tag": "inst3_L3",
    "instance_id": 3,
    "seed": 3,
    "sigma_train": 0.2,
    "sigma_eval": 0.2
  },
  "architecture": {
    "n_qubits": 4,
    "n_layers": 3,
    "n_latent": 2,
    "n_trash": 2,
    "latent_wires": [
      0,
      1
    ],
    "trash_wires": [
      2,
      3
    ]
  },
  "training": {
    "stage1": {
      "lr_init": 0.01,
      "max_epochs": 120,
      "patience": 10,
      "lr_patience": 8,
      "best_val": 0.06915469264252572,
      "final_val": 0.0695871381287545,
      "best_epoch": 99,
      "epochs": 110,
      "train_curve": [
        0.4706440943541068,
        0.4392232583263861,
        0.41539414560865956,
        0.39481949263170946,
        0.37425638275045187,
        0.35191457342403315,
        0.333681401765975,
        0.3092942743930332,
        0.30127612032550344,
        0.2773509759423043,
        0.26210819816992864,
        0.2440089243867528,
        0.2304252710739429,
        0.22130444568269753,
        0.20898080421171553,
        0.19957487678277105,
        0.19761898800971142,
        0.1937069186927306,
        0.18670210990297528,
        0.18614963222697364,
        0.1846048828185608,
        0.17736835883112917,
        0.17814186364881845,
        0.17647481946618182,
        0.1759081949153346,
        0.1727597064436236,
        0.17198321366465055,
        0.1682790848772457,
        0.17035248034286443,
        0.1680843041375802,
        0.167095725424034,
        0.16425921844446711,
        0.1652353436815358,
        0.16504621686394674,
        0.16430062590176225,
        0.1632616115054271,
        0.1621816497564849,
        0.16129487503705187,
        0.16114233178687667,
        0.1598506933136669,
        0.15798596706883453,
        0.15810048733028179,
        0.15965615792619597,
        0.1537893167746585,
        0.1525120817948719,
        0.15393040432623767,
        0.15434192648057143,
        0.15001843031083645,
        0.15111425288411157,
        0.14857488277564257,
        0.14638238181862634,
        0.14462052259238609,
        0.14115557054877498,
        0.13835595206643525,
        0.13741291997646687,
        0.13424024441860438,
        0.1331935877956701,
        0.13016705475985912,
        0.12906824419826898,
        0.12529526593560372,
        0.1216278639270397,
        0.11767533389907706,
        0.11722530586430485,
        0.11423279011513018,
        0.1106525988297605,
        0.10778144219562477,
        0.10617941290127851,
        0.10426863244908083,
        0.10253992823023382,
        0.10252363929258249,
        0.10089033077022638,
        0.09855939540116879,
        0.09702774941617179,
        0.09543718281151732,
        0.0928687293274632,
        0.08947214387159198,
        0.08787800809997653,
        0.08576627399712984,
        0.0832985560397995,
        0.08207845745036757,
        0.07843518489499086,
        0.07456520448114921,
        0.07246170707779719,
        0.07163782848333075,
        0.06926896766171486,
        0.07023131229553171,
        0.06876187246226047,
        0.06888558258600759,
        0.06909626850899604,
        0.06826528289961506,
        0.06852389832377838,
        0.06853259980507978,
        0.06874489044382069,
        0.06893045999340648,
        0.06823179692715735,
        0.06849304722414057,
        0.06937673757766213,
        0.0670323385721144,
        0.0694440162345282,
        0.06780646501813486,
        0.06832832160595265,
        0.06884497012058083,
        0.0672418524716615,
        0.06820095999457187,
        0.06890561730562675,
        0.06769856480546418,
        0.06708398335520152,
        0.06816318765602009,
        0.0692357783319989,
        0.06782517647570067
      ],
      "val_curve": [
        0.4122144464188498,
        0.3879109347766091,
        0.3675823446196289,
        0.3478236981873553,
        0.328477178295697,
        0.3105501326981167,
        0.29404002104086796,
        0.27882150061127364,
        0.26572942819201995,
        0.25261793299425483,
        0.23984474713477938,
        0.22645361569438127,
        0.21398454772353243,
        0.2031641039788104,
        0.19366471140489097,
        0.18635822129160406,
        0.18135584377652866,
        0.1760127079260775,
        0.17109461032942158,
        0.16767355682047463,
        0.1648331133263979,
        0.16265106486149974,
        0.16098645204729678,
        0.15952057188920657,
        0.15821338463717682,
        0.15687388734415092,
        0.1558522893832736,
        0.15483119621884522,
        0.15384020002117502,
        0.1528392579682934,
        0.15180355134110707,
        0.15087286555380844,
        0.14994864473046446,
        0.14909084443299517,
        0.14823297667523838,
        0.14751259275468012,
        0.1467881095612158,
        0.1459845657703364,
        0.1451698596458722,
        0.1443286214619937,
        0.14342194413270656,
        0.14286270500275094,
        0.14195854127132163,
        0.14103001694735634,
        0.139872295962391,
        0.139241470263249,
        0.13837569502338343,
        0.13756592369070816,
        0.13651372840527534,
        0.1353313746782126,
        0.13416375324259686,
        0.13293679324695493,
        0.13179969150066134,
        0.13059851664551247,
        0.12934113959571153,
        0.12800481499035968,
        0.1261161565181853,
        0.12444134712463954,
        0.12234599725657216,
        0.1202713782900495,
        0.11798113369592836,
        0.11557616631410166,
        0.11306316580308277,
        0.11085913792866094,
        0.10846156608558126,
        0.10601981134632141,
        0.10400531645725657,
        0.1020873382246416,
        0.10063528248834239,
        0.09870761815981248,
        0.09694334599133901,
        0.09536377142161132,
        0.09397605167785643,
        0.0923410438644455,
        0.0904139392504193,
        0.08840728865269624,
        0.08657838888261662,
        0.08415523197545494,
        0.08155313962336666,
        0.07864710143177293,
        0.07598326785580936,
        0.07384708198125732,
        0.07214333232597189,
        0.07098209338800274,
        0.07001408495135038,
        0.06973548553430209,
        0.06951817889751606,
        0.06965355440497296,
        0.06963356083517165,
        0.06936343392376354,
        0.06947411227516216,
        0.06950970845373268,
        0.06968535131303125,
        0.0695106055183358,
        0.06942783138905859,
        0.06952891393181285,
        0.06955706132321397,
        0.06944966604742261,
        0.06928944820121721,
        0.06915469264252572,
        0.06938164712570989,
        0.06938651615757438,
        0.06948635025995839,
        0.06963201431487809,
        0.0696593676859677,
        0.06961682311387572,
        0.06950417934856715,
        0.06948223462308165,
        0.06973819528606899,
        0.0695871381287545
      ],