{
  "schema": {
    "name": "half_qae_bundle",
    "version": "1.0"
  },
  "timestamp": "2025-09-14 16:56:10",
  "dataset": {
    "id": "mackey_glass_tau17_n200",
    "scale_low": 0.2,
    "scale_high": 0.8,
    "window_size": 6,
    "window_step": 2,
    "split": 0.75
  },
  "run": {
    "instance_id": 3,
    "layer": 3,
    "sigma_eval": 0.2,
    "test_seed_fixed": 99123
  },
  "environment": {
    "device": "default.qubit",
    "reset_mode": "swap"
  },
  "architecture": {
    "n_qubits": 6,
    "n_latent": 2,
    "n_trash": 4
  },
  "parameters": {
    "phi": [
      1.496657534789266,
      -0.020912782407947302,
      1.2098946246252567,
      -0.91959703747836,
      -1.197535942201325,
      -0.6405530102905016,
      0.08291109541063824,
      1.397555999824767,
      -0.6505113811994964,
      0.20956223627123247,
      -0.05082673335541936,
      -0.5887808197151865,
      -1.6661703098871177,
      -0.7235676798587489,
      -1.218604225291939,
      -0.020387283052475752,
      1.356561009179866,
      -0.0702522040727056,
      -0.040350625092471136,
      0.022996830403855705,
      0.9957189550668513,
      1.4762823347568497,
      -0.08404493406264192,
      0.022607971555998866,
      -1.6488885253475665,
      -0.09712930923755853,
      -0.0008745483548903395,
      1.0077248289646605,
      1.3349828770829655,
      -1.3413143488549026,
      1.4115129460688276,
      -1.4700714437036042,
      0.07023240188790286,
      1.5585002595192756,
      0.03972982041202168,
      0.07119806746703751,
      -0.02258206629678736,
      0.013569310729449498,
      0.3144577245934224,
      -0.5070728264132975,
      1.578393635287418,
      0.01636005303101583,
      -0.018165945567060877,
      0.005224775648142036,
      -0.7617639362365133,
      0.409916893200738,
      -0.11856807949408613,
      0.2953366516080397,
      -0.26377933913625073,
      -0.9404776983777047,
      -0.40414225054342967,
      0.010187326750385845,
      -0.07437914234416117,
      0.41614459605288395
    ],
    "psi": [
      1.4597544506702183,
      -0.01725389160824828,
      1.2114927966335771,
      -0.8316704132085202,
      -1.1138111506774189,
      -0.675610327752518,
      0.0991057791851738,
      1.4342282510760844,
      -0.6323603678170938,
      0.18272371753151428,
      -0.13386812760544897,
      -0.4825281349680089,
      -1.76015407933059,
      -0.7523554036249472,
      -1.213087942812487,
      -0.006819492384536238,
      1.3692993411523136,
      -0.020682219228531154,
      -0.08726512349661912,
      -0.022992822445417106,
      0.9247988912990971,
      1.4828898866608555,
      -0.11725759616925965,
      0.030803287720360478,
      -1.6429746949305328,
      -0.1077854231650939,
      -0.04561722959898261,
      1.0322499037932744,
      1.4609525625014919,
      -1.281291205215207,
      1.3957099016684529,
      -1.483876875747802,
      0.11671746575319494,
      1.537700243210367,
      0.012603384992415105,
      0.09849821518298449,
      -0.01482703660930248,
      0.04588833129318819,
      0.3444828119361864,
      -0.5054814780253857,
      1.5212306873509425,
      0.10827573502447436,
      -0.017534355186514836,
      -0.01001153229807716,
      -0.6938622956135476,
      0.43688102402142753,
      -0.005779731776479479,
      0.4021825566767423,
      -0.19893714807312388,
      -0.9625346467285224,
      -0.35052020050291605,
      0.0851704779991309,
      -0.044766912332857636,
      0.4496817064465766
    ]
  },
  "metrics_series": {
    "mse_train_noise": 0.019067164300121137,
    "mse_train_recovered": 0.018633023914105942,
    "delta_train_pct": 2.2769006401882064,
    "mse_test_noise": 0.018957942152927745,
    "mse_test_recovered": 0.018427413828250104,
    "delta_test_pct": 2.7984489054668327
  }
}