{
  "schema": {
    "name": "half_qae_bundle",
    "version": "1.0"
  },
  "timestamp": "2025-09-14 16:56:15",
  "dataset": {
    "id": "mackey_glass_tau17_n200",
    "scale_low": 0.2,
    "scale_high": 0.8,
    "window_size": 6,
    "window_step": 2,
    "split": 0.75
  },
  "run": {
    "instance_id": 5,
    "layer": 3,
    "sigma_eval": 0.2,
    "test_seed_fixed": 99123
  },
  "environment": {
    "device": "default.qubit",
    "reset_mode": "swap"
  },
  "architecture": {
    "n_qubits": 6,
    "n_latent": 2,
    "n_trash": 4
  },
  "parameters": {
    "phi": [
      -0.3405469273204247,
      -0.04776209921335961,
      -0.029998284079351144,
      1.0497006579347303,
      -0.11827687561619306,
      -0.1925652401729047,
      -0.7026335795761395,
      -0.01931974275061616,
      0.013143957939623726,
      -0.16318190977537664,
      0.4696282073850697,
      -1.1045034417303037,
      0.6142941656446533,
      -0.31470143288316726,
      -0.2924956414231264,
      -0.2061115458147124,
      -0.39453552835747185,
      0.10019388060660618,
      -0.33843329250573806,
      0.0021693186856098765,
      0.07184790691135029,
      0.6486726066280932,
      -0.004401374992380343,
      0.24414916632649672,
      0.4329874611873808,
      -0.037716292151062224,
      1.4874103600526902,
      0.19321483232045436,
      0.049145022937070446,
      1.4581196790300779,
      -0.15028788093749984,
      0.007651408975036444,
      0.015187997518105038,
      0.15101544694431063,
      0.0018449913876325736,
      0.03178238191613492,
      0.5335869343007281,
      -1.5630550766593667,
      -0.5523501387500833,
      0.016028831003179724,
      -0.005215753017667655,
      0.9354605094911732,
      0.6188077039988219,
      1.5292636574118932,
      0.42201629395236057,
      -0.007646187714941417,
      -0.01301447412782392,
      -0.002996920313293533,
      -1.1605168796505303,
      -1.4152064275593248,
      0.7194920593426105,
      0.16512093960686625,
      -1.5055992795803015,
      0.11662810229026054
    ],
    "psi": [
      -0.38013254548375175,
      -0.04835044357224454,
      0.007910983308111361,
      1.1225923609224873,
      -0.12385636029169145,
      -0.17945651667440277,
      -0.6824491680215131,
      -0.014780430439117498,
      0.012187383504267664,
      -0.10567327406457061,
      0.5464963724400774,
      -1.0592885086188835,
      0.5534178836444114,
      -0.25366289390372704,
      -0.27952169894028495,
      -0.22978221649221386,
      -0.38776548822079543,
      0.09135917662012373,
      -0.2748038101056316,
      -0.011630521825333112,
      0.04854460746249537,
      0.6317701633339481,
      -0.009747652600046737,
      0.27686642032073094,
      0.3881342229462036,
      -0.004928462536131702,
      1.4896197317996065,
      0.1137418143852717,
      -0.003173570171280897,
      1.462759488939113,
      -0.0738183687427226,
      -0.0020091940821073896,
      -0.029749336284508227,
      0.2093901333098895,
      -0.02663324938276146,
      -0.020403038225458723,
      0.6487015449812868,
      -1.538581728331873,
      -0.6385942073415941,
      0.019188079738698093,
      -0.013738970962166726,
      0.9577114447280396,
      0.5843382220427852,
      1.484755956322563,
      0.3572906753696262,
      -0.044012810798196154,
      -0.03925016074532021,
      0.05779877999630667,
      -1.1873330788734335,
      -1.4143892771572666,
      0.7168150962673919,
      0.19951574944178813,
      -1.5044024786311645,
      0.1529569689995878
    ]
  },
  "metrics_series": {
    "mse_train_noise": 0.019067164300121137,
    "mse_train_recovered": 0.02332830484822486,
    "delta_train_pct": -22.348055961717648,
    "mse_test_noise": 0.018957942152927745,
    "mse_test_recovered": 0.02248373519834688,
    "delta_test_pct": -18.597973434973426
  }
}