{
  "schema": {
    "name": "half_qae_bundle",
    "version": "1.0"
  },
  "timestamp": "2025-09-14 16:56:05",
  "dataset": {
    "id": "mackey_glass_tau17_n200",
    "scale_low": 0.2,
    "scale_high": 0.8,
    "window_size": 6,
    "window_step": 2,
    "split": 0.75
  },
  "run": {
    "instance_id": 1,
    "layer": 3,
    "sigma_eval": 0.2,
    "test_seed_fixed": 99123
  },
  "environment": {
    "device": "default.qubit",
    "reset_mode": "swap"
  },
  "architecture": {
    "n_qubits": 6,
    "n_latent": 2,
    "n_trash": 4
  },
  "parameters": {
    "phi": [
      0.038109808523492834,
      -0.52482837341956,
      1.5709921661129018,
      -1.1618946022003935,
      -0.31082974232195704,
      -1.0463664134486115,
      0.31247747480776467,
      0.7978948385688411,
      -0.5069827905082644,
      -0.4151174403026071,
      1.2371165508284687,
      -0.7000585830329041,
      -0.10667080814759451,
      -0.008390603063419487,
      1.6004501269373201,
      -0.1285938382070533,
      -1.5783005474905494,
      -0.3410290083940901,
      0.22839455725846108,
      1.2125714943104573,
      1.1035215825082687,
      0.15218997927217773,
      -0.028918057153714823,
      -0.3106428044605061,
      0.15574524383448415,
      -0.01165062239991115,
      0.8395658324965147,
      -0.30489524294181886,
      -0.007289479534082918,
      -1.6214508088381236,
      -0.9586496114369408,
      -0.11862335671878947,
      -0.17789015612051146,
      0.15565792027809605,
      1.0804908779968396,
      0.3984188105263363,
      -0.36008659409197274,
      -0.31370890991696876,
      0.7106165138993226,
      0.0501587943043586,
      0.1187244430718979,
      0.26994566024450606,
      -0.45889344310121655,
      -0.20073222359008963,
      -0.33999274752571307,
      0.05513313366693944,
      -0.004166682085206531,
      0.08588831759924119,
      1.5663359341312209,
      0.028459350217764696,
      -0.20406587967844056,
      -0.05196693203597616,
      0.34039572373323956,
      -0.1944700264125969
    ],
    "psi": [
      0.026601651713381635,
      -0.5138012227991783,
      1.5381642802346993,
      -1.1513595495373807,
      -0.2823192705515202,
      -0.9714188069029561,
      0.27324497255216795,
      0.7630790308406769,
      -0.4763138597279184,
      -0.43866925134620094,
      1.2232459550816501,
      -0.6818196309175348,
      -0.11840834596891363,
      -0.07412133591578024,
      1.6627298335393645,
      -0.11281641171644731,
      -1.574750980716189,
      -0.332666360287998,
      0.19189956616743475,
      1.3137014289937983,
      1.0465734763704273,
      0.1923809963029418,
      -0.03181597385370315,
      -0.3180779620724056,
      0.1458865838008814,
      -0.007448371300876176,
      0.8456758989928129,
      -0.32299198909447824,
      -0.0583367173033142,
      -1.581995480917048,
      -0.9803225999027904,
      -0.1712556326141468,
      -0.2333588362788056,
      0.15377342813325182,
      1.1355429091273068,
      0.3700425451789724,
      -0.4207334792336774,
      -0.2760655320880642,
      0.6771066167677594,
      0.08818774359344142,
      0.15017888482701938,
      0.2992807278870724,
      -0.485497956687529,
      -0.1874107096301691,
      -0.3780891988538244,
      0.11459423342158587,
      0.06666757303220919,
      0.01686146645878755,
      1.5551506765623475,
      0.033786600363381374,
      -0.2388909833807055,
      -0.04689766260787846,
      0.2967155992426804,
      -0.24953997043675974
    ]
  },
  "metrics_series": {
    "mse_train_noise": 0.019067164300121137,
    "mse_train_recovered": 0.021433496634888815,
    "delta_train_pct": -12.410510013555843,
    "mse_test_noise": 0.018957942152927745,
    "mse_test_recovered": 0.02103879493089836,
    "delta_test_pct": -10.976153219505758
  }
}