{
  "schema": {
    "name": "half_qae_bundle",
    "version": "1.0"
  },
  "timestamp": "2025-09-14 16:56:07",
  "dataset": {
    "id": "mackey_glass_tau17_n200",
    "scale_low": 0.2,
    "scale_high": 0.8,
    "window_size": 6,
    "window_step": 2,
    "split": 0.75
  },
  "run": {
    "instance_id": 2,
    "layer": 3,
    "sigma_eval": 0.2,
    "test_seed_fixed": 99123
  },
  "environment": {
    "device": "default.qubit",
    "reset_mode": "swap"
  },
  "architecture": {
    "n_qubits": 6,
    "n_latent": 2,
    "n_trash": 4
  },
  "parameters": {
    "phi": [
      1.122732586804781,
      0.222070338400706,
      -0.4206815069098368,
      -0.45836668457614277,
      -0.547686776936547,
      -1.2656926899397676,
      0.9695858024115611,
      -0.9956503768213546,
      2.095248665999783,
      0.18033957718024318,
      -1.0309813067730529,
      -1.5499240832439254,
      0.13797985690556064,
      -0.21600300658124044,
      -0.12709650706359996,
      -0.8278845866937515,
      0.12229908308770496,
      0.27148022778071135,
      -0.2730498570489454,
      -1.111586097783141,
      0.4571121798095331,
      -1.2204072287024148,
      -0.771084720654736,
      1.3202065316297624,
      -1.0563964213528523,
      -0.651473484664465,
      -0.20068301728767798,
      0.9928401788662646,
      -0.38058442295856987,
      0.12895037295446524,
      0.39231200559589263,
      -1.5272701420692107,
      0.5440610465873719,
      0.4332837950590933,
      1.3337511703141547,
      0.15563814478401503,
      -0.11389612848527335,
      -0.09341024401399267,
      -0.07153468962095398,
      -0.007308523046827624,
      -0.2827345290928329,
      -0.10641668029378215,
      -1.3072725751132974,
      1.0913032214165523,
      0.4227990297238793,
      -0.08566208563532891,
      0.05646732930413888,
      0.6544750143116255,
      0.27247833141804445,
      -0.12303403238740261,
      0.04441492382658543,
      -1.4385077844907823,
      0.16141326970541317,
      0.5312839840560387
    ],
    "psi": [
      1.0883404621741317,
      0.18220754991475718,
      -0.44409513988960425,
      -0.45041171997014506,
      -0.5468935186159446,
      -1.357689553980222,
      0.9793503797196643,
      -1.0468736533850682,
      2.0810992250869877,
      0.1677184364479381,
      -1.0555786586966753,
      -1.594963993375073,
      0.10555296805821887,
      -0.16648018398108574,
      -0.1425222275590352,
      -0.890847944352277,
      0.06427311827078813,
      0.28949562941443213,
      -0.27211212731542805,
      -1.112359229782913,
      0.4202413966373993,
      -1.1994052811243021,
      -0.8192848375544036,
      1.3443785368204528,
      -1.0547984534177755,
      -0.6181430170966178,
      -0.16004098321586774,
      0.972994728114883,
      -0.35253811451123496,
      0.11183613710853295,
      0.4245113701062714,
      -1.5690999796033172,
      0.48919523215477206,
      0.3811728223247283,
      1.283519946105148,
      0.14041701860290648,
      -0.1430979909544135,
      -0.10438398008894509,
      -0.12350943933009445,
      -0.09993660537069934,
      -0.22620621237218225,
      -0.16436032240091958,
      -1.3285248949859407,
      1.1900217389145609,
      0.40360491843323637,
      -0.09068979426006663,
      0.04587681625487823,
      0.7418588213226952,
      0.2701488929601762,
      -0.09075274977711646,
      0.03957900310238532,
      -1.4539333302726283,
      0.2448983447201575,
      0.5594379929507495
    ]
  },
  "metrics_series": {
    "mse_train_noise": 0.019067164300121137,
    "mse_train_recovered": 0.02065530578467769,
    "delta_train_pct": -8.329195991385374,
    "mse_test_noise": 0.018957942152927745,
    "mse_test_recovered": 0.019700725274832923,
    "delta_test_pct": -3.9180577507483605
  }
}