{
  "schema": {
    "name": "half_qae_bundle",
    "version": "1.0"
  },
  "timestamp": "2025-09-14 16:56:12",
  "dataset": {
    "id": "mackey_glass_tau17_n200",
    "scale_low": 0.2,
    "scale_high": 0.8,
    "window_size": 6,
    "window_step": 2,
    "split": 0.75
  },
  "run": {
    "instance_id": 4,
    "layer": 3,
    "sigma_eval": 0.2,
    "test_seed_fixed": 99123
  },
  "environment": {
    "device": "default.qubit",
    "reset_mode": "swap"
  },
  "architecture": {
    "n_qubits": 6,
    "n_latent": 2,
    "n_trash": 4
  },
  "parameters": {
    "phi": [
      -1.117952492370608,
      -1.5849599129485021,
      0.21395865576606724,
      0.7561225551412618,
      -1.387172713026813,
      0.24708133054759035,
      0.5691978643668727,
      -0.7286944463751158,
      -0.3862782368692168,
      -0.04233321551225951,
      1.2298493014251304,
      -1.0174220523800592,
      0.14691473032960373,
      0.6315468702582278,
      0.20763066606771138,
      -0.04534847277397254,
      1.1050685915696423,
      -0.8811489946173753,
      -0.9248240762568625,
      -1.450176657600269,
      0.7775150101120979,
      -0.7062913913665696,
      0.7324798872877013,
      -1.113265396718173,
      -0.601491647193602,
      -0.813126936702623,
      -0.4625491726203421,
      -0.7781254583160891,
      -1.1623853885274886,
      0.841191634499163,
      -1.367912109378582,
      0.004623588966134241,
      -1.5885373478123828,
      -1.1816996879350723,
      -1.2142106331673583,
      1.1744667687881434,
      1.1863274506822516,
      -1.539430805918308,
      -0.41781893121838354,
      -0.02501970557690607,
      -1.324817127430501,
      1.1465538202194776,
      0.06720941379795953,
      -1.3298485690235406,
      0.3620431061692984,
      -1.5177637238917479,
      -1.345732192208524,
      -0.13798318186460237,
      -0.37269775086366475,
      -1.6026999143420029,
      -0.5911702220001223,
      -1.1004607930667853,
      -1.437501539596252,
      -1.5493904634642655
    ],
    "psi": [
      -1.0576881329890098,
      -1.5893517649188977,
      0.23169879208979588,
      0.711269851340568,
      -1.3864991969224283,
      0.21814524866946655,
      0.5816093895238789,
      -0.6962689375252955,
      -0.4489186367370546,
      -0.043300598432396024,
      1.3026307748190518,
      -0.9578419603689143,
      0.14574590875248628,
      0.6735667245063521,
      0.29025940107827514,
      -0.05639507186093484,
      1.0867299227636917,
      -0.945848615122184,
      -0.8809160192827377,
      -1.4289226098508188,
      0.7054929738742793,
      -0.6615249502528825,
      0.743021752640055,
      -1.0499806972273662,
      -0.582659545307198,
      -0.8664569673438067,
      -0.4721654963555325,
      -0.8394376512850216,
      -1.1942275203823252,
      0.8370585037506142,
      -1.3831478459926332,
      0.006225179190641606,
      -1.574694192061645,
      -1.153123490223596,
      -1.2286848027890664,
      1.2854915866406151,
      1.1921058284830908,
      -1.5461671201097036,
      -0.4357715414373364,
      -0.026279817971056323,
      -1.3870445143399968,
      1.243163130027423,
      0.10867429078039821,
      -1.3903853906505914,
      0.2535349277231521,
      -1.4441793379114458,
      -1.3370040535275383,
      -0.16254624148819774,
      -0.40906493724271203,
      -1.5635503609417907,
      -0.5966049986094583,
      -1.053133266719457,
      -1.4812767227132722,
      -1.5234993700190231
    ]
  },
  "metrics_series": {
    "mse_train_noise": 0.019067164300121137,
    "mse_train_recovered": 0.018714709805195767,
    "delta_train_pct": 1.848489315860835,
    "mse_test_noise": 0.018957942152927745,
    "mse_test_recovered": 0.01609453913049952,
    "delta_test_pct": 15.103975944910353
  }
}