{
  "schema": {
    "name": "sidekick_bundle",
    "version": "1.0"
  },
  "timestamp": "2025-10-03 12:37:30",
  "dataset": {
    "id": "mackey_glass_tau17_n200",
    "scale_low": 0.2,
    "scale_high": 0.8,
    "window_size": 6,
    "window_step": 2,
    "split": 0.75
  },
  "run": {
    "instance_id": 4,
    "layer": 1,
    "sigma_eval": 0.2,
    "test_seed_fixed": 99123
  },
  "environment": {
    "stage1_backend": "lightning.qubit",
    "stage1_diff": "adjoint",
    "stage3_backend": "lightning.qubit",
    "stage3_diff": "adjoint"
  },
  "architecture": {
    "n_qubits": 6,
    "n_latent": 2,
    "n_trash": 4,
    "rot": "Rxyz"
  },
  "parameters": {
    "phi": [
      [
        [
          6.179224011504278e-05,
          1.1957668199013338,
          0.2764250313635153
        ],
        [
          0.00011524179882564561,
          0.9305441529831674,
          0.1476650872217003
        ],
        [
          1.2411148668271482e-05,
          -2.060385216131153,
          0.15111159833463553
        ],
        [
          -4.395573475765646e-06,
          -1.985186595238159,
          0.05852561815112059
        ],
        [
          7.674519473067131e-06,
          -1.8864998602415681,
          0.0882636119625621
        ],
        [
          1.934456259915536e-05,
          -1.8197402223149735,
          0.19651153405952454
        ]
      ]
    ],
    "psi": [
      [
        [
          -0.013977620325046947,
          1.1428037995334945,
          0.052241744592394584
        ],
        [
          0.01235242337076211,
          0.9046532827882081,
          0.03373737770578715
        ],
        [
          2.261764795781354,
          -0.8735868284858259,
          0.699042250571499
        ],
        [
          -9.837891805831465e-07,
          0.704800547967167,
          0.058525618106235584
        ],
        [
          -1.5794574606507508e-06,
          1.122228636849473,
          0.08826361189954228
        ],
        [
          5.959640769004891e-07,
          1.4811983244305469,
          0.19651153409500946
        ]
      ]
    ]
  },
  "metrics_series": {
    "mse_train_noise": 0.019067164300121137,
    "mse_train_recovered": 0.02129755828440649,
    "delta_train_pct": -11.697565244513996,
    "mse_test_noise": 0.018957942152927745,
    "mse_test_recovered": 0.01921485815544347,
    "delta_test_pct": -1.355189294509196
  },
  "times_seconds": {
    "stage1": 79.2675633339677,
    "stage3": 211.4471681250725,
    "total": 290.7147314590402
  }
}