{
  "schema": {
    "name": "sidekick_bundle",
    "version": "1.0"
  },
  "timestamp": "2025-10-03 12:37:30",
  "dataset": {
    "id": "mackey_glass_tau17_n200",
    "scale_low": 0.2,
    "scale_high": 0.8,
    "window_size": 6,
    "window_step": 2,
    "split": 0.75
  },
  "run": {
    "instance_id": 3,
    "layer": 1,
    "sigma_eval": 0.2,
    "test_seed_fixed": 99123
  },
  "environment": {
    "stage1_backend": "lightning.qubit",
    "stage1_diff": "adjoint",
    "stage3_backend": "lightning.qubit",
    "stage3_diff": "adjoint"
  },
  "architecture": {
    "n_qubits": 6,
    "n_latent": 2,
    "n_trash": 4,
    "rot": "Rxyz"
  },
  "parameters": {
    "phi": [
      [
        [
          0.00010332920724820516,
          1.1956997804092178,
          0.17394272166705016
        ],
        [
          2.4898186550450656e-05,
          0.930492116924503,
          0.24977991276082756
        ],
        [
          8.878376715487024e-06,
          -2.060419932531969,
          0.23214443459804796
        ],
        [
          -4.323968240687021e-06,
          -1.985116740668165,
          0.2966243254692533
        ],
        [
          1.2610214096881126e-05,
          -1.8863836748177174,
          0.14803150552329677
        ],
        [
          -1.1532878249759288e-07,
          -1.8196876944717115,
          0.13617820824207583
        ]
      ]
    ],
    "psi": [
      [
        [
          -0.008946501610408941,
          1.1443812482701723,
          0.035908846751495416
        ],
        [
          0.01990018548790627,
          0.9072290136024131,
          0.06013950805018264
        ],
        [
          2.3661150130868998,
          -0.8744472795043831,
          0.5917678564225187
        ],
        [
          -0.0003195972190536439,
          0.7152308649334219,
          0.29662432538027445
        ],
        [
          3.893308161374402e-07,
          1.1189056543237013,
          0.1480315054639277
        ],
        [
          7.368810404329873e-07,
          1.4544994116096497,
          0.13617820826898772
        ]
      ]
    ]
  },
  "metrics_series": {
    "mse_train_noise": 0.019067164300121137,
    "mse_train_recovered": 0.021320281121836735,
    "delta_train_pct": -11.816737854937776,
    "mse_test_noise": 0.018957942152927745,
    "mse_test_recovered": 0.019245473461510794,
    "delta_test_pct": -1.516679955364486
  },
  "times_seconds": {
    "stage1": 78.90460854093544,
    "stage3": 214.00317312497646,
    "total": 292.9077816659119
  }
}