{
  "schema": {
    "name": "sidekick_bundle",
    "version": "1.0"
  },
  "timestamp": "2025-10-03 12:37:30",
  "dataset": {
    "id": "mackey_glass_tau17_n200",
    "scale_low": 0.2,
    "scale_high": 0.8,
    "window_size": 6,
    "window_step": 2,
    "split": 0.75
  },
  "run": {
    "instance_id": 2,
    "layer": 1,
    "sigma_eval": 0.2,
    "test_seed_fixed": 99123
  },
  "environment": {
    "stage1_backend": "lightning.qubit",
    "stage1_diff": "adjoint",
    "stage3_backend": "lightning.qubit",
    "stage3_diff": "adjoint"
  },
  "architecture": {
    "n_qubits": 6,
    "n_latent": 2,
    "n_trash": 4,
    "rot": "Rxyz"
  },
  "parameters": {
    "phi": [
      [
        [
          -6.783921894493842e-05,
          1.1956947983979842,
          0.05874891818597452
        ],
        [
          1.3793719243636198e-05,
          0.9304203392236922,
          0.007153431699417347
        ],
        [
          -8.871505950764232e-06,
          -2.0604669877159285,
          0.19241098701698764
        ],
        [
          1.6043943278569988e-06,
          -1.9851555981446767,
          0.014713768683992044
        ],
        [
          1.080815456762035e-06,
          -1.88642130153899,
          0.12996277508485668
        ],
        [
          -1.996388771746176e-06,
          -1.8196705880377975,
          0.26682814088602264
        ]
      ]
    ],
    "psi": [
      [
        [
          -0.004700754467268099,
          1.1410640696076493,
          0.011803993914905345
        ],
        [
          0.0005504373263032132,
          0.9018729468946713,
          0.0018170403955903084
        ],
        [
          2.2277045963258204,
          -0.8689607164177194,
          0.7248714782201444
        ],
        [
          -1.1479604581743441e-06,
          0.6981219951580426,
          0.014713768602034466
        ],
        [
          1.3614031363863624e-07,
          1.1221244131821522,
          0.12996277497977893
        ],
        [
          2.7134170861425103e-07,
          1.4898896887253326,
          0.2668281408924958
        ]
      ]
    ]
  },
  "metrics_series": {
    "mse_train_noise": 0.019067164300121137,
    "mse_train_recovered": 0.021286656475574577,
    "delta_train_pct": -11.640389417734976,
    "mse_test_noise": 0.018957942152927745,
    "mse_test_recovered": 0.019201555518239898,
    "delta_test_pct": -1.2850200899812814
  },
  "times_seconds": {
    "stage1": 75.36893199989572,
    "stage3": 213.66037579113618,
    "total": 289.0293077910319
  }
}