{
  "schema": {
    "name": "sidekick_bundle",
    "version": "1.0"
  },
  "timestamp": "2025-10-03 12:37:30",
  "dataset": {
    "id": "mackey_glass_tau17_n200",
    "scale_low": 0.2,
    "scale_high": 0.8,
    "window_size": 6,
    "window_step": 2,
    "split": 0.75
  },
  "run": {
    "instance_id": 1,
    "layer": 1,
    "sigma_eval": 0.2,
    "test_seed_fixed": 99123
  },
  "environment": {
    "stage1_backend": "lightning.qubit",
    "stage1_diff": "adjoint",
    "stage3_backend": "lightning.qubit",
    "stage3_diff": "adjoint"
  },
  "architecture": {
    "n_qubits": 6,
    "n_latent": 2,
    "n_trash": 4,
    "rot": "Rxyz"
  },
  "parameters": {
    "phi": [
      [
        [
          6.232000643327786e-05,
          1.1956771365354155,
          0.2731840884798215
        ],
        [
          3.14158703362093,
          -0.9304187559450118,
          0.004709711460568514
        ],
        [
          -3.074136638871864e-06,
          -2.060437757154061,
          0.027122650814043754
        ],
        [
          2.9739247287128332e-06,
          -1.9850909267705,
          0.2817513313637083
        ],
        [
          3.73175906274946e-06,
          -1.8863979461511597,
          0.07792492549585672
        ],
        [
          -1.1857573860658539e-05,
          -1.8196061068233755,
          0.20730638155170694
        ]
      ]
    ],
    "psi": [
      [
        [
          0.07217417490850603,
          1.1391918068673161,
          2.815972132605059
        ],
        [
          0.0003496082278442842,
          0.9124580752355362,
          0.0012187661316318246
        ],
        [
          0.00028804909244021897,
          0.835244020696486,
          -0.0009354845578378898
        ],
        [
          1.946998033957603e-06,
          0.7308709872486141,
          0.28175133141794767
        ],
        [
          6.601730657296692e-07,
          1.1246007608082864,
          0.07792492560944095
        ],
        [
          1.1691347684607428e-07,
          1.4450908212589566,
          0.20730638150199227
        ]
      ]
    ]
  },
  "metrics_series": {
    "mse_train_noise": 0.019067164300121137,
    "mse_train_recovered": 0.021362002079437944,
    "delta_train_pct": -12.035548355254,
    "mse_test_noise": 0.018957942152927745,
    "mse_test_recovered": 0.019298943715935355,
    "delta_test_pct": -1.7987266774888155
  },
  "times_seconds": {
    "stage1": 80.83388920780271,
    "stage3": 214.23038191720843,
    "total": 295.06427112501115
  }
}