{
  "schema": {
    "name": "sidekick_bundle",
    "version": "1.0"
  },
  "timestamp": "2025-10-03 12:37:30",
  "dataset": {
    "id": "mackey_glass_tau17_n200",
    "scale_low": 0.2,
    "scale_high": 0.8,
    "window_size": 6,
    "window_step": 2,
    "split": 0.75
  },
  "run": {
    "instance_id": 5,
    "layer": 1,
    "sigma_eval": 0.2,
    "test_seed_fixed": 99123
  },
  "environment": {
    "stage1_backend": "lightning.qubit",
    "stage1_diff": "adjoint",
    "stage3_backend": "lightning.qubit",
    "stage3_diff": "adjoint"
  },
  "architecture": {
    "n_qubits": 6,
    "n_latent": 2,
    "n_trash": 4,
    "rot": "Rxyz"
  },
  "parameters": {
    "phi": [
      [
        [
          -2.2694355184716033e-05,
          1.195672100457184,
          0.3016927179226169
        ],
        [
          -0.001529574232716447,
          0.9304017846291748,
          0.0562019296400308
        ],
        [
          6.75095237080232e-06,
          -2.0604804479740997,
          0.3088663819425631
        ],
        [
          -3.457231896032069e-06,
          -1.9851133307250175,
          0.0009781766126076396
        ],
        [
          0.0007679337942540353,
          -1.8863837510981978,
          0.048258048451237726
        ],
        [
          -0.00047563582112943937,
          -1.8195315755004036,
          0.1826718233910919
        ]
      ]
    ],
    "psi": [
      [
        [
          -0.014111348544428208,
          1.1447957942601532,
          0.05721512895516524
        ],
        [
          0.004463019509399813,
          0.9082367353983665,
          0.01244912443549585
        ],
        [
          2.370797520245044,
          -0.8730449614591252,
          0.5878371829551705
        ],
        [
          -4.8399638136310173e-05,
          0.7135146474969091,
          0.000978176556802009
        ],
        [
          0.0003112857535725862,
          1.1187495840412254,
          0.04825804836135351
        ],
        [
          0.00024936480006431923,
          1.4545815830243443,
          0.18267182341480312
        ]
      ]
    ]
  },
  "metrics_series": {
    "mse_train_noise": 0.019067164300121137,
    "mse_train_recovered": 0.0213228656084375,
    "delta_train_pct": -11.83029250082055,
    "mse_test_noise": 0.018957942152927745,
    "mse_test_recovered": 0.019247783581962368,
    "delta_test_pct": -1.5288654575299487
  },
  "times_seconds": {
    "stage1": 77.18804462486878,
    "stage3": 207.20994754089043,
    "total": 284.3979921657592
  }
}