{
  "schema": {
    "name": "half_qae_bundle",
    "version": "1.0"
  },
  "timestamp": "2025-09-02 19:38:40",
  "dataset": {
    "id": "mackey_glass_n100",
    "scale_low": 0.2,
    "scale_high": 0.8,
    "window_size": 4,
    "window_stride": 1
  },
  "run": {
    "tag": "inst1_L3",
    "instance_id": 1,
    "seed": 1,
    "sigma_train": 0.1,
    "sigma_eval": 0.1
  },
  "architecture": {
    "n_qubits": 4,
    "n_layers": 3,
    "n_latent": 2,
    "n_trash": 2,
    "latent_wires": [
      0,
      1
    ],
    "trash_wires": [
      2,
      3
    ]
  },
  "training": {
    "stage1": {
      "lr_init": 0.01,
      "max_epochs": 120,
      "patience": 10,
      "lr_patience": 8,
      "best_val": 0.05703302906344253,
      "final_val": 0.05703302906344253,
      "best_epoch": 119,
      "epochs": 120,
      "train_curve": [
        0.4153307655978108,
        0.3922496639826393,
        0.3741557151381433,
        0.35785066630855733,
        0.33943626016200273,
        0.325509623006687,
        0.31185990212175807,
        0.29920872016463407,
        0.2893334340984961,
        0.28026684762975784,
        0.2715635019312973,
        0.26174907789497365,
        0.256259855989839,
        0.24888487455636887,
        0.2422544278209459,
        0.23735132053058516,
        0.23280900768427226,
        0.2272074476155184,
        0.2217772432053295,
        0.21610876652925476,
        0.2119298781182259,
        0.2091768106275415,
        0.20274166071225386,
        0.19826079556110096,
        0.19463526017556976,
        0.19087357630185825,
        0.188382548436927,
        0.18503195244566623,
        0.18004039621059995,
        0.17766220792707993,
        0.17423931334938172,
        0.17159108662833383,
        0.16659591028102072,
        0.16324762242888127,
        0.1595675033980108,
        0.15516363917474837,
        0.15330377857200905,
        0.14929559393294356,
        0.14660112119326185,
        0.14240642807637438,
        0.13899706207524504,
        0.13431822432464885,
        0.13153077202012897,
        0.12794823393596344,
        0.12522281626340234,
        0.12303730675362295,
        0.12017987084278364,
        0.11832680487647988,
        0.11340485234498685,
        0.11245165502493501,
        0.10915031681252815,
        0.1074348668507625,
        0.10712259413457653,
        0.10403064329867308,
        0.1025917888909948,
        0.10071808484195166,
        0.09682748036697952,
        0.09664079809639736,
        0.09645158402883638,
        0.09446800695928488,
        0.09236766806762556,
        0.09202150394148204,
        0.09013537269618999,
        0.08902880978990008,
        0.0866570285708455,
        0.0870700283360925,
        0.08392318804790747,
        0.08385356178592791,
        0.08041824944962894,
        0.08068220436822751,
        0.07893840250696668,
        0.07861767960573968,
        0.0758623777562411,
        0.07600691864398479,
        0.07436047740249405,
        0.073654657514199,
        0.07215568706355882,
        0.07072666121995247,
        0.07013284884704829,
        0.06952993140149813,
        0.06893642473716602,
        0.06878004583154174,
        0.06636517445104922,
        0.06584945787458753,
        0.06576758375482993,
        0.06569309732279668,
        0.06481325642968008,
        0.06437204228091328,
        0.06286636720105114,
        0.0627636457138198,
        0.06303586195592172,
        0.06155544415994421,
        0.061613389446109244,
        0.06144307386159964,
        0.060629756257011475,
        0.05978307213189893,
        0.0607265967509531,
        0.060501038997239735,
        0.05954914020957254,
        0.059535832669514094,
        0.05848642965006097,
        0.05824129323516643,
        0.05882020990831417,
        0.05928845618383842,
        0.05809865517046198,
        0.05807308475344419,
        0.057942974203344405,
        0.05706518892884597,
        0.05690709220547112,
        0.057180241730808753,
        0.05567256230994789,
        0.05758930860619964,
        0.0566337846450158,
        0.057872845234666424,
        0.0563868475966567,
        0.05695013130083125,
        0.05652451368050278,
        0.056518598139223664,
        0.05636351686238944,
        0.05488376327757198
      ],
      "val_curve": [
        0.3998014728521426,
        0.3796450246318291,
        0.3609088417379748,
        0.34386455217097456,
        0.32835100517903926,
        0.3142343591234058,
        0.301584080825078,
        0.29013776208465475,
        0.2797185342712835,
        0.27015709477681465,
        0.2613759499458789,
        0.2532134413581023,
        0.24563041220525803,
        0.23868462981180527,
        0.23228212606532012,
        0.22627076820352077,
        0.22071640427591985,
        0.21540698667788374,
        0.2103745989298284,
        0.20559205435478747,
        0.20112084787983528,
        0.19692962352917862,
        0.1930341697566453,
        0.18949446051378033,
        0.18637534504520764,
        0.18348417967494107,
        0.1807868079922766,
        0.17827708903855016,
        0.1758272329938598,
        0.17333843971145996,
        0.17089850902584353,
        0.1684265279005478,
        0.16590520732313854,
        0.16331378021745174,
        0.16063632968497701,
        0.1579561347319548,
        0.15521995068899866,
        0.15243278951957834,
        0.14965582158855742,
        0.1468281401155318,
        0.14414298694345148,
        0.14138057655886827,
        0.13857203755074537,
        0.13593198607781393,
        0.13339930102169378,
        0.1308087309191965,
        0.12811520345219318,
        0.12567387982182374,
        0.1232070642001691,
        0.12093591669112584,
        0.11871963004798262,
        0.11654693365965689,
        0.11441062499067638,
        0.11236431226772495,
        0.11024480480249392,
        0.1081959801029686,
        0.10608249109365837,
        0.10421391911728425,
        0.10242830658784427,
        0.10078241122426419,
        0.0992099576584753,
        0.09756517280278895,
        0.09597218623161267,
        0.09442987267988937,
        0.09269685800460127,
        0.09113621750692233,
        0.08958972758258446,
        0.08820124241146511,
        0.08693587758992391,
        0.08550575685112367,
        0.08412135446306329,
        0.0829394720507551,
        0.08160963953290407,
        0.08025058109340899,
        0.07906970826438713,
        0.07807287238060481,
        0.07710448787121736,
        0.07602368265077779,
        0.07504077377233873,
        0.07396978734661284,
        0.07297166713710941,
        0.0721615821443071,
        0.07117416345410693,
        0.07018187568787504,
        0.06926029317968727,
        0.06860505702161297,
        0.06785541627248096,
        0.06712109640912917,
        0.06661934184014659,
        0.06614128650311421,
        0.06547066734413455,
        0.064804917143983,
        0.06416620529469905,
        0.06381392898361131,
        0.06354269265339432,
        0.06326245213512627,
        0.06294093861871206,
        0.06243106022498711,
        0.06194790427677084,
        0.06146874131993284,
        0.061048211587382994,
        0.060529453120231336,
        0.06020214647689245,
        0.06000357310414574,
        0.05990484738169109,
        0.059639609696669725,
        0.05947374929321496,
        0.05918989575277912,
        0.0588755414632597,
        0.05860692888508484,
        0.058395032742151874,
        0.05826612320481352,
        0.058061940183230645,
        0.05789178273123802,
        0.05774980297280015,
        0.057611049352983855,
        0.05757594681594295,
        0.057516016853933496,
        0.057228892413696164,
        0.05703302906344253
      ],