{
  "schema": {
    "name": "half_qae_bundle",
    "version": "1.0"
  },
  "timestamp": "2025-09-02 19:38:41",
  "dataset": {
    "id": "mackey_glass_n100",
    "scale_low": 0.2,
    "scale_high": 0.8,
    "window_size": 4,
    "window_stride": 1
  },
  "run": {
    "tag": "inst5_L3",
    "instance_id": 5,
    "seed": 5,
    "sigma_train": 0.1,
    "sigma_eval": 0.1
  },
  "architecture": {
    "n_qubits": 4,
    "n_layers": 3,
    "n_latent": 2,
    "n_trash": 2,
    "latent_wires": [
      0,
      1
    ],
    "trash_wires": [
      2,
      3
    ]
  },
  "training": {
    "stage1": {
      "lr_init": 0.01,
      "max_epochs": 120,
      "patience": 10,
      "lr_patience": 8,
      "best_val": 0.03243336011009418,
      "final_val": 0.03243336011009418,
      "best_epoch": 119,
      "epochs": 120,
      "train_curve": [
        0.5393179207926191,
        0.5260507991729849,
        0.5105413867310378,
        0.4974076000265705,
        0.48052851348561854,
        0.4660043139473806,
        0.44863793589258816,
        0.4356868332851805,
        0.4188796970788582,
        0.40324909207535675,
        0.3918468898683242,
        0.3781264356846185,
        0.36602300220459383,
        0.35675811888098485,
        0.3464098138717753,
        0.3387381891491545,
        0.3303848667539384,
        0.32198349516466074,
        0.3156571398850958,
        0.3074765333876792,
        0.3005931464350956,
        0.29421301470115746,
        0.2875460628702015,
        0.28192472018060577,
        0.2767661977978621,
        0.26943641148468944,
        0.26412962709892296,
        0.2591972526172333,
        0.2518637019964544,
        0.24864439658880216,
        0.24123124830242942,
        0.2373130521932288,
        0.23083099619965397,
        0.22582953253468352,
        0.22184996144003669,
        0.21665617137921805,
        0.21555176067214432,
        0.20978279209016373,
        0.20570891070767686,
        0.2008992461408588,
        0.19431943111110686,
        0.19377026624201008,
        0.19026677745114423,
        0.1839165633261573,
        0.17926683743098465,
        0.17845945808775465,
        0.17625934216720232,
        0.17303296407572483,
        0.1692828752460842,
        0.163676021557993,
        0.16150722493748942,
        0.1596983266199748,
        0.15775094553093727,
        0.15590058883919666,
        0.15307251481064896,
        0.1505339429830958,
        0.14803942544136395,
        0.1464704735632535,
        0.14363019526809684,
        0.14333915483320114,
        0.14136404378646183,
        0.13841555187754434,
        0.13784306768890353,
        0.1339433674227396,
        0.13230945826757437,
        0.13141982557275667,
        0.13015222521467967,
        0.12793131281908812,
        0.12786381356335946,
        0.1260404976395582,
        0.12337629179093085,
        0.12433291585953166,
        0.12089626236703355,
        0.11981955157912919,
        0.11701459235550965,
        0.11533468108033396,
        0.11333895893840096,
        0.11428021371766915,
        0.11073932288240565,
        0.10869935916184639,
        0.10821301086279214,
        0.1066192848928513,
        0.1025517336005323,
        0.1029940265413747,
        0.10184746619925439,
        0.09805270824554985,
        0.09729078734511573,
        0.09576865591317014,
        0.09333501790656346,
        0.0914072465394709,
        0.08962044173699321,
        0.08860055926125002,
        0.08501418437283886,
        0.08244583240478698,
        0.08222243433191839,
        0.0797941948892748,
        0.0776365200117128,
        0.07700457995942625,
        0.0758253133674453,
        0.07433462580964467,
        0.07127750421885226,
        0.07100674133067275,
        0.06943686992013651,
        0.06740412636720283,
        0.06424150899262152,
        0.06433888252248696,
        0.06240251995580136,
        0.060604969920066296,
        0.05874167168435601,
        0.05673466161666579,
        0.05488344263528848,
        0.054091445978906236,
        0.05127885352718174,
        0.04975771420744897,
        0.048048511068881056,
        0.04687848995549522,
        0.04537092518820314,
        0.04377009297295863,
        0.04299667093218364,
        0.04046633917561064
      ],
      "val_curve": [
        0.5379652609821904,
        0.5225231968343348,
        0.5066825348852322,
        0.49059465063111285,
        0.4742749997118653,
        0.4575783791961503,
        0.44079816658106424,
        0.42427235713027966,
        0.40835101019714637,
        0.39348864235069925,
        0.37979185754747974,
        0.3672402335464705,
        0.35576152223531576,
        0.345268484479898,
        0.3355027735727063,
        0.3263751696077685,
        0.3176825495342961,
        0.3093809055438301,
        0.30152777580086454,
        0.2939418724710888,
        0.28669264689734814,
        0.27977410583985296,
        0.2731877385268148,
        0.2669475651788261,
        0.2610095569131823,
        0.2554428129869078,
        0.24990310774924024,
        0.24442274585199156,
        0.23923422668756583,
        0.2340092978736891,
        0.228822434217695,
        0.22419924815819087,
        0.21965902276620083,
        0.21508997714354433,
        0.21066992521894168,
        0.20636181336106385,
        0.20213142939202838,
        0.1983345020755118,
        0.19450384316714459,
        0.19077558278748855,
        0.18695659642323878,
        0.18315005558496442,
        0.17952703675020826,
        0.176180112765646,
        0.17281994406804163,
        0.16938168143819607,
        0.1661217865271586,
        0.16332372422105718,
        0.16019931200666004,
        0.15747150854598901,
        0.15491275796858744,
        0.15240932741463448,
        0.15009065416121475,
        0.14780136173666825,
        0.14581021960222817,
        0.14351600943489745,
        0.14175412951953031,
        0.1399833586012438,
        0.13815599980272403,
        0.13665530309423154,
        0.13513950184745654,
        0.13358362471159005,
        0.13198988708547973,
        0.13030155817922323,
        0.12865969191204685,
        0.12687035483392323,
        0.12531606374603715,
        0.12382199105732791,
        0.12214425872768442,
        0.12049034348534537,
        0.11882501866944364,
        0.11720530803248633,
        0.11552916214189908,
        0.11383531538319047,
        0.11220545250485174,
        0.11052921749629255,
        0.10900815696004189,
        0.10726541698978012,
        0.10554408311294709,
        0.10376362773363382,
        0.10192524946640054,
        0.10011446191239977,
        0.09815276375139752,
        0.09629234969952531,
        0.09444506717688912,
        0.09247205755811251,
        0.09066857253806335,
        0.08885399832631759,
        0.08699815804400515,
        0.08528674310767306,
        0.08348963406971004,
        0.0816006646004512,
        0.07972899490633081,
        0.07776813689956398,
        0.0760596185359663,
        0.07419124075333292,
        0.0722356850052964,
        0.07017754672798819,
        0.06816176085258731,
        0.06624195793904876,
        0.06426410438487869,
        0.06233802134658539,
        0.06061417886413674,
        0.058818028719027714,
        0.05704866599621494,
        0.055379276234092854,
        0.05356672826914464,
        0.051772959511768565,
        0.04999087162080899,
        0.04807108296288433,
        0.04643757639421755,
        0.04475670381010537,
        0.043078769837442445,
        0.041324606905714774,
        0.03962673742964397,
        0.037982820894123456,
        0.03643765348880039,
        0.035019928395589844,
        0.0336424612198864,
        0.03243336011009418
      ],