{
  "schema": {
    "name": "half_qae_bundle",
    "version": "1.0"
  },
  "timestamp": "2025-09-02 22:17:23",
  "dataset": {
    "id": "mackey_glass_n100",
    "scale_low": 0.2,
    "scale_high": 0.8,
    "window_size": 6,
    "window_stride": 1
  },
  "run": {
    "tag": "inst5_L3",
    "instance_id": 5,
    "seed": 5,
    "sigma_train": 0.1,
    "sigma_eval": 0.1
  },
  "architecture": {
    "n_qubits": 6,
    "n_layers": 3,
    "n_latent": 4,
    "n_trash": 2,
    "latent_wires": [
      0,
      1,
      2,
      3
    ],
    "trash_wires": [
      4,
      5
    ]
  },
  "training": {
    "stage1": {
      "lr_init": 0.01,
      "max_epochs": 120,
      "patience": 10,
      "lr_patience": 8,
      "best_val": 0.09943305305001027,
      "final_val": 0.09943305305001027,
      "best_epoch": 119,
      "epochs": 120,
      "train_curve": [
        0.48152207417734716,
        0.4732096484311954,
        0.46250524356577505,
        0.4535906176104183,
        0.4445452934058277,
        0.43561463873899864,
        0.42607095766928205,
        0.4183989133979973,
        0.4098839146011539,
        0.4024926499651486,
        0.3941765599794731,
        0.3858771943129948,
        0.37880163519575505,
        0.37244132658333806,
        0.36579041360990006,
        0.35933328799300945,
        0.35279064554788014,
        0.34884327974346224,
        0.346609846089959,
        0.3397267333235757,
        0.33697799364035064,
        0.3328694136942429,
        0.3304635488735812,
        0.32501012763965387,
        0.3225091870767216,
        0.3207535785877498,
        0.31723701944735117,
        0.31338400549012235,
        0.312725699645863,
        0.3116552683426741,
        0.30958071718133684,
        0.3053512292849737,
        0.3044274971847576,
        0.2996843693865622,
        0.29843778162819234,
        0.29564380873474716,
        0.29036025906414237,
        0.28782002958969966,
        0.2868856555634005,
        0.283292440599433,
        0.27790209397757515,
        0.27380036950033537,
        0.27149700125477727,
        0.26733403039601666,
        0.26305035091147483,
        0.2588665317773136,
        0.2563874298336961,
        0.25433651973726135,
        0.2488604806062053,
        0.2460671381824917,
        0.24207657245999653,
        0.23827665550478544,
        0.23611768645673337,
        0.23262925122864955,
        0.2304300891530513,
        0.22413094749876072,
        0.2214454805068024,
        0.21954547846049255,
        0.2148513895605914,
        0.21228902452073034,
        0.2090812062569265,
        0.20214383827556767,
        0.200427269949621,
        0.19436405870967066,
        0.1921434917934271,
        0.18627706667938798,
        0.18371073428702953,
        0.17956168260617983,
        0.1769225901859572,
        0.17269977716685275,
        0.16848500439283867,
        0.16733407734954925,
        0.16281858536646476,
        0.15952698959627676,
        0.15658297875765803,
        0.15417574256434408,
        0.1520302337119257,
        0.14978097661348025,
        0.14949508480688822,
        0.14666120505129057,
        0.14573144221031087,
        0.14429235532733173,
        0.1433413235568407,
        0.14378791298126153,
        0.14150642367016464,
        0.13983987809155438,
        0.1398791943227164,
        0.14028930159393715,
        0.13918863209513133,
        0.1369215381515274,
        0.1355583618519718,
        0.13631802202391544,
        0.13404019931346503,
        0.13704405673554604,
        0.1346221480723764,
        0.13343872162393622,
        0.1326221906532187,
        0.13318494028788636,
        0.13241133178619416,
        0.1299579682622445,
        0.12956610360501222,
        0.13107697125586887,
        0.13087163853425096,
        0.1299750784653264,
        0.13003221117668617,
        0.13231947800853394,
        0.13039282615738557,
        0.12996431741057887,
        0.12873831128954272,
        0.12984029735225672,
        0.12921965722048895,
        0.12775953612273533,
        0.12664325281991767,
        0.1262034134710045,
        0.12606151929213494,
        0.1273404366711069,
        0.1265900538643689,
        0.12759725691107485,
        0.12518359543222615,
        0.1279192473582158
      ],
      "val_curve": [
        0.4741253863112074,
        0.46398323098890515,
        0.45341041585436975,
        0.44274610277078896,
        0.43214756786400355,
        0.42179457248586405,
        0.4118086242841451,
        0.40212320060157863,
        0.39277593391762383,
        0.3838647411707083,
        0.3753866099881052,
        0.3673826821548538,
        0.3598002476468072,
        0.3527047733796492,
        0.3461804373186323,
        0.3401953283003222,
        0.3347597798147155,
        0.32975116349549977,
        0.32511613636111786,
        0.3208749783859394,
        0.3168727406562452,
        0.31313704903303075,
        0.309666741000452,
        0.3064639874201129,
        0.30343491554860186,
        0.3005686363237536,
        0.2977811346743328,
        0.29510281483600737,
        0.2923913025555524,
        0.28965064908257826,
        0.28688297451057604,
        0.28403677051436144,
        0.2810838407847781,
        0.2780356115125386,
        0.27487854115984467,
        0.27161183646614523,
        0.26827956043371015,
        0.2647916208666435,
        0.26115909696833234,
        0.2574502425781607,
        0.25367090948541565,
        0.24979662756726365,
        0.2458018851388685,
        0.2417732404529959,
        0.23769887721196115,
        0.2336486915652813,
        0.22968027267683888,
        0.2258452949331103,
        0.22216797586823714,
        0.2186165655398694,
        0.21516636729570587,
        0.21183775763406468,
        0.20858736106137724,
        0.20537527180543336,
        0.20221309448470343,
        0.19898189383484324,
        0.19573285980081187,
        0.19234764083072187,
        0.18886617271929423,
        0.1852764558014167,
        0.18163959669991744,
        0.1778454713581964,
        0.17395320982753437,
        0.17002220999288586,
        0.16600389610275107,
        0.16204582343874047,
        0.15805794734896983,
        0.15399280324394043,
        0.14993907769739273,
        0.14605004699428253,
        0.14231133135892587,
        0.13873652468056633,
        0.13536251362338061,
        0.13221585958259544,
        0.12935825741769835,
        0.12674571581470606,
        0.12437937539308852,
        0.12223601179749048,
        0.12031149146212668,
        0.1186168026126172,
        0.11708508256112783,
        0.11573859415836593,
        0.11452891495936489,
        0.11343997867676352,
        0.11246849287657995,
        0.11156891641658095,
        0.1107506360644583,
        0.1099791644004838,
        0.10929358061953087,
        0.10864428933289669,
        0.10807649449870933,
        0.10751404441905948,
        0.10703310097052074,
        0.10654000549641597,
        0.1060865762296353,
        0.10565530567717944,
        0.10520792153772414,
        0.10478247935334853,
        0.10438695205022071,
        0.10400084207703879,
        0.10362255950988064,
        0.10322503748662391,
        0.10287431513098075,
        0.10251815250244486,
        0.10218041808655091,
        0.10184584314511236,
        0.10155730030893169,
        0.1012877772407301,
        0.10104199045794761,
        0.10083007788305387,
        0.10062314011120661,
        0.10046663813142426,
        0.10031450814828409,
        0.10016819138256661,
        0.10004207760023708,
        0.09988646576218807,
        0.09976516365037108,
        0.09963212842508107,
        0.09954442661599927,
        0.09943305305001027
      ],