{
  "schema": {
    "name": "half_qae_bundle",
    "version": "1.0"
  },
  "timestamp": "2025-09-02 22:17:23",
  "dataset": {
    "id": "mackey_glass_n100",
    "scale_low": 0.2,
    "scale_high": 0.8,
    "window_size": 6,
    "window_stride": 1
  },
  "run": {
    "tag": "inst1_L3",
    "instance_id": 1,
    "seed": 1,
    "sigma_train": 0.1,
    "sigma_eval": 0.1
  },
  "architecture": {
    "n_qubits": 6,
    "n_layers": 3,
    "n_latent": 4,
    "n_trash": 2,
    "latent_wires": [
      0,
      1,
      2,
      3
    ],
    "trash_wires": [
      4,
      5
    ]
  },
  "training": {
    "stage1": {
      "lr_init": 0.01,
      "max_epochs": 120,
      "patience": 10,
      "lr_patience": 8,
      "best_val": 0.06682289693549812,
      "final_val": 0.06682289693549812,
      "best_epoch": 119,
      "epochs": 120,
      "train_curve": [
        0.5082546691321597,
        0.4989697216695244,
        0.49024010932663703,
        0.4812790501075317,
        0.4728629408746413,
        0.46528906951901006,
        0.4593205673912345,
        0.4523443418261692,
        0.4467284094764511,
        0.4416606268358171,
        0.43635024258179894,
        0.4313646046635161,
        0.42631931320180594,
        0.42177908480420423,
        0.41601823360897494,
        0.4104986231454987,
        0.40614522640244677,
        0.4010543941919202,
        0.395858962084082,
        0.39098501161945254,
        0.3864420954006378,
        0.38144125003953244,
        0.37633562732475434,
        0.3719149464022703,
        0.3672585687332529,
        0.3618627708481928,
        0.35771552582151495,
        0.35255857960614634,
        0.34646826106146333,
        0.3422948371629948,
        0.3367615833913716,
        0.3303659781860499,
        0.32673872206680066,
        0.32195194732675897,
        0.31720574042279664,
        0.3114612372857773,
        0.30711298459830627,
        0.30390599305845034,
        0.2990146412466453,
        0.29230187371915095,
        0.28749815846735094,
        0.2829718306722896,
        0.2773403468211844,
        0.27124874943946464,
        0.2639496904128898,
        0.2591549203655086,
        0.2523558617591205,
        0.24741249066956242,
        0.2395256138162442,
        0.23355952527372087,
        0.228604136468689,
        0.2233720927719386,
        0.21598155212345743,
        0.21329631539162525,
        0.20983305967445917,
        0.20533126997751816,
        0.20182277638234875,
        0.19910161317533806,
        0.19833348673407197,
        0.19238280148760017,
        0.19126243477574115,
        0.18883124722203215,
        0.1848892360684257,
        0.1848716881103329,
        0.18033764101630267,
        0.1800850113559883,
        0.17780607349893926,
        0.1750046613853774,
        0.1736831086064012,
        0.16616224440867972,
        0.16344674855040142,
        0.16172800537038762,
        0.16149258102238745,
        0.15647192578579305,
        0.1513446139870553,
        0.14811500121017607,
        0.14849468839116264,
        0.14322412239444565,
        0.14080165014635493,
        0.13489860596544792,
        0.13318821529113256,
        0.1305444558403051,
        0.12848997894427122,
        0.12595989471782082,
        0.12190580476023564,
        0.11843161322448972,
        0.11600751629867306,
        0.11507696649247322,
        0.11095830005148954,
        0.11004466793334924,
        0.10809686029284787,
        0.10540923255493348,
        0.1037578923765202,
        0.10179443742525404,
        0.10092796505630486,
        0.1010611826739029,
        0.09805706714042611,
        0.09633794190655535,
        0.09637302728132185,
        0.09371306671639801,
        0.09417470952493108,
        0.09069392786294769,
        0.09120082780512187,
        0.08982412668503988,
        0.08820852796691439,
        0.08673862134914623,
        0.08855365149508615,
        0.08643313704743891,
        0.08647554740927807,
        0.08451054470094042,
        0.08441168922221894,
        0.08422032571193172,
        0.08255563925408842,
        0.08169202850058548,
        0.0826671069758306,
        0.08236215553707105,
        0.08085343650998328,
        0.08042053500702136,
        0.08048559032290459,
        0.08071513321500155
      ],
      "val_curve": [
        0.4992955021117621,
        0.489331660646037,
        0.479653735615615,
        0.4703757607476582,
        0.46184527044524354,
        0.4540774899402459,
        0.44709862412234974,
        0.4408602103568972,
        0.43505438538114233,
        0.4295568090413575,
        0.42409863130449577,
        0.4186940134824608,
        0.41329785569373884,
        0.40784362106449396,
        0.4024852129861313,
        0.39706662559122635,
        0.39158240325292715,
        0.3861319038375035,
        0.38082447636494043,
        0.37568356088241583,
        0.370664483732595,
        0.3657724258346702,
        0.36109442616181725,
        0.35646902791727725,
        0.35183714541586886,
        0.3472351208642514,
        0.3424617089841824,
        0.3376271652625484,
        0.3326765161116046,
        0.3276208979352915,
        0.3224630637316854,
        0.3173195933190223,
        0.312125003518125,
        0.3069212031097125,
        0.301726982499351,
        0.29652950263424155,
        0.2912293763182178,
        0.2859033428209254,
        0.28046401913992425,
        0.2749664402512922,
        0.26934608503989355,
        0.26350708985486865,
        0.25751703010280863,
        0.25113652667603104,
        0.24447034898412454,
        0.23744221499366389,
        0.2300947453309004,
        0.22227119161089648,
        0.2144896329352802,
        0.2068470003131323,
        0.19936398577370995,
        0.1923276871601828,
        0.18598595557844555,
        0.1803042381218302,
        0.17536376371500131,
        0.17112978587965041,
        0.16763152848256926,
        0.16450724009557274,
        0.16177576289399048,
        0.15931633340329765,
        0.15705118065323595,
        0.15493521447428343,
        0.15293571891441246,
        0.15096028672595957,
        0.14901122946261325,
        0.1470315890817236,
        0.14501179958339738,
        0.14289714000602516,
        0.14072854597588685,
        0.13855031956369768,
        0.1362578340168957,
        0.13380678076329588,
        0.1313150151589743,
        0.12875547916959346,
        0.12611526351026847,
        0.12337127839057399,
        0.12055001156121713,
        0.11786200581133965,
        0.11512174029830424,
        0.11253755516679267,
        0.10995303521178856,
        0.10741221201083388,
        0.10495573249268472,
        0.10263503987540885,
        0.10043996577061363,
        0.0983234561970482,
        0.09621802368075731,
        0.09419074742620133,
        0.09238261424939297,
        0.0905915278213436,
        0.08895877073462306,
        0.08743841960930604,
        0.08599041329594642,
        0.08458158355402633,
        0.08328104991913401,
        0.08205372735835569,
        0.08093240525528532,
        0.07990973682695494,
        0.07894961486219852,
        0.07807746269523556,
        0.0772606967150498,
        0.07653993666876753,
        0.07582129460229564,
        0.07512463081397276,
        0.07446916576000623,
        0.07385203051346756,
        0.07323872128729297,
        0.07268774536012607,
        0.07214892986303159,
        0.07163950937270229,
        0.07112820001825775,
        0.0706105453155274,
        0.07011035563195792,
        0.06961663591323551,
        0.06912708180559696,
        0.06863903655278283,
        0.06817113881254969,
        0.06771945608737961,
        0.06724941057945734,
        0.06682289693549812
      ],