{
  "schema": {
    "name": "full_qae_bundle",
    "version": "1.0"
  },
  "timestamp": "2025-09-08 11:49:06",
  "dataset": {
    "id": "MG_bench",
    "scale_low": 0.2,
    "scale_high": 0.8,
    "window_size": 6,
    "window_stride": 1
  },
  "run": {
    "tag": "inst4_L1",
    "instance_id": 4,
    "seed": 10026,
    "sigma_train": 0.1,
    "sigma_eval": 0.1
  },
  "architecture": {
    "n_qubits": 6,
    "n_layers": 1,
    "n_latent": 2,
    "n_trash": 4,
    "latent_wires": [
      0,
      1
    ],
    "trash_wires": [
      2,
      3,
      4,
      5
    ],
    "decoder_mode": "adjoint_encoder"
  },
  "training": {
    "stage1": {
      "lr_init": 0.0,
      "max_epochs": 0,
      "patience": 0,
      "lr_patience": 0,
      "best_val": NaN,
      "final_val": NaN,
      "best_epoch": -1,
      "epochs": 0,
      "train_curve": [],
      "val_curve": [],
      "lr_curve": [],
      "train_seconds": NaN
    },
    "stage3": {
      "lr_init": 0.5,
      "max_epochs": 120,
      "patience": 0,
      "plateau_steps": 0,
      "plateau_factor": 1.0,
      "best_val_mse": 0.010584968592912239,
      "final_val_mse": 0.011095608738843863,
      "best_epoch": 86,
      "epochs": 120,
      "train_curve": [
        0.1731496738066576,
        0.07380948761040289,
        0.06288925907002009,
        0.06293697953082347,
        0.03404205198063644,
        0.029562012402347924,
        0.027774712464552938,
        0.045372530317862564,
        0.035321217750011735,
        0.01827543633117914,
        0.018784839176088104,
        0.02337204310381666,
        0.02086748699566432,
        0.022976378862290807,
        0.017823151735300777,
        0.014798497003701422,
        0.020001225594036803,
        0.018755879844219673,
        0.01571337403993971,
        0.016223938157421732,
        0.015046972096812402,
        0.013943497797166696,
        0.0154396966502235,
        0.013365326823637468,
        0.012474966801394583,
        0.013836145864788018,
        0.013407373369654182,
        0.012352243460960843,
        0.012192284600658932,
        0.012392761605782706,
        0.012289636681365797,
        0.012536693741537205,
        0.011722687598292538,
        0.011709663550548621,
        0.012020528585868082,
        0.011770100944471088,
        0.011378560010505183,
        0.01185753493552821,
        0.011510224338000823,
        0.011575660528177425,
        0.011309979696678909,
        0.011032887076423943,
        0.01163228775999828,
        0.011455304571477977,
        0.010973017178403629,
        0.010971188805928796,
        0.011340066250515608,
        0.011434834287744108,
        0.011226766584481948,
        0.011188495242753699,
        0.011196554488075439,
        0.011391220698790127,
        0.010841747680387667,
        0.011214921053965656,
        0.010849961233257783,
        0.011061393285000888,
        0.011073813007047394,
        0.010852952837709496,
        0.011023974696971767,
        0.011158716028533772,
        0.010984273598888424,
        0.011109603478660442,
        0.010918178565694643,
        0.01100127294424133,
        0.010702376768824323,
        0.010669046425820596,
        0.01133595694291009,
        0.010781281378642107,
        0.01135998726645093,
        0.011183973926111836,
        0.011146407229175388,
        0.010861954232585251,
        0.010942466515630266,
        0.01118218875015454,
        0.010958042722880644,
        0.011061732767685713,
        0.010819200121742343,
        0.011368292244929678,
        0.010771980615371192,
        0.011020014754784743,
        0.010789592936118435,
        0.010866183344481854,
        0.010951588537934069,
        0.010810660271985975,
        0.01069545253883348,
        0.010836331815717696,
        0.010584968592912239,
        0.011009160223046833,
        0.01093037734781325,
        0.010954455756076696,
        0.011069000371085639,
        0.010877401032301816,
        0.010864969750347871,
        0.010777543221349656,
        0.010816889783407802,
        0.011057139030812055,
        0.010986611083585514,
        0.01095129200327487,
        0.010963054691147224,
        0.011031333284077438,
        0.011130507632994521,
        0.010789935667732925,
        0.010952320562592089,
        0.010896267535369392,
        0.011122531750639396,
        0.010772357255722984,
        0.011010506614300662,
        0.010929691059967767,
        0.010855151098441127,
        0.010634421147759145,
        0.010999519500955948,
        0.010857598941201333,
        0.011275041069026171,
        0.01111297625873793,
        0.010730996311754646,
        0.010968941903542195,
        0.011082537080769055,
        0.010971466279588862,
        0.011262113959146544,
        0.011095608738843863
      ],