{
  "schema": {
    "name": "full_qae_bundle",
    "version": "1.0"
  },
  "timestamp": "2025-09-08 11:43:27",
  "dataset": {
    "id": "MG_bench",
    "scale_low": 0.2,
    "scale_high": 0.8,
    "window_size": 6,
    "window_stride": 1
  },
  "run": {
    "tag": "inst2_L1",
    "instance_id": 2,
    "seed": 10024,
    "sigma_train": 0.1,
    "sigma_eval": 0.1
  },
  "architecture": {
    "n_qubits": 6,
    "n_layers": 1,
    "n_latent": 2,
    "n_trash": 4,
    "latent_wires": [
      0,
      1
    ],
    "trash_wires": [
      2,
      3,
      4,
      5
    ],
    "decoder_mode": "adjoint_encoder"
  },
  "training": {
    "stage1": {
      "lr_init": 0.0,
      "max_epochs": 0,
      "patience": 0,
      "lr_patience": 0,
      "best_val": NaN,
      "final_val": NaN,
      "best_epoch": -1,
      "epochs": 0,
      "train_curve": [],
      "val_curve": [],
      "lr_curve": [],
      "train_seconds": NaN
    },
    "stage3": {
      "lr_init": 0.5,
      "max_epochs": 120,
      "patience": 0,
      "plateau_steps": 0,
      "plateau_factor": 1.0,
      "best_val_mse": 0.010613250413269585,
      "final_val_mse": 0.01120647494749079,
      "best_epoch": 70,
      "epochs": 120,
      "train_curve": [
        0.17767600522358726,
        0.08398251184562186,
        0.05038601850575359,
        0.06422654314819037,
        0.03343777910286773,
        0.020984601884790358,
        0.023942722496151043,
        0.04182660584339852,
        0.03125712962549918,
        0.021160756990629172,
        0.018294785901371406,
        0.01642543939608093,
        0.024717494267994973,
        0.0215462883111681,
        0.016130954437728197,
        0.01706310492620948,
        0.016084413742420613,
        0.018239938916474102,
        0.01773703281138369,
        0.01451469498326742,
        0.013537138701569355,
        0.013537752881732805,
        0.014175134845452545,
        0.014782244421608186,
        0.013820477459681716,
        0.01202999089624432,
        0.012029568760560518,
        0.013120135179132733,
        0.01331914897493504,
        0.013792744305754626,
        0.012082657094781481,
        0.011256749497188067,
        0.012877524468110444,
        0.012735966126976014,
        0.012501490013828397,
        0.011648823805442765,
        0.011163986907892326,
        0.011986373812456798,
        0.012242764474513123,
        0.01173784425881245,
        0.011033374960292362,
        0.010937018600604306,
        0.01180777430894231,
        0.011392608017583204,
        0.011163611028929588,
        0.011451165308418512,
        0.011479514035966266,
        0.01164506052891781,
        0.011130443120773556,
        0.01105263058656221,
        0.01112991884181576,
        0.011232722879792914,
        0.011026027213360112,
        0.011113663410882725,
        0.010918431925664437,
        0.01104692579702688,
        0.011149401408209414,
        0.010787378909515121,
        0.010724666019186509,
        0.011299312322224229,
        0.011152989777345749,
        0.010851009389388482,
        0.011146571402579825,
        0.010918688108506687,
        0.011187843605478536,
        0.01097817916766323,
        0.011119749585401713,
        0.010843128457324838,
        0.011257699771340302,
        0.010888848780168403,
        0.010613250413269585,
        0.010903692094232996,
        0.010972136519623232,
        0.011056024332566253,
        0.010826648015055737,
        0.011135907289120789,
        0.010648806347197216,
        0.011088294307665546,
        0.01110228097269542,
        0.011017585717339061,
        0.010883680861712437,
        0.010625075771163617,
        0.011051126504520462,
        0.01076968901163057,
        0.010886914260853999,
        0.010967750187411245,
        0.01061363121755215,
        0.01077681542984115,
        0.010708433414599091,
        0.011037210972543543,
        0.010800130906601556,
        0.011015234883963401,
        0.011007154235399849,
        0.010937984924194144,
        0.010727520083418419,
        0.010893436673939428,
        0.010904918126214328,
        0.01105567004096014,
        0.011146688867258645,
        0.010935178760191042,
        0.011656204149832877,
        0.010779890133669494,
        0.011265511219492829,
        0.01068506721661768,
        0.010774026533347929,
        0.010707633494227797,
        0.010854056247510119,
        0.010885011655073065,
        0.01069729482856851,
        0.011089754221846337,
        0.010762545762765618,
        0.010655648772916406,
        0.010998130506986998,
        0.010951526362718653,
        0.010778472727079907,
        0.01098700703108136,
        0.011265299802356863,
        0.011046360112589507,
        0.011142758247261976,
        0.01120647494749079
      ],