{
  "schema": {
    "name": "full_qae_bundle",
    "version": "1.0"
  },
  "timestamp": "2025-09-08 12:25:29",
  "dataset": {
    "id": "MG_bench",
    "scale_low": 0.2,
    "scale_high": 0.8,
    "window_size": 6,
    "window_stride": 1
  },
  "run": {
    "tag": "inst5_L3",
    "instance_id": 5,
    "seed": 10027,
    "sigma_train": 0.1,
    "sigma_eval": 0.1
  },
  "architecture": {
    "n_qubits": 6,
    "n_layers": 3,
    "n_latent": 4,
    "n_trash": 2,
    "latent_wires": [
      0,
      1,
      2,
      3
    ],
    "trash_wires": [
      4,
      5
    ],
    "decoder_mode": "adjoint_encoder"
  },
  "training": {
    "stage1": {
      "lr_init": 0.0,
      "max_epochs": 0,
      "patience": 0,
      "lr_patience": 0,
      "best_val": NaN,
      "final_val": NaN,
      "best_epoch": -1,
      "epochs": 0,
      "train_curve": [],
      "val_curve": [],
      "lr_curve": [],
      "train_seconds": NaN
    },
    "stage3": {
      "lr_init": 0.5,
      "max_epochs": 120,
      "patience": 0,
      "plateau_steps": 0,
      "plateau_factor": 1.0,
      "best_val_mse": 0.004418497169796348,
      "final_val_mse": 0.008939045411315783,
      "best_epoch": 48,
      "epochs": 120,
      "train_curve": [
        0.07290554815456372,
        0.19434428094394093,
        0.08804879379548727,
        0.08414949745193855,
        0.14098407870193042,
        0.08740741602407691,
        0.06116739221394487,
        0.0404664933919446,
        0.033509415495724414,
        0.028173744125836085,
        0.03365970735033593,
        0.029374401063087193,
        0.026457884976502703,
        0.017230925942298823,
        0.030248840730678513,
        0.026158320916908756,
        0.04171419830788003,
        0.02641966691893706,
        0.011460542388448994,
        0.01528238354280108,
        0.015415733758980076,
        0.011667878217964646,
        0.012730015967967672,
        0.010993519373415596,
        0.012735831682148256,
        0.009983464058027323,
        0.009689239231447842,
        0.007472426351508042,
        0.00912455825249904,
        0.006988572257583592,
        0.007285253107194884,
        0.0067297228453928335,
        0.006197882054161646,
        0.006134470750035289,
        0.0068808636362294165,
        0.006061599334844612,
        0.006285485558430383,
        0.006035544412588995,
        0.006508883660268949,
        0.005826066546979912,
        0.005682264140434308,
        0.0057649536360610595,
        0.005572473165026108,
        0.005667644086716954,
        0.004814255030049507,
        0.004821733818982353,
        0.005147227311041672,
        0.004978913817181806,
        0.004418497169796348,
        0.005112084468614018,
        0.004722191693641415,
        0.005045603708894279,
        0.006677766307956727,
        0.017806777723164174,
        0.04054083813595129,
        0.009174718837005184,
        0.09070184115325326,
        0.05813337286806187,
        0.10366311208639875,
        0.03568389306938454,
        0.01989359876223011,
        0.02953460470294084,
        0.02720173453699168,
        0.018481956494539455,
        0.016809385932518506,
        0.016791042092375183,
        0.024041815524221275,
        0.022066981730852087,
        0.013911007404205691,
        0.015115323572616718,
        0.01293854456644416,
        0.013116174696753946,
        0.012104587806251503,
        0.009694664678280417,
        0.010502444036506867,
        0.00865820302848978,
        0.009035581581228937,
        0.008855203473962521,
        0.008988524178424977,
        0.008282051947159128,
        0.0076705225270653505,
        0.006500532600694366,
        0.005956921646766278,
        0.006578306384637025,
        0.0065438385261999965,
        0.005773508782398267,
        0.005931106366029459,
        0.006256580569892928,
        0.005249074168982157,
        0.006299567312193274,
        0.006969902119582867,
        0.00744124531481043,
        0.0054372772715321205,
        0.007170848096814685,
        0.010237063929196554,
        0.00910779372724798,
        0.005989250819166132,
        0.007481005071495624,
        0.005135964106931928,
        0.0072356795866516865,
        0.006270584581188301,
        0.005673400150341489,
        0.005689444021089872,
        0.004908444449494844,
        0.007703444252855483,
        0.007765337922593992,
        0.009804803327317297,
        0.01363560146441888,
        0.0168569264980543,
        0.03663942074202126,
        0.0756085720462635,
        0.024819126902094462,
        0.023270933863512942,
        0.023534498955725836,
        0.015164633055106388,
        0.015909486679617883,
        0.017032271017026895,
        0.017743825497546994,
        0.010655853144884469,
        0.008939045411315783
      ],