{
  "schema": {
    "name": "full_qae_bundle",
    "version": "1.0"
  },
  "timestamp": "2025-09-08 12:11:54",
  "dataset": {
    "id": "MG_bench",
    "scale_low": 0.2,
    "scale_high": 0.8,
    "window_size": 6,
    "window_stride": 1
  },
  "run": {
    "tag": "inst3_L3",
    "instance_id": 3,
    "seed": 10025,
    "sigma_train": 0.1,
    "sigma_eval": 0.1
  },
  "architecture": {
    "n_qubits": 6,
    "n_layers": 3,
    "n_latent": 4,
    "n_trash": 2,
    "latent_wires": [
      0,
      1,
      2,
      3
    ],
    "trash_wires": [
      4,
      5
    ],
    "decoder_mode": "adjoint_encoder"
  },
  "training": {
    "stage1": {
      "lr_init": 0.0,
      "max_epochs": 0,
      "patience": 0,
      "lr_patience": 0,
      "best_val": NaN,
      "final_val": NaN,
      "best_epoch": -1,
      "epochs": 0,
      "train_curve": [],
      "val_curve": [],
      "lr_curve": [],
      "train_seconds": NaN
    },
    "stage3": {
      "lr_init": 0.5,
      "max_epochs": 120,
      "patience": 0,
      "plateau_steps": 0,
      "plateau_factor": 1.0,
      "best_val_mse": 0.0035204275953771326,
      "final_val_mse": 0.004289001908332984,
      "best_epoch": 114,
      "epochs": 120,
      "train_curve": [
        0.05592826389101388,
        0.31981883526784155,
        0.19086650563004068,
        0.1006263627702839,
        0.07310865837960387,
        0.07510383481316578,
        0.04795476785050155,
        0.02826305372862527,
        0.03681690623006063,
        0.032656537998295355,
        0.02935493994109097,
        0.020621683517931078,
        0.013422200545570166,
        0.012455293614834401,
        0.01786800507336414,
        0.01607992846584262,
        0.01694966743174673,
        0.01338417061771192,
        0.016187425577978358,
        0.06050546821822713,
        0.14554725297229312,
        0.08764157640679081,
        0.039815961201028344,
        0.083075468556479,
        0.03789341221863747,
        0.03992561898904362,
        0.022192157660513794,
        0.02459100302773249,
        0.038712028267847705,
        0.021183228002175883,
        0.02613520477773623,
        0.01793123391354024,
        0.01706515886018666,
        0.016946323715647044,
        0.0135380140360628,
        0.011316828812957484,
        0.022417397844837813,
        0.012239182524284792,
        0.01667568868935653,
        0.010855059093065247,
        0.01157700609512967,
        0.010253539197781367,
        0.00829417156314418,
        0.007589710884804606,
        0.008856967818955227,
        0.006317796033921588,
        0.0072523936870286625,
        0.006790258585162767,
        0.00654564665970182,
        0.006248555640905068,
        0.005866207110114183,
        0.006173552615395861,
        0.006436413343842364,
        0.005798851273626135,
        0.005030479216296809,
        0.0055467551176341294,
        0.00544814827375232,
        0.005218881772786305,
        0.00543452852565499,
        0.004523770292185195,
        0.005114126744509177,
        0.005151153812700685,
        0.004630324552655496,
        0.00486601961653307,
        0.005308612741574149,
        0.0043687689790171905,
        0.0046685545471902975,
        0.005646560356461365,
        0.005961382729554914,
        0.004804597349138725,
        0.004242065945907062,
        0.005997849158766393,
        0.0042515431219408,
        0.00423435495764519,
        0.004629533078786458,
        0.005077059902282343,
        0.005649700323682857,
        0.011121600803453004,
        0.011008236688092447,
        0.011697287643820348,
        0.012086764211892816,
        0.014272722783700465,
        0.01398905408808722,
        0.008652622012982477,
        0.012105022933930775,
        0.010298757640156931,
        0.008738771088232894,
        0.007939020638210552,
        0.007993612063490287,
        0.005506224701105393,
        0.00866479502430134,
        0.0067772299028979405,
        0.006621717483424352,
        0.0060413043444489094,
        0.0058915155229956485,
        0.006285779416960261,
        0.004516219795287586,
        0.005564273857857587,
        0.0042107602984708965,
        0.005166235334993882,
        0.004140930281076064,
        0.005016528646768732,
        0.004401375637026904,
        0.004222407268582935,
        0.0042798248598384225,
        0.004547099179088574,
        0.0037542119263682494,
        0.004287689975131002,
        0.004484329204542013,
        0.0038066829072755195,
        0.00418674410315607,
        0.0037586146433557545,
        0.004081696875657689,
        0.0038280599021748526,
        0.0035204275953771326,
        0.0040402090552650325,
        0.0037495862396753087,
        0.004160224125225028,
        0.004815884922539726,
        0.004289001908332984
      ],