{
  "schema": {
    "name": "full_qae_bundle",
    "version": "1.0"
  },
  "timestamp": "2025-09-08 12:05:02",
  "dataset": {
    "id": "MG_bench",
    "scale_low": 0.2,
    "scale_high": 0.8,
    "window_size": 6,
    "window_stride": 1
  },
  "run": {
    "tag": "inst2_L3",
    "instance_id": 2,
    "seed": 10024,
    "sigma_train": 0.1,
    "sigma_eval": 0.1
  },
  "architecture": {
    "n_qubits": 6,
    "n_layers": 3,
    "n_latent": 4,
    "n_trash": 2,
    "latent_wires": [
      0,
      1,
      2,
      3
    ],
    "trash_wires": [
      4,
      5
    ],
    "decoder_mode": "adjoint_encoder"
  },
  "training": {
    "stage1": {
      "lr_init": 0.0,
      "max_epochs": 0,
      "patience": 0,
      "lr_patience": 0,
      "best_val": NaN,
      "final_val": NaN,
      "best_epoch": -1,
      "epochs": 0,
      "train_curve": [],
      "val_curve": [],
      "lr_curve": [],
      "train_seconds": NaN
    },
    "stage3": {
      "lr_init": 0.5,
      "max_epochs": 120,
      "patience": 0,
      "plateau_steps": 0,
      "plateau_factor": 1.0,
      "best_val_mse": 0.003730878680214791,
      "final_val_mse": 0.004558965344556207,
      "best_epoch": 118,
      "epochs": 120,
      "train_curve": [
        0.06740575085993743,
        0.18739249503948316,
        0.07339848904885644,
        0.17340661459762396,
        0.08298707124071605,
        0.03753119898874977,
        0.019258399404218873,
        0.05609042188999773,
        0.0488656156104302,
        0.02767147088124827,
        0.03207405502221276,
        0.03532042810878154,
        0.04078273626530092,
        0.028473592564153317,
        0.028578295788880125,
        0.024047505846267886,
        0.026099687135813364,
        0.023338341479110465,
        0.02151987367413402,
        0.017946968829495626,
        0.017853493565206435,
        0.015864886484791774,
        0.014339146779209682,
        0.012283584673099436,
        0.013749942947959214,
        0.012482084432118618,
        0.01183176299933571,
        0.00958196402736554,
        0.011456331514206533,
        0.009515859943244928,
        0.011270521719188768,
        0.009963280682111933,
        0.006916496365740273,
        0.01740073456163462,
        0.006672665336731808,
        0.012011644817535099,
        0.01247681377409098,
        0.010972673748672801,
        0.009410816321897412,
        0.006545823462761345,
        0.006585925601847247,
        0.0075103285340558145,
        0.007202854303116109,
        0.006552045643649153,
        0.006990874801971106,
        0.006754541791140941,
        0.006638972434458144,
        0.0063336278832702856,
        0.006429739679139173,
        0.006721799753858767,
        0.005265939149430956,
        0.0062324269884678225,
        0.005292967506402712,
        0.0052664510301371325,
        0.005685559571376297,
        0.005091678630146677,
        0.005807363556754191,
        0.005157421681193218,
        0.005542930175521979,
        0.004720913856122512,
        0.006481792499311008,
        0.004766282012604624,
        0.0052307298534723535,
        0.004830746908665065,
        0.004837723898298284,
        0.005147098572212616,
        0.004880761128003152,
        0.005231902291303281,
        0.004528299801692291,
        0.005235333434663093,
        0.00466416971773507,
        0.00535063183868748,
        0.0047428828259442396,
        0.004686378724866902,
        0.004359980040236345,
        0.0048677651871225905,
        0.0044314626846543356,
        0.004163747094782706,
        0.004164953141868445,
        0.004516228196804566,
        0.004368197586191833,
        0.004548760729879059,
        0.004284617963463921,
        0.004369261473064386,
        0.004502905240438751,
        0.004609381727705705,
        0.004169689225381483,
        0.004430530294207375,
        0.00432218477704859,
        0.0042567478988980185,
        0.004022971728136302,
        0.004301590486180139,
        0.004307572534410218,
        0.00405502598587739,
        0.004259713408025628,
        0.004326294750568427,
        0.003978536344192023,
        0.004046216037775929,
        0.004209001219663916,
        0.0038640507227069645,
        0.004215764735862421,
        0.003927741582527435,
        0.004525643765799761,
        0.003890042783221082,
        0.004251564923546608,
        0.004317356748085957,
        0.004734747366561151,
        0.003964954028718644,
        0.0039364738066248435,
        0.004095959215457654,
        0.00460522339956027,
        0.0040353635917924225,
        0.004265515663722023,
        0.0038954193093310423,
        0.004113596332295013,
        0.0040587856034586724,
        0.004024610357330479,
        0.004259520496720875,
        0.003730878680214791,
        0.004558965344556207
      ],