{
  "schema": {
    "name": "half_qae_bundle",
    "version": "1.0"
  },
  "timestamp": "2025-09-14 16:11:18",
  "dataset": {
    "id": "mackey_glass_tau30_n200",
    "scale_low": 0.2,
    "scale_high": 0.8,
    "window_size": 6,
    "window_step": 2,
    "split": 0.75
  },
  "run": {
    "instance_id": 4,
    "layer": 1,
    "sigma_eval": 0.2,
    "test_seed_fixed": 99123
  },
  "environment": {
    "device": "default.qubit",
    "reset_mode": "swap"
  },
  "architecture": {
    "n_qubits": 6,
    "n_latent": 4,
    "n_trash": 2
  },
  "parameters": {
    "phi": [
      -2.1842109751482797,
      -1.4143211516775533,
      -0.14721197350221324,
      0.0015123593310632168,
      -1.6152268535745382,
      1.0154399046530114,
      0.0008255485659858268,
      -1.4963412732184058,
      -0.26546866189296886,
      -0.00019854985302038045,
      -1.2837639172676116,
      -0.5628706735467641,
      0.00017294921660359434,
      -1.480268460420821,
      0.1554505771483507,
      0.18459755412224324,
      -1.3888203415691271,
      0.2855860922144887
    ],
    "psi": [
      -2.1239200945186165,
      -1.3989845335481668,
      -0.09979040888379159,
      -0.008206382016355398,
      -1.6034076977032958,
      1.0203609714643571,
      0.025794876108721713,
      -1.4530485530492947,
      -0.3213912444863003,
      -0.013481605037408556,
      -1.2315749511340652,
      -0.4830353597646136,
      0.02961260754634529,
      -1.4844805217046215,
      0.2220959136211554,
      0.16675445579395035,
      -1.436672074939591,
      0.2589756329962675
    ]
  },
  "metrics_series": {
    "mse_train_noise": 0.019067164300121137,
    "mse_train_recovered": 0.02489229714860122,
    "delta_train_pct": -30.55059869832386,
    "mse_test_noise": 0.01895794215292774,
    "mse_test_recovered": 0.024392246198519707,
    "delta_test_pct": -28.665052365679532
  }
}