{
  "schema": {
    "name": "half_qae_bundle",
    "version": "1.0"
  },
  "timestamp": "2025-09-14 16:11:17",
  "dataset": {
    "id": "mackey_glass_tau30_n200",
    "scale_low": 0.2,
    "scale_high": 0.8,
    "window_size": 6,
    "window_step": 2,
    "split": 0.75
  },
  "run": {
    "instance_id": 3,
    "layer": 1,
    "sigma_eval": 0.2,
    "test_seed_fixed": 99123
  },
  "environment": {
    "device": "default.qubit",
    "reset_mode": "swap"
  },
  "architecture": {
    "n_qubits": 6,
    "n_latent": 4,
    "n_trash": 2
  },
  "parameters": {
    "phi": [
      -0.00044923394558791797,
      1.3660112847753771,
      0.6113810032224292,
      -0.006426363487816532,
      -1.9723528309559228,
      0.13492093599197144,
      -0.13813859170240422,
      1.1140194436276452,
      0.20365328091435425,
      -2.4795515442203356e-05,
      -2.0916190917297453,
      -0.089644501446381,
      -0.16911774963485474,
      -2.115333682442588,
      -0.6652049636583086,
      0.2332478912958939,
      -1.9025993015811409,
      0.30487143653228743
    ],
    "psi": [
      -0.04349972193488989,
      1.3803170374824734,
      0.6007973426106819,
      0.02945462525526229,
      -1.9268362724618637,
      0.12890909714146395,
      -0.10490268103564439,
      1.1495876424506986,
      0.22735777292056553,
      -0.0016109083087652947,
      -2.1695209933807953,
      0.01760289482474013,
      -0.2396938415379707,
      -2.118416042450141,
      -0.6454816260261039,
      0.18454931449752215,
      -1.9088532537927043,
      0.3635645890072635
    ]
  },
  "metrics_series": {
    "mse_train_noise": 0.019067164300121137,
    "mse_train_recovered": 0.021064879298249715,
    "delta_train_pct": -10.477252761260814,
    "mse_test_noise": 0.01895794215292774,
    "mse_test_recovered": 0.019353283245514972,
    "delta_test_pct": -2.0853586818555536
  }
}