{
  "schema": {
    "name": "half_qae_bundle",
    "version": "1.0"
  },
  "timestamp": "2025-09-14 16:11:15",
  "dataset": {
    "id": "mackey_glass_tau30_n200",
    "scale_low": 0.2,
    "scale_high": 0.8,
    "window_size": 6,
    "window_step": 2,
    "split": 0.75
  },
  "run": {
    "instance_id": 1,
    "layer": 1,
    "sigma_eval": 0.2,
    "test_seed_fixed": 99123
  },
  "environment": {
    "device": "default.qubit",
    "reset_mode": "swap"
  },
  "architecture": {
    "n_qubits": 6,
    "n_latent": 4,
    "n_trash": 2
  },
  "parameters": {
    "phi": [
      1.4549890065027398,
      -1.6123394668905655,
      0.19790118573219265,
      0.0024348651092036115,
      -1.472193131586833,
      -0.37475243768589894,
      -5.17802359718743e-05,
      -1.1882926608192566,
      -0.2566497226753731,
      0.00025013306670221985,
      -0.9338966794039456,
      -0.4219459235529726,
      -0.00012966535992273989,
      -1.0329675399085716,
      0.4934612865109487,
      0.3057360747159023,
      -1.521390758491306,
      -0.07747494712490724
    ],
    "psi": [
      1.384258053860708,
      -1.621160563046339,
      0.16705293816022468,
      0.040799218823261374,
      -1.4482786023756473,
      -0.28217468611374086,
      -0.010564572933505632,
      -1.2436298423866625,
      -0.21178604443875648,
      -0.03549301528624121,
      -0.938368753346677,
      -0.41033195096537106,
      -0.00882499516745503,
      -1.1023446246598534,
      0.5860588929822825,
      0.3168538344968527,
      -1.5267227153293645,
      -0.08416511802347593
    ]
  },
  "metrics_series": {
    "mse_train_noise": 0.019067164300121137,
    "mse_train_recovered": 0.023371644072024474,
    "delta_train_pct": -22.57535365065264,
    "mse_test_noise": 0.01895794215292774,
    "mse_test_recovered": 0.023199266261997323,
    "delta_test_pct": -22.37228109916236
  }
}