{
  "schema": {
    "name": "half_qae_bundle",
    "version": "1.0"
  },
  "timestamp": "2025-09-14 16:11:19",
  "dataset": {
    "id": "mackey_glass_tau30_n200",
    "scale_low": 0.2,
    "scale_high": 0.8,
    "window_size": 6,
    "window_step": 2,
    "split": 0.75
  },
  "run": {
    "instance_id": 5,
    "layer": 1,
    "sigma_eval": 0.2,
    "test_seed_fixed": 99123
  },
  "environment": {
    "device": "default.qubit",
    "reset_mode": "swap"
  },
  "architecture": {
    "n_qubits": 6,
    "n_latent": 4,
    "n_trash": 2
  },
  "parameters": {
    "phi": [
      -0.0008461032952247256,
      0.6785714161626345,
      0.0572916264064267,
      -1.4359298041738298e-05,
      0.9115356532460205,
      -0.27653964140238174,
      -1.266307966611954,
      -1.6418204173135214,
      0.10715892938678388,
      -0.0015446801905732081,
      -1.5051536740371239,
      0.03741550391991407,
      0.0002819421720059564,
      -1.5144289949654735,
      -0.767751640477889,
      -2.118371414544081e-05,
      -1.650855497198777,
      0.2755571677218267
    ],
    "psi": [
      -0.03986828701770867,
      0.7010676496324031,
      0.1065625861051338,
      0.0218204888714526,
      0.9181085569321095,
      -0.2501251943920053,
      -1.212346154077945,
      -1.6547700560396301,
      0.1117622613346968,
      0.08416751979147227,
      -1.4490296336115158,
      0.05802165770936198,
      -0.09932204962198271,
      -1.4569640746462378,
      -0.7653061003231376,
      -0.037473618738150444,
      -1.6277444300791941,
      0.2564813812783842
    ]
  },
  "metrics_series": {
    "mse_train_noise": 0.019067164300121137,
    "mse_train_recovered": 0.023689145238902993,
    "delta_train_pct": -24.240526100425374,
    "mse_test_noise": 0.01895794215292774,
    "mse_test_recovered": 0.02315310065306189,
    "delta_test_pct": -22.128765170254926
  }
}