{
  "schema": {
    "name": "half_qae_bundle",
    "version": "1.0"
  },
  "timestamp": "2025-09-14 16:11:16",
  "dataset": {
    "id": "mackey_glass_tau30_n200",
    "scale_low": 0.2,
    "scale_high": 0.8,
    "window_size": 6,
    "window_step": 2,
    "split": 0.75
  },
  "run": {
    "instance_id": 2,
    "layer": 1,
    "sigma_eval": 0.2,
    "test_seed_fixed": 99123
  },
  "environment": {
    "device": "default.qubit",
    "reset_mode": "swap"
  },
  "architecture": {
    "n_qubits": 6,
    "n_latent": 4,
    "n_trash": 2
  },
  "parameters": {
    "phi": [
      5.914062738124104e-05,
      0.19711298960895995,
      0.06513407904783812,
      0.011561525104742728,
      -0.004150563523739867,
      0.032565624104485706,
      -0.008659864916074464,
      0.9500115718208691,
      1.0658141384562032,
      -0.01820357055067496,
      -2.1374979544033637,
      -0.6136759060139876,
      -0.00021094239285969588,
      1.3119498965505512,
      0.33126582546320993,
      0.19834438290262738,
      -1.2371752469808623,
      0.6058712785250218
    ],
    "psi": [
      -0.04481723804200043,
      0.2148000331736859,
      0.022088946428424648,
      -0.0066033938785890235,
      0.007740895526964997,
      -0.054180706282371656,
      -0.016107229873372417,
      0.9082274345188226,
      1.0228650044837309,
      -0.020326669419299986,
      -2.172905858285664,
      -0.6593779941728894,
      -0.033137943208359597,
      1.353286257893189,
      0.2837421936211297,
      0.14748200802371675,
      -1.3114835521707124,
      0.6207444570142943
    ]
  },
  "metrics_series": {
    "mse_train_noise": 0.019067164300121137,
    "mse_train_recovered": 0.02060681993383561,
    "delta_train_pct": -8.074906207761012,
    "mse_test_noise": 0.01895794215292774,
    "mse_test_recovered": 0.018311642817420717,
    "delta_test_pct": 3.409121782804947
  }
}