layer,runs,mse_test_noise_mean,mse_test_recovered_mean,delta_test_pct_mean
1,5,0.0189579421529277,0.00813605893348306,57.083638783935086
3,5,0.0189579421529277,0.00562262290972306,70.3415968654867
