{
  "schema": {
    "name": "half_qae_bundle",
    "version": "1.0"
  },
  "timestamp": "2025-09-14 15:44:24",
  "dataset": {
    "id": "mackey_glass_tau30_n200",
    "scale_low": 0.2,
    "scale_high": 0.8,
    "window_size": 4,
    "window_step": 2,
    "split": 0.75
  },
  "run": {
    "instance_id": 1,
    "layer": 1,
    "sigma_eval": 0.2,
    "test_seed_fixed": 99123
  },
  "environment": {
    "device": "default.qubit",
    "reset_mode": "swap"
  },
  "architecture": {
    "n_qubits": 4,
    "n_latent": 2,
    "n_trash": 2
  },
  "parameters": {
    "phi": [
      0.0045971102466695266,
      -1.841121153910362,
      0.1979011857207817,
      -0.0002967163212910257,
      -1.7211060317984068,
      -0.3747524376866356,
      0.00017019411039597427,
      -1.599767837812498,
      -0.25664972267123176,
      -0.0034427112131283893,
      -1.2713310033217953,
      -0.4219459235634725
    ],
    "psi": [
      -0.020895457581436738,
      -1.842568711579267,
      0.167052938149338,
      0.021625369329074915,
      -1.716345190358684,
      -0.2821746861145693,
      -0.010234943656152254,
      -1.6727703352954235,
      -0.21178604443448923,
      -0.09274992928872426,
      -1.3103544830507272,
      -0.4103319509760775
    ]
  },
  "metrics_series": {
    "mse_train_noise": 0.019268069867485593,
    "mse_train_recovered": 0.025780722510243572,
    "delta_train_pct": -33.800233689976,
    "mse_test_noise": 0.018957942152927745,
    "mse_test_recovered": 0.024722906141597747,
    "delta_test_pct": -30.409228713569505
  }
}