{
  "schema": {
    "name": "half_qae_bundle",
    "version": "1.0"
  },
  "timestamp": "2025-09-14 15:44:25",
  "dataset": {
    "id": "mackey_glass_tau30_n200",
    "scale_low": 0.2,
    "scale_high": 0.8,
    "window_size": 4,
    "window_step": 2,
    "split": 0.75
  },
  "run": {
    "instance_id": 3,
    "layer": 1,
    "sigma_eval": 0.2,
    "test_seed_fixed": 99123
  },
  "environment": {
    "device": "default.qubit",
    "reset_mode": "swap"
  },
  "architecture": {
    "n_qubits": 4,
    "n_latent": 2,
    "n_trash": 2
  },
  "parameters": {
    "phi": [
      -0.000259381001124933,
      1.1638896456289598,
      0.6113810032088874,
      0.0022269161007875612,
      -2.086231114906163,
      0.1349209359762387,
      0.0024986258249091653,
      1.1003811965406645,
      0.20365328091713436,
      -0.03424180831358363,
      -1.971650588470638,
      -0.08964450143461221
    ],
    "psi": [
      -0.03874042479788223,
      1.1825188526721069,
      0.6007973425971178,
      0.03481108263341783,
      -2.047341084417082,
      0.1289090971262719,
      0.0021608519633968025,
      1.143214738987099,
      0.22735777292324244,
      -0.020635977727607002,
      -2.0426806211259523,
      0.017602894836854784
    ]
  },
  "metrics_series": {
    "mse_train_noise": 0.019268069867485593,
    "mse_train_recovered": 0.022257962390413825,
    "delta_train_pct": -15.517343166653163,
    "mse_test_noise": 0.018957942152927745,
    "mse_test_recovered": 0.020081542996137364,
    "delta_test_pct": -5.926808058310784
  }
}