{
  "schema": {
    "name": "half_qae_bundle",
    "version": "1.0"
  },
  "timestamp": "2025-09-14 15:44:26",
  "dataset": {
    "id": "mackey_glass_tau30_n200",
    "scale_low": 0.2,
    "scale_high": 0.8,
    "window_size": 4,
    "window_step": 2,
    "split": 0.75
  },
  "run": {
    "instance_id": 5,
    "layer": 1,
    "sigma_eval": 0.2,
    "test_seed_fixed": 99123
  },
  "environment": {
    "device": "default.qubit",
    "reset_mode": "swap"
  },
  "architecture": {
    "n_qubits": 4,
    "n_latent": 2,
    "n_trash": 2
  },
  "parameters": {
    "phi": [
      -0.0028853417849987128,
      -1.7632033711458632,
      0.05729162643444763,
      -0.00018858053521922792,
      -1.7954057736387643,
      -0.27653964139738846,
      -0.17666837872412539,
      -1.7605836207937235,
      0.1071589294010487,
      -0.000599541501636611,
      -1.7479109042951453,
      0.03741550391931261
    ],
    "psi": [
      -0.0397653013468304,
      -1.7839864190343184,
      0.10656258613340218,
      0.02138205256675497,
      -1.8194064618065966,
      -0.2501251943871118,
      -0.12295945045869348,
      -1.7738465515359063,
      0.11176226134910164,
      0.06830131532828984,
      -1.7113062330496478,
      0.058021657708621874
    ]
  },
  "metrics_series": {
    "mse_train_noise": 0.019268069867485593,
    "mse_train_recovered": 0.023414803264091056,
    "delta_train_pct": -21.52127029393316,
    "mse_test_noise": 0.018957942152927745,
    "mse_test_recovered": 0.021782335498746506,
    "delta_test_pct": -14.898206371953604
  }
}