{
  "schema": {
    "name": "half_qae_bundle",
    "version": "1.0"
  },
  "timestamp": "2025-09-14 15:44:25",
  "dataset": {
    "id": "mackey_glass_tau30_n200",
    "scale_low": 0.2,
    "scale_high": 0.8,
    "window_size": 4,
    "window_step": 2,
    "split": 0.75
  },
  "run": {
    "instance_id": 2,
    "layer": 1,
    "sigma_eval": 0.2,
    "test_seed_fixed": 99123
  },
  "environment": {
    "device": "default.qubit",
    "reset_mode": "swap"
  },
  "architecture": {
    "n_qubits": 4,
    "n_latent": 2,
    "n_trash": 2
  },
  "parameters": {
    "phi": [
      0.022085691039706014,
      -1.5657813324037324,
      0.06513407903602753,
      -0.004020571113021588,
      -1.5270802768806093,
      0.03256562408581704,
      0.003492462954397579,
      -1.3319696016100477,
      1.06581413842751,
      -8.103650773206488e-05,
      -1.5189051121355726,
      -0.6136759060047223
    ],
    "psi": [
      -0.029491095061663225,
      -1.5952503925813704,
      0.02208894641693623,
      -0.03808390786709028,
      -1.5524107908781313,
      -0.05418070630089638,
      -0.042246588207282554,
      -1.3830271651825716,
      1.0228650044551226,
      -0.021673130472490514,
      -1.5656775224487942,
      -0.6593779941637266
    ]
  },
  "metrics_series": {
    "mse_train_noise": 0.019268069867485593,
    "mse_train_recovered": 0.024991405069818708,
    "delta_train_pct": -29.703728716445575,
    "mse_test_noise": 0.018957942152927745,
    "mse_test_recovered": 0.023828385578574023,
    "delta_test_pct": -25.69078113203398
  }
}