{
  "schema": {
    "name": "half_qae_bundle",
    "version": "1.0"
  },
  "timestamp": "2025-09-14 15:44:26",
  "dataset": {
    "id": "mackey_glass_tau30_n200",
    "scale_low": 0.2,
    "scale_high": 0.8,
    "window_size": 4,
    "window_step": 2,
    "split": 0.75
  },
  "run": {
    "instance_id": 4,
    "layer": 1,
    "sigma_eval": 0.2,
    "test_seed_fixed": 99123
  },
  "environment": {
    "device": "default.qubit",
    "reset_mode": "swap"
  },
  "architecture": {
    "n_qubits": 4,
    "n_latent": 2,
    "n_trash": 2
  },
  "parameters": {
    "phi": [
      -0.05040986739986121,
      -1.8883886708076971,
      -0.14721197348961784,
      -0.002908095137154141,
      -1.7307240602778657,
      1.0154399046629161,
      -0.003916746552850721,
      -1.6089880310030429,
      -0.2654686619035401,
      0.004489073730179043,
      -1.1810679653237803,
      -0.5628706735511659
    ],
    "psi": [
      0.019482014855519272,
      -1.8894868150753668,
      -0.09979040887076335,
      -0.01035675990977146,
      -1.7309574762885858,
      1.0203609714747925,
      0.018519678899476085,
      -1.5715709280466938,
      -0.3213912444968287,
      -0.04513019242235622,
      -1.1453418037132401,
      -0.4830353597688069
    ]
  },
  "metrics_series": {
    "mse_train_noise": 0.019268069867485593,
    "mse_train_recovered": 0.026402010098518846,
    "delta_train_pct": -37.02467491604651,
    "mse_test_noise": 0.018957942152927745,
    "mse_test_recovered": 0.0254738443597709,
    "delta_test_pct": -34.37030324431536
  }
}