{
  "schema": {
    "name": "half_qae_bundle",
    "version": "1.0"
  },
  "timestamp": "2025-09-20 14:47:46",
  "dataset": {
    "id": "mackey_glass_tau30_n200",
    "scale_low": 0.2,
    "scale_high": 0.8,
    "window_size": 4,
    "window_step": 2,
    "split": 0.75
  },
  "run": {
    "instance_id": 4,
    "layer": 3,
    "sigma_eval": 0.2,
    "test_seed_fixed": 99123
  },
  "environment": {
    "device": "default.qubit",
    "reset_mode": "none"
  },
  "architecture": {
    "n_qubits": 4,
    "n_latent": 2,
    "n_trash": 2
  },
  "parameters": {
    "phi": [
      -1.0044542459511008,
      -0.8932135637701913,
      -0.1472119734742033,
      0.4495971954447998,
      -0.17893166197650642,
      1.0154399045957176,
      0.08860171798117866,
      -1.000947738671558,
      -0.7313372584833242,
      -0.08377185233462442,
      0.9841607810528659,
      -0.5232640591161639,
      0.4611049641814142,
      0.06965498595326204,
      -0.09326633200946753,
      0.43049595300992605,
      -0.5300831624773303,
      0.19626710412000717,
      -0.8847940194844599,
      -0.7589808802327476,
      0.8181959189662266,
      0.031145644848502373,
      -0.11571007813829953,
      -0.559505737940068,
      0.30823015339720944,
      0.241502233319172,
      -0.005742809279704598,
      -0.2349351276824494,
      -0.37399544445095007,
      -0.1324367390677631,
      -0.6322630439295966,
      1.1519040515595682,
      -0.5035940692883979,
      -0.07870507603452413,
      -0.5171003326629147,
      0.2989929648445866
    ],
    "psi": [
      -0.06410566563067936,
      -0.11759645051549154,
      -0.044971676094296316,
      0.014891956531439574,
      -0.03992002013661468,
      0.10680037158651318,
      0.06865042560904563,
      0.014968220350289742,
      0.01484493077247057,
      -0.052827346950942336,
      0.015777444043989213,
      -0.0937566746751066,
      0.018372884937979325,
      -0.04047050435501839,
      -0.018219914595836717,
      0.05739830864767909,
      0.0333954267742945,
      -0.006775265571909334,
      -0.11410648986805776,
      -0.057232776702991935,
      0.06747395740450585,
      0.03331543676932917,
      -0.001303418831179836,
      -0.007384923211985415,
      0.056068051006519855,
      0.013429801113290658,
      -0.03888202664672339,
      -0.07364430052532912,
      0.004837289484738768,
      -0.00951118601770456,
      -0.010568960429703534,
      -0.039730626538039486,
      -0.00465037495529043,
      -0.05350898967739228,
      0.011050835558942703,
      0.08018862421499158
    ]
  },
  "metrics_series": {
    "mse_train_noise": 0.019268069867485593,
    "mse_train_recovered": 0.024368786602324385,
    "delta_train_pct": -26.472380315820466,
    "mse_test_noise": 0.018957942152927745,
    "mse_test_recovered": 0.02218746180021119,
    "delta_test_pct": -17.035180407408834
  }
}