{
  "schema": {
    "name": "half_qae_bundle",
    "version": "1.0"
  },
  "timestamp": "2025-09-20 14:47:37",
  "dataset": {
    "id": "mackey_glass_tau30_n200",
    "scale_low": 0.2,
    "scale_high": 0.8,
    "window_size": 4,
    "window_step": 2,
    "split": 0.75
  },
  "run": {
    "instance_id": 2,
    "layer": 3,
    "sigma_eval": 0.2,
    "test_seed_fixed": 99123
  },
  "environment": {
    "device": "default.qubit",
    "reset_mode": "none"
  },
  "architecture": {
    "n_qubits": 4,
    "n_latent": 2,
    "n_trash": 2
  },
  "parameters": {
    "phi": [
      0.2008434020447008,
      -0.16309720409674217,
      0.06513407900790974,
      -0.6779230096135453,
      -0.14773024346475055,
      0.03256562405693874,
      0.2589538857495118,
      1.411194490734902,
      1.0596880731651992,
      0.4854881144309087,
      -0.5483400095031288,
      -1.0580449354097086,
      0.15073418230400207,
      0.010392482863606977,
      0.03736712164279102,
      -0.5518940237794915,
      0.23635380633460737,
      0.31801184101334334,
      -0.3088914948248998,
      1.0847479060739287,
      -1.2275214307910558,
      -0.09700950184899854,
      0.326371995911174,
      0.06392617074999976,
      -0.30541444099015047,
      -0.22985005409174367,
      -0.07134809610167221,
      -0.5438032088522586,
      0.027397920194179762,
      -0.012483439810906126,
      0.3093630726658471,
      -1.6990398989616093,
      0.03714810042837297,
      0.1085763302077566,
      0.07254476642800385,
      -0.39370024203021775
    ],
    "psi": [
      0.019512729645937553,
      -0.04850439293606692,
      -0.007259548058238635,
      -0.06744883712846347,
      -0.04695392994364038,
      0.0011686518893577788,
      0.07186102978832744,
      0.0006618150361649333,
      0.14530543609480384,
      -0.026698301648237527,
      -0.12959438077531488,
      -0.06316808432671887,
      0.05181665306717651,
      0.004536277055832978,
      0.048245517764633504,
      -0.06253401745243714,
      0.006920323347048637,
      0.040488707958531704,
      0.012752668268064942,
      -0.03994344338871956,
      0.022671842648557972,
      -0.016064317153287704,
      0.0477338180080793,
      0.06696862359624485,
      0.004446837366449065,
      -0.018951534366613728,
      -0.007520965434815848,
      0.008599248111431281,
      0.00023534595171614993,
      -0.02004975326954606,
      -0.015912410118851254,
      -0.09521609167212311,
      0.016537192668119392,
      -0.03540952820175646,
      -0.03309060648089503,
      -0.010830514531596214
    ]
  },
  "metrics_series": {
    "mse_train_noise": 0.019268069867485593,
    "mse_train_recovered": 0.024691870522756124,
    "delta_train_pct": -28.1491643562237,
    "mse_test_noise": 0.018957942152927745,
    "mse_test_recovered": 0.02423644131099484,
    "delta_test_pct": -27.843207429831285
  }
}