n_layers,runs,noisy_baseline_mse (mean±std),best_val_mse (mean±std),final_val_mse (mean±std),best_delta_pct (mean±std),final_delta_pct (mean±std),delta_MG_A,delta_MG_B,succ_MG_A,succ_MG_B,p50_MG_A,p50_MG_B
1,5,0.001181 ± 0.000000,0.004871 ± 0.000236,0.005654 ± 0.000335,-312.388421 ± 19.949229,-378.691908 ± 28.349566,-953.514092 ± 222.531818,-712.353597 ± 73.561135,1.250000 ± 2.165064,0.000000 ± 0.000000,0.000002,0.000002
3,5,0.001181 ± 0.000000,0.001972 ± 0.000252,0.016283 ± 0.027786,-66.964985 ± 21.365277,-1278.478231 ± 2352.338471,-1045.234463 ± 323.607494,-649.007551 ± 167.326151,0.000000 ± 0.000000,0.750000 ± 1.785357,0.000002,0.000002
