{
  "schema": {
    "name": "half_qae_bundle",
    "version": "1.0"
  },
  "timestamp": "2025-09-22 05:17:32",
  "dataset": {
    "id": "mackey_glass_tau17_n200",
    "scale_low": 0.2,
    "scale_high": 0.8,
    "window_size": 6,
    "window_step": 2,
    "split": 0.75
  },
  "run": {
    "instance_id": 5,
    "layer": 3,
    "sigma_eval": 0.2,
    "test_seed_fixed": 99123
  },
  "environment": {
    "device": "default.qubit",
    "reset_mode": "none"
  },
  "architecture": {
    "n_qubits": 6,
    "n_latent": 4,
    "n_trash": 2
  },
  "parameters": {
    "phi": [
      -0.3544267234561802,
      -0.24201253060864542,
      0.05729162643929672,
      0.19608214113930184,
      -0.4614702655309899,
      -0.27653964143622406,
      -1.098509637459862,
      -0.3933429765046289,
      0.10715892940115399,
      -0.496649145153344,
      -0.19911461120874846,
      0.037415503870229135,
      -1.0334830153286394,
      -0.6796781735556697,
      -1.297056505395787,
      -0.5173836586328402,
      -0.02041152121259095,
      0.8976684401453385,
      -0.07266595661082599,
      -0.05160027344638897,
      0.10461470326374013,
      0.4402398114235672,
      0.005843205511279238,
      0.1815585009173467,
      -0.032359828692507246,
      -0.19986455096961075,
      0.47936747576063493,
      0.9446814788650061,
      0.1628934375998441,
      1.0947541403847332,
      0.2949043214497801,
      0.35762110285911386,
      -0.7323467381499253,
      -0.005298121215843176,
      -0.029177035720749044,
      0.17623855810930697,
      0.8100686276702106,
      -0.7818430898065836,
      -0.8705899407377904,
      -0.22617746202527883,
      -0.8587652245486848,
      0.9354605093817,
      1.0302408764603799,
      0.24740655197672878,
      -0.300132017455115,
      -1.2958509758892092,
      0.16389430518229633,
      0.48717956201878476,
      -0.1423462518947775,
      0.7328785189877898,
      1.5768947185224926,
      -1.0896300523837799,
      -0.11259026684111458,
      0.45256003288939656
    ],
    "psi": [
      -0.024808102781716152,
      -0.042876626745175166,
      -0.005491127679113544,
      0.05353717095218409,
      -0.08051333865824314,
      -0.06872436060407912,
      -0.12243907102634509,
      -0.05241875946564981,
      0.03775252280351019,
      -0.06003966072502385,
      -0.058667100389251166,
      0.042487542350781726,
      -0.0593270772435621,
      -0.013894377106681245,
      -0.09384547429440541,
      0.044992798379290794,
      -0.01754085030921668,
      0.032600632505844905,
      0.06007392051262293,
      0.041598062410824865,
      0.023631072245352793,
      0.08276328782129125,
      0.01995085457167028,
      -0.013032426800907397,
      0.028463242987445934,
      -0.02393114458963351,
      0.07319568647202974,
      -0.045617032952901815,
      -0.0329195867636137,
      -0.0394354714963802,
      -0.027164733259343675,
      0.10954504636948548,
      0.08267569258122485,
      0.0782212319975198,
      0.006725372156386986,
      -0.05411685763577051,
      0.10669358784731894,
      -0.040956118764289826,
      -0.0955388598314673,
      0.09729485713380112,
      -0.0212305660334163,
      0.0680148767033987,
      0.0026716367075955262,
      0.014496053006483689,
      0.08161809584810419,
      0.0019366906230679957,
      0.05374213341430728,
      -0.026362091034028045,
      -0.03568223852788604,
      0.013227179830197172,
      0.05683864971296261,
      0.013660038291593473,
      -0.031483734786116185,
      -0.019399825250810274
    ]
  },
  "metrics_series": {
    "mse_train_noise": 0.019067164300121137,
    "mse_train_recovered": 0.023686626178217034,
    "delta_train_pct": -24.22731458849676,
    "mse_test_noise": 0.018957942152927745,
    "mse_test_recovered": 0.023284328924029353,
    "delta_test_pct": -22.82097253067874
  }
}