{
  "schema": {
    "name": "half_qae_bundle",
    "version": "1.0"
  },
  "timestamp": "2025-09-22 05:17:14",
  "dataset": {
    "id": "mackey_glass_tau17_n200",
    "scale_low": 0.2,
    "scale_high": 0.8,
    "window_size": 6,
    "window_step": 2,
    "split": 0.75
  },
  "run": {
    "instance_id": 2,
    "layer": 3,
    "sigma_eval": 0.2,
    "test_seed_fixed": 99123
  },
  "environment": {
    "device": "default.qubit",
    "reset_mode": "none"
  },
  "architecture": {
    "n_qubits": 6,
    "n_latent": 4,
    "n_trash": 2
  },
  "parameters": {
    "phi": [
      0.20084340202005752,
      -0.16309720402431616,
      0.06513407903986453,
      -0.6779230095153294,
      -0.14773024343976635,
      0.03256562409827958,
      0.5826338926022898,
      0.2030825181838587,
      1.0658141384244575,
      0.05883612262637263,
      -0.8985005521902925,
      -0.6136759060219827,
      0.6157183507235697,
      1.1447161644297081,
      1.1301881205984843,
      -0.7680782488361698,
      0.3265738943909602,
      0.7352373227841772,
      -0.16967982323805117,
      0.0627960368519156,
      -0.1528867137240821,
      -0.4242643251371778,
      0.2631167750601434,
      0.5781369630442227,
      -0.13802954447315338,
      -0.16499928331457034,
      -0.18234228345662806,
      0.6896547891195988,
      0.2667100029129179,
      -0.26213510024378434,
      -0.11626617380111923,
      -0.24803754600495054,
      1.4384432380653587,
      -1.0153928022576069,
      -1.0774759910105391,
      0.07442292115421378,
      -0.18242230810771365,
      0.10465457439353087,
      0.019631501933359732,
      1.4487851161939609,
      -0.3217522289693308,
      -0.10641668028994923,
      -0.40558653002003897,
      -0.328995654063351,
      -0.11835127087053439,
      0.17759478279034052,
      -0.1470360566837043,
      0.0022962603661487663,
      -0.18543798386209706,
      -1.19231271577801,
      -0.00834586076161849,
      -0.09893838222619729,
      0.49259423817480796,
      0.4372037692013316
    ],
    "psi": [
      0.0556775286898929,
      -0.0523126057814995,
      0.010173765424755508,
      -0.03130704790858594,
      -0.040590811645545295,
      -0.016054533914917925,
      0.08941024217281257,
      -0.01895413206199018,
      0.06958337275995044,
      -0.010784730542132474,
      -0.12885091563257656,
      -0.046826850677020304,
      0.027259707136469222,
      -0.020906479130528212,
      0.0038352425807319877,
      -0.03474167142823262,
      -0.05214042569958538,
      0.027132788559610592,
      0.033722750402396,
      0.002436544860375874,
      0.023442195654486814,
      -0.043883574266826014,
      0.04831294614104572,
      0.07883749338361541,
      0.0019374310873156273,
      -0.048582085428233,
      0.010107471229451787,
      -0.005959290758163086,
      -0.04909023066634105,
      -0.04892844931353602,
      0.012888404708428303,
      -0.09205309816283304,
      0.027990834920310962,
      0.020576174759949804,
      -0.017164234691717354,
      -0.015139548432608466,
      0.03899705394311854,
      -0.048981706168223865,
      0.0028052385936140826,
      0.04271256897453035,
      -0.07139766961179451,
      -0.011878412336661336,
      -0.06952683712328228,
      -0.03597041276503692,
      0.02853002306083507,
      0.053462086204573316,
      0.028107830938588547,
      0.08657743624194,
      0.08863558600449088,
      -0.0860069815318619,
      -0.02730496054439584,
      -0.043718425377875354,
      0.0041551042066972285,
      0.026439768045011247
    ]
  },
  "metrics_series": {
    "mse_train_noise": 0.019067164300121137,
    "mse_train_recovered": 0.022710555890862526,
    "delta_train_pct": -19.108198436818636,
    "mse_test_noise": 0.018957942152927745,
    "mse_test_recovered": 0.022157637076926143,
    "delta_test_pct": -16.877859939583463
  }
}