{
  "schema": {
    "name": "half_qae_bundle",
    "version": "1.0"
  },
  "timestamp": "2025-09-14 14:45:41",
  "dataset": {
    "id": "mackey_glass_tau17_n200",
    "scale_low": 0.2,
    "scale_high": 0.8,
    "window_size": 6,
    "window_step": 2,
    "split": 0.75
  },
  "run": {
    "instance_id": 3,
    "layer": 1,
    "sigma_eval": 0.2,
    "test_seed_fixed": 99123
  },
  "environment": {
    "device": "default.qubit",
    "reset_mode": "swap"
  },
  "architecture": {
    "n_qubits": 6,
    "n_latent": 4,
    "n_trash": 2
  },
  "parameters": {
    "phi": [
      -0.0022297176645784647,
      1.109890440063842,
      0.6113810032024477,
      -0.01108001734530326,
      -2.450409276447447,
      0.13492093597685745,
      0.00244815240180177,
      0.7659240629079765,
      0.20365328091901272,
      0.00923435506416366,
      -2.2823344302917143,
      -0.08964450144865138,
      -0.5869478163422893,
      -1.75643342924367,
      -0.6652049636689299,
      -2.2551412479630308e-07,
      -1.3422807859087678,
      0.30487143652787596
    ],
    "psi": [
      -0.044280947823100714,
      1.1352140333930232,
      0.6007973425909359,
      0.025184729076113542,
      -2.4020860612363593,
      0.12890909712646642,
      0.0021533384526314387,
      0.7901810239438161,
      0.22735777292541232,
      0.00299038212834559,
      -2.3712027046449706,
      0.01760289482273243,
      -0.6614635896513973,
      -1.764892035302703,
      -0.6454816260366153,
      -0.007075912545681876,
      -1.317638851876047,
      0.36356458900266625
    ]
  },
  "metrics_series": {
    "mse_train_noise": 0.019067164300121137,
    "mse_train_recovered": 0.018416247404248215,
    "delta_train_pct": 3.413810704241882,
    "mse_test_noise": 0.018957942152927745,
    "mse_test_recovered": 0.017716952201270206,
    "delta_test_pct": 6.54601613216701
  }
}