{
  "schema": {
    "name": "half_qae_bundle",
    "version": "1.0"
  },
  "timestamp": "2025-09-14 14:45:39",
  "dataset": {
    "id": "mackey_glass_tau17_n200",
    "scale_low": 0.2,
    "scale_high": 0.8,
    "window_size": 6,
    "window_step": 2,
    "split": 0.75
  },
  "run": {
    "instance_id": 1,
    "layer": 1,
    "sigma_eval": 0.2,
    "test_seed_fixed": 99123
  },
  "environment": {
    "device": "default.qubit",
    "reset_mode": "swap"
  },
  "architecture": {
    "n_qubits": 6,
    "n_latent": 4,
    "n_trash": 2
  },
  "parameters": {
    "phi": [
      1.0147417291946257,
      -1.6535020920915584,
      0.19790118568733933,
      0.0001519821181405165,
      1.0758194970128498,
      -0.3747524376788757,
      -6.780292754143806e-06,
      0.7841054936379179,
      -0.2566497226752144,
      -0.00015352110849305237,
      0.622089518640364,
      -0.42194592355603966,
      -0.00022665438997249992,
      1.0015822483416836,
      0.4934612865211802,
      -0.0013300545662107046,
      -1.716941370859587,
      -0.07747494712349043
    ],
    "psi": [
      0.9517086646998466,
      -1.6569456145032526,
      0.1670529381158702,
      0.02099318987869614,
      1.094311508808804,
      -0.2821746861072258,
      -0.010042210090509592,
      0.711863462881851,
      -0.2117860444384293,
      -0.032163557738172734,
      0.6022440837402826,
      -0.4103319509684941,
      -0.007720064319132171,
      0.9425628802816672,
      0.5860588929919409,
      -8.587271476684544e-05,
      -1.7115364400763216,
      -0.0841651180220866
    ]
  },
  "metrics_series": {
    "mse_train_noise": 0.019067164300121137,
    "mse_train_recovered": 0.01695722289928787,
    "delta_train_pct": 11.065837413588875,
    "mse_test_noise": 0.018957942152927745,
    "mse_test_recovered": 0.01606606013428387,
    "delta_test_pct": 15.25419792568189
  }
}