{
  "schema": {
    "name": "half_qae_bundle",
    "version": "1.0"
  },
  "timestamp": "2025-09-14 14:45:42",
  "dataset": {
    "id": "mackey_glass_tau17_n200",
    "scale_low": 0.2,
    "scale_high": 0.8,
    "window_size": 6,
    "window_step": 2,
    "split": 0.75
  },
  "run": {
    "instance_id": 5,
    "layer": 1,
    "sigma_eval": 0.2,
    "test_seed_fixed": 99123
  },
  "environment": {
    "device": "default.qubit",
    "reset_mode": "swap"
  },
  "architecture": {
    "n_qubits": 6,
    "n_latent": 4,
    "n_trash": 2
  },
  "parameters": {
    "phi": [
      0.00013406520581181385,
      0.7587261078279733,
      0.05729162645232303,
      1.1177333563668665e-05,
      0.5461588713053847,
      -0.2765396413757617,
      -2.7024786527343614,
      -1.1046279475188225,
      0.10715892938283599,
      -0.003809648945999602,
      -1.7064694815260217,
      0.03741550390268921,
      -7.658231032419605e-05,
      -1.1902753242176296,
      -0.7677516404724338,
      0.0006785951734550053,
      -1.1639256587146687,
      0.2755571677244271
    ],
    "psi": [
      -0.03724703825139875,
      0.7504781464099108,
      0.10656258615127906,
      0.021151353580779984,
      0.5249842558762541,
      -0.25012519436537045,
      -2.7135894181217743,
      -1.0815208717144873,
      0.11176226133087862,
      0.08006234657398852,
      -1.6548015335568738,
      0.05802165769214432,
      -0.07071845326956791,
      -1.1301181851085087,
      -0.7653061003177224,
      -0.02106631619488186,
      -1.1333286526888817,
      0.256481381281025
    ]
  },
  "metrics_series": {
    "mse_train_noise": 0.019067164300121137,
    "mse_train_recovered": 0.023137733110645358,
    "delta_train_pct": -21.348579927526814,
    "mse_test_noise": 0.018957942152927745,
    "mse_test_recovered": 0.022290317992127183,
    "delta_test_pct": -17.577729757366136
  }
}