{
  "schema": {
    "name": "half_qae_bundle",
    "version": "1.0"
  },
  "timestamp": "2025-09-14 14:45:42",
  "dataset": {
    "id": "mackey_glass_tau17_n200",
    "scale_low": 0.2,
    "scale_high": 0.8,
    "window_size": 6,
    "window_step": 2,
    "split": 0.75
  },
  "run": {
    "instance_id": 4,
    "layer": 1,
    "sigma_eval": 0.2,
    "test_seed_fixed": 99123
  },
  "environment": {
    "device": "default.qubit",
    "reset_mode": "swap"
  },
  "architecture": {
    "n_qubits": 6,
    "n_latent": 4,
    "n_trash": 2
  },
  "parameters": {
    "phi": [
      -0.165997195438212,
      -1.8385635068718518,
      -0.14721197349605003,
      8.705082093476423e-05,
      0.9192534690962727,
      1.0154399046502338,
      0.0003428473954026082,
      0.7377753305357386,
      -0.26546866188043045,
      2.5552182370026844e-05,
      0.6778956308117319,
      -0.5628706735510465,
      -1.4510951296653859e-05,
      1.1570917200022142,
      0.15545057713215443,
      -0.580289724407274,
      -1.4259495602557488,
      0.28558609220366016
    ],
    "psi": [
      -0.0568496642085961,
      -1.8318093350853784,
      -0.09979040887763765,
      -0.008767111912013549,
      0.9326043207678153,
      1.020360971461201,
      0.011286441644113366,
      0.770324689175051,
      -0.32139124447357004,
      -0.009182693380672777,
      0.7282525588631723,
      -0.48303535976854933,
      0.013435380289998687,
      1.1511863510183424,
      0.22209591360496006,
      -0.6272399356007256,
      -1.4507540738823792,
      0.2589756329854155
    ]
  },
  "metrics_series": {
    "mse_train_noise": 0.019067164300121137,
    "mse_train_recovered": 0.017563321210852845,
    "delta_train_pct": 7.887083079568036,
    "mse_test_noise": 0.018957942152927745,
    "mse_test_recovered": 0.016711966374681246,
    "delta_test_pct": 11.847149654371346
  }
}