{
  "schema": {
    "name": "half_qae_bundle",
    "version": "1.0"
  },
  "timestamp": "2025-09-14 14:45:40",
  "dataset": {
    "id": "mackey_glass_tau17_n200",
    "scale_low": 0.2,
    "scale_high": 0.8,
    "window_size": 6,
    "window_step": 2,
    "split": 0.75
  },
  "run": {
    "instance_id": 2,
    "layer": 1,
    "sigma_eval": 0.2,
    "test_seed_fixed": 99123
  },
  "environment": {
    "device": "default.qubit",
    "reset_mode": "swap"
  },
  "architecture": {
    "n_qubits": 6,
    "n_latent": 4,
    "n_trash": 2
  },
  "parameters": {
    "phi": [
      1.353226396137765,
      -1.5889192572158422,
      0.06513407901069614,
      -0.10276746444667591,
      0.9846135864158904,
      0.032565624108747096,
      0.033021202272448175,
      0.5193151510838427,
      1.0658141384290178,
      0.0008028462899480808,
      0.5595401770171781,
      -0.6136759059965299,
      -0.04106023066638314,
      1.142344479673196,
      0.33126582545259153,
      -0.7733476050045857,
      -1.0246322391804767,
      0.605871278521392
    ],
    "psi": [
      1.2556271199392595,
      -1.608388918999551,
      0.022088946391073932,
      -0.0960658216798233,
      0.9607835221181212,
      -0.0541807062778607,
      0.005702286245529517,
      0.5010760623199162,
      1.0228650044564618,
      -0.0089192757058295,
      0.5195278890593359,
      -0.6593779941557135,
      -0.0632408131364385,
      1.1740612565911703,
      0.2837421936103395,
      -0.8225537994807764,
      -1.1204620800471026,
      0.6207444570107691
    ]
  },
  "metrics_series": {
    "mse_train_noise": 0.019067164300121137,
    "mse_train_recovered": 0.01663530458496973,
    "delta_train_pct": 12.754176115931193,
    "mse_test_noise": 0.018957942152927745,
    "mse_test_recovered": 0.016190600248911682,
    "delta_test_pct": 14.597269480478358
  }
}