{
  "schema": {
    "name": "half_qae_bundle",
    "version": "1.0"
  },
  "timestamp": "2025-09-02 22:17:23",
  "dataset": {
    "id": "mackey_glass_n100",
    "scale_low": 0.2,
    "scale_high": 0.8,
    "window_size": 6,
    "window_stride": 1
  },
  "run": {
    "tag": "inst2_L3",
    "instance_id": 2,
    "seed": 2,
    "sigma_train": 0.1,
    "sigma_eval": 0.1
  },
  "architecture": {
    "n_qubits": 6,
    "n_layers": 3,
    "n_latent": 4,
    "n_trash": 2,
    "latent_wires": [
      0,
      1,
      2,
      3
    ],
    "trash_wires": [
      4,
      5
    ]
  },
  "training": {
    "stage1": {
      "lr_init": 0.01,
      "max_epochs": 120,
      "patience": 10,
      "lr_patience": 8,
      "best_val": 0.09424343615376794,
      "final_val": 0.09424343615376794,
      "best_epoch": 119,
      "epochs": 120,
      "train_curve": [
        0.49539620196525436,
        0.48267788513750653,
        0.47144221546595555,
        0.4600555699506088,
        0.4504617703230485,
        0.4422405816783956,
        0.4363011027215875,
        0.42863797160533423,
        0.42382812463782316,
        0.41817031434219587,
        0.41388293719142744,
        0.4099318102515178,
        0.4035200245564321,
        0.3986562149775466,
        0.3957200625430845,
        0.39259250663765255,
        0.3871298134744232,
        0.3839519716316264,
        0.38141608338380095,
        0.379667864806579,
        0.3747290831342775,
        0.37149942552775744,
        0.3687333556546818,
        0.36590650450287254,
        0.36299802261009195,
        0.3600337016945891,
        0.35646816916863605,
        0.35418047861485635,
        0.35221236767873026,
        0.3507127274589164,
        0.3485010505196535,
        0.34567619455815546,
        0.3428723335155498,
        0.3376671152402946,
        0.33693066972234587,
        0.3339039034310319,
        0.3306228095346063,
        0.3291340163003888,
        0.3235692879907919,
        0.32087187217306457,
        0.31798171491034977,
        0.3149522096509464,
        0.3123371963994377,
        0.30738527898803425,
        0.3039398452835519,
        0.30092730005131374,
        0.29451383810800774,
        0.2935299215895728,
        0.2881531589391453,
        0.2844363218841293,
        0.2816619171501021,
        0.27580504580572357,
        0.27283177871211106,
        0.2675719983996131,
        0.2625880904135448,
        0.2576371197275275,
        0.25299745633323845,
        0.24910117986403302,
        0.24374799340534553,
        0.24059069038750322,
        0.23148174615781902,
        0.22665539699661624,
        0.22133873407113494,
        0.21510079068674343,
        0.20717402888570963,
        0.200870831744717,
        0.19554451734338865,
        0.18748523516085588,
        0.1819001465318662,
        0.1763529554734671,
        0.17095411745218983,
        0.16432459885471257,
        0.16263448590158877,
        0.15867554641852838,
        0.15232438570102977,
        0.14986549267081517,
        0.14821660998161929,
        0.14396388321917414,
        0.14240777701848656,
        0.1373460693750454,
        0.13438320762551942,
        0.13102569808380185,
        0.13057037176814912,
        0.12906643290215586,
        0.1270803424405775,
        0.12536085175736397,
        0.12340080661677717,
        0.12275695754121929,
        0.12127633133271035,
        0.12054973227456828,
        0.12054039299150766,
        0.121613803737436,
        0.1186915745713801,
        0.11719014796895981,
        0.11782969486288739,
        0.11693557001499828,
        0.11601686625058018,
        0.11767595164514436,
        0.11435082102934807,
        0.11506174320243784,
        0.11598188910219784,
        0.1158986878979775,
        0.11487592358631991,
        0.11287921352883085,
        0.11432792504881453,
        0.11390879676982499,
        0.11509896084055131,
        0.11594003932309932,
        0.11318626066323298,
        0.11341827451200784,
        0.11443018753986162,
        0.11414400159117061,
        0.11192241935479366,
        0.11360265708569522,
        0.11321493905145474,
        0.11187636973757845,
        0.11187811852619985,
        0.11259568552099679,
        0.11345899176537735,
        0.11356128701279707
      ],
      "val_curve": [
        0.4823982901504738,
        0.4701595069444392,
        0.45800843850864825,
        0.446870504536354,
        0.4371265309812771,
        0.42884990662415395,
        0.4218182223254434,
        0.41573446298549843,
        0.4101664617906596,
        0.40486060882797775,
        0.3996379517718153,
        0.3945809736458882,
        0.38972286404769574,
        0.3851705605701563,
        0.380981545446273,
        0.37716530776027385,
        0.373742447067039,
        0.3705651197141271,
        0.36764845312666455,
        0.36480678928797783,
        0.3619482765352847,
        0.3591481172595255,
        0.3562689450586873,
        0.3534930128003822,
        0.3508150259556064,
        0.3482519889286579,
        0.34571885387343504,
        0.34326007582122076,
        0.3407107609701508,
        0.33815463891564757,
        0.33555696996849915,
        0.33288752805710226,
        0.33005231031138554,
        0.32710457193708153,
        0.3240016018591869,
        0.32086285859140223,
        0.3177559681315457,
        0.3145251576222721,
        0.3112620800402502,
        0.30789325773709686,
        0.30454753368985055,
        0.3011159937209772,
        0.29767698970700107,
        0.29417238756476527,
        0.2905580932193327,
        0.2868210323312102,
        0.28308833625173774,
        0.27910418910584883,
        0.27506902168998426,
        0.2708897999388938,
        0.26657536041875235,
        0.26216426235625795,
        0.2576185400593704,
        0.25278539444478126,
        0.24776648009965416,
        0.24245467612263696,
        0.236776785100644,
        0.2309629864634915,
        0.2247708704028631,
        0.218162222642175,
        0.21132134679236278,
        0.2041035557097809,
        0.19660085281866213,
        0.18893454126962153,
        0.1814930373900767,
        0.17404414960730846,
        0.166840842209223,
        0.1600765920050568,
        0.15365694989294218,
        0.14793963787023037,
        0.14278978660714045,
        0.13829126263244734,
        0.1341638137022466,
        0.13047917099909712,
        0.12720614708480413,
        0.1240729522624879,
        0.12106442604988103,
        0.11835357887453798,
        0.11594657476340647,
        0.1138519718469765,
        0.1120062321942227,
        0.11030862160183318,
        0.10870497324847878,
        0.10728262372348603,
        0.1059526063615569,
        0.10483272553556022,
        0.10385420860001904,
        0.10291084825046923,
        0.10209109570629965,
        0.10132047408738755,
        0.100597150739352,
        0.09999709997596051,
        0.09965339356555337,
        0.09929751419120315,
        0.09890026851906468,
        0.09854712219626437,
        0.09811028269544968,
        0.09773045875533004,
        0.09740292621736478,
        0.09711082811572974,
        0.09682783499915275,
        0.09655826706355064,
        0.0964336018710126,
        0.09642815833022406,
        0.0962719164568169,
        0.09610092286449376,
        0.09582374817143369,
        0.09565468236588745,
        0.09566096150890202,
        0.09556381991341711,
        0.09544993911641052,
        0.0953008039357041,
        0.09519515498883974,
        0.09496210805763518,
        0.09476019010278827,
        0.09466748536733557,
        0.09459521968426211,
        0.09447912359164092,
        0.09430690194000407,
        0.09424343615376794
      ],