{
  "schema": {
    "name": "half_qae_bundle",
    "version": "1.0"
  },
  "timestamp": "2025-09-02 21:05:33",
  "dataset": {
    "id": "mackey_glass_n100",
    "scale_low": 0.2,
    "scale_high": 0.8,
    "window_size": 4,
    "window_stride": 1
  },
  "run": {
    "tag": "inst1_L1",
    "instance_id": 1,
    "seed": 1,
    "sigma_train": 0.1,
    "sigma_eval": 0.1
  },
  "architecture": {
    "n_qubits": 4,
    "n_layers": 1,
    "n_latent": 3,
    "n_trash": 1,
    "latent_wires": [
      0,
      1,
      2
    ],
    "trash_wires": [
      3
    ]
  },
  "training": {
    "stage1": {
      "lr_init": 0.01,
      "max_epochs": 120,
      "patience": 10,
      "lr_patience": 8,
      "best_val": 0.2606712322585708,
      "final_val": 0.26098145553428137,
      "best_epoch": 109,
      "epochs": 120,
      "train_curve": [
        0.4791466587385561,
        0.4732625182289947,
        0.4686989091766317,
        0.4664942292880042,
        0.46492196813182374,
        0.4576120405440469,
        0.45835319685572695,
        0.45429240402823085,
        0.45159768384869226,
        0.4502112703165209,
        0.44732649470275276,
        0.4438900312330888,
        0.44061395378373713,
        0.4395780667023186,
        0.4402120960845598,
        0.43477115499799274,
        0.43472787290705805,
        0.43436569643234163,
        0.430274155688619,
        0.42888139855480134,
        0.42502998800310615,
        0.4249616395063728,
        0.4246765535812621,
        0.42125491678606486,
        0.4184838980359682,
        0.41833513288510726,
        0.41293225474504147,
        0.41208454947158224,
        0.40560638908819235,
        0.4035924341680617,
        0.3980428386770487,
        0.39492562575108703,
        0.39344587947991994,
        0.39012625487095964,
        0.3799697178321801,
        0.3787456634680423,
        0.37419365400864224,
        0.36459958533759274,
        0.3628543344428343,
        0.35871663097385653,
        0.3508589807269793,
        0.3465027747475727,
        0.3447765532432269,
        0.33251508457882056,
        0.3287536193718371,
        0.3256637425657164,
        0.3246787036333587,
        0.3194643347742776,
        0.30930523435446555,
        0.30303244943401075,
        0.30342971658575935,
        0.30456000937585104,
        0.2992086546758521,
        0.29318958018513563,
        0.2964957818176268,
        0.28250591069935155,
        0.28994948601503834,
        0.2912444042243475,
        0.28603517136184775,
        0.28179566735304745,
        0.27805518349466984,
        0.2806450230150717,
        0.2789815793757576,
        0.27940210488166367,
        0.2740301878463465,
        0.2759396637886876,
        0.2782586804702723,
        0.2768100833181832,
        0.27298216438438494,
        0.27031173548086407,
        0.26858198003800177,
        0.270994617221087,
        0.27216864143897107,
        0.27379844072636594,
        0.27131914824773007,
        0.2643160294265016,
        0.27272843395093443,
        0.2668162249493461,
        0.2699121601767003,
        0.2697436561687812,
        0.26901414902104115,
        0.2687242484764584,
        0.26820517645556696,
        0.2680492309204489,
        0.27410833606447244,
        0.2665568205366598,
        0.2678371037021655,
        0.2705989592189283,
        0.26042512188227696,
        0.26774093189020537,
        0.27206464251816675,
        0.26484171993482475,
        0.27285743815959623,
        0.26286942506119976,
        0.2658435645321224,
        0.26852566616920737,
        0.2691063385156799,
        0.27061323322340597,
        0.26721722568851447,
        0.26166312065474195,
        0.2716495148157633,
        0.265789851369062,
        0.2687385291252353,
        0.2682558937470457,
        0.2628135444118652,
        0.26973819650056663,
        0.2653780453088121,
        0.26684234294605524,
        0.265409814798269,
        0.2648310341633948,
        0.2668676501904489,
        0.26865999892036574,
        0.2683412489315563,
        0.2695401657605131,
        0.2703657851572361,
        0.27227170653468247,
        0.27006047994236915,
        0.2687276701331103,
        0.2670915401605407,
        0.26118083903731265
      ],
      "val_curve": [
        0.49209397332497806,
        0.4887820006477547,
        0.4855768873934917,
        0.48241016017650595,
        0.4793619746307849,
        0.4764351334923445,
        0.47367076803234565,
        0.47109146384944245,
        0.46869349260311094,
        0.466493359825888,
        0.4644287708820084,
        0.4625108218693736,
        0.46070896388486426,
        0.45896355572938435,
        0.45725242902464824,
        0.45554673865906353,
        0.45382378832579356,
        0.45207037982574577,
        0.45028860758492967,
        0.4484571366100738,
        0.4465521933091551,
        0.4445089422499267,
        0.44232358329595867,
        0.4400016330707808,
        0.4375437638336999,
        0.4348604527020206,
        0.4320054327975016,
        0.4289319271075864,
        0.4257142314789335,
        0.4222397674556727,
        0.41856848110770184,
        0.41468373317270774,
        0.41058158633233105,
        0.4062794517169034,
        0.40178887016883696,
        0.39715069572654677,
        0.3923216015107215,
        0.387437326635182,
        0.3824360696144596,
        0.37743007913626114,
        0.3724837644049753,
        0.36754302283944623,
        0.36261931238759276,
        0.357731833112667,
        0.3529526863230076,
        0.3482169599424537,
        0.34354934775912815,
        0.33902616886318215,
        0.334683953804157,
        0.3304843701924198,
        0.32645504693997124,
        0.3225881106584844,
        0.3188188060004824,
        0.3153116029941071,
        0.3118654338282648,
        0.3086804611666149,
        0.30555669892060955,
        0.30263236954071016,
        0.29978428051615935,
        0.2971436542475632,
        0.2947226031204,
        0.2923909247816906,
        0.2901778103636353,
        0.2880843940241237,
        0.28606521721640343,
        0.2841995730527385,
        0.2824419672490514,
        0.2808048850765448,
        0.2792958070217826,
        0.2777681974001194,
        0.2763883523974593,
        0.2752004767462913,
        0.2740106979691293,
        0.2729004349739325,
        0.27185535689670204,
        0.2709132142900693,
        0.27009663053489513,
        0.2693111392599534,
        0.26861714777290435,
        0.26789358334220176,
        0.26721017539525616,
        0.26670119586020113,
        0.2661399693398407,
        0.26554669979363427,
        0.2649853978228016,
        0.264531440747582,
        0.2639965461438456,
        0.26352850897808333,
        0.2631317085494258,
        0.2627758661360228,
        0.26240815262106854,
        0.2620906354602984,
        0.2617808734874735,
        0.26155774379140695,
        0.26144813127662453,
        0.26140945193639026,
        0.26136609970717983,
        0.2613046843064083,
        0.26121590400328654,
        0.2610866759109219,
        0.2610650069381434,
        0.2608763532928035,
        0.2607884916631259,
        0.2608007019048079,
        0.2608375322979209,
        0.26083002595253335,
        0.26086019621464185,
        0.26082234085017286,
        0.26074358457792407,
        0.2606712322585708,
        0.2606908254008357,
        0.26072693721293816,
        0.2607632624316069,
        0.26083448854915403,
        0.26091870478062235,
        0.2609124384743321,
        0.2610199988915072,
        0.2611076523070662,
        0.26117396246149516,
        0.26098145553428137
      ],