{
  "schema": {
    "name": "half_qae_bundle",
    "version": "1.0"
  },
  "timestamp": "2025-09-02 21:05:33",
  "dataset": {
    "id": "mackey_glass_n100",
    "scale_low": 0.2,
    "scale_high": 0.8,
    "window_size": 4,
    "window_stride": 1
  },
  "run": {
    "tag": "inst2_L1",
    "instance_id": 2,
    "seed": 2,
    "sigma_train": 0.1,
    "sigma_eval": 0.1
  },
  "architecture": {
    "n_qubits": 4,
    "n_layers": 1,
    "n_latent": 3,
    "n_trash": 1,
    "latent_wires": [
      0,
      1,
      2
    ],
    "trash_wires": [
      3
    ]
  },
  "training": {
    "stage1": {
      "lr_init": 0.01,
      "max_epochs": 120,
      "patience": 10,
      "lr_patience": 8,
      "best_val": 0.2562471769614646,
      "final_val": 0.2562471769614646,
      "best_epoch": 119,
      "epochs": 120,
      "train_curve": [
        0.4858743020141772,
        0.4835674393131577,
        0.48144764982017096,
        0.4747669363072335,
        0.4734591208652622,
        0.4689795141468234,
        0.46605199540554637,
        0.4626956602456615,
        0.46055952997841276,
        0.45728881433088686,
        0.4522081685676843,
        0.44640938568606814,
        0.4444250080722225,
        0.44158765423461765,
        0.438179934427394,
        0.4362806230566826,
        0.434087309237047,
        0.43147064496883814,
        0.42704235778976396,
        0.43014883787489955,
        0.4212680262982114,
        0.4210046932943392,
        0.4169746689703264,
        0.41745084399392396,
        0.41435548151911794,
        0.41221114078922727,
        0.4131303297760264,
        0.40532286946302,
        0.4096482287166779,
        0.40499281077238186,
        0.4021876622575351,
        0.3962500388879351,
        0.4002535716115426,
        0.3981831479409964,
        0.39321185947474935,
        0.39564172567387046,
        0.3885551079467209,
        0.3919933178307632,
        0.38533105482612334,
        0.38683624331947586,
        0.3878706032891262,
        0.3820725861666461,
        0.3831303011692959,
        0.3819983634603734,
        0.37383735539930785,
        0.373058466782685,
        0.3752121051840018,
        0.3747751979527582,
        0.3674296276275767,
        0.36776436454761996,
        0.35786105854373473,
        0.37033751577686913,
        0.36239190891578954,
        0.36728331682437726,
        0.3601033950683761,
        0.36494263525969,
        0.36221251869818505,
        0.3648441099811023,
        0.3548374971480316,
        0.3534343209767834,
        0.3518526308717099,
        0.35390716802307765,
        0.35305573345750013,
        0.34526597426211797,
        0.3547409417184954,
        0.34657285876192817,
        0.3458906425900872,
        0.3453581955524705,
        0.3452358951084147,
        0.3464765388823126,
        0.34578094546651855,
        0.34911016985613563,
        0.34250310195805145,
        0.3416343592775942,
        0.33966368311940787,
        0.33560838593000863,
        0.3414919266712587,
        0.336086832240862,
        0.3365327720568425,
        0.3345563226093173,
        0.3366217956701656,
        0.3354974201078275,
        0.33226656899227314,
        0.3362990699658145,
        0.3289580697292629,
        0.3301154394837291,
        0.3306623168685423,
        0.33048053452938253,
        0.3269203527682616,
        0.32847323680877843,
        0.32771869108036666,
        0.32125076807235503,
        0.32354101283434666,
        0.3184657038308911,
        0.32227276544972566,
        0.3186358599005983,
        0.31380401272225766,
        0.31572912031990585,
        0.31568094467389174,
        0.31076680173076027,
        0.3136085708825115,
        0.30918552571617347,
        0.3143246291814521,
        0.3082894875847376,
        0.30589949484305506,
        0.3035186415882338,
        0.29856454242642966,
        0.2995758240167725,
        0.29737129769565923,
        0.3007408970134334,
        0.29425894296387006,
        0.2948366518592047,
        0.28684741193298924,
        0.2899167376086946,
        0.2889236254706703,
        0.28614594826614603,
        0.2830289543723739,
        0.28362093305785147,
        0.28376048522921804,
        0.28033767945299415
      ],
      "val_curve": [
        0.4847141119186956,
        0.48267901389186746,
        0.4806252431533089,
        0.47855176000022104,
        0.47642549874381324,
        0.47427627642418146,
        0.4720948008475192,
        0.4699054620476352,
        0.46772340274275626,
        0.4655672351817729,
        0.463434566136722,
        0.46132255638983366,
        0.45923334710882935,
        0.4571569922230626,
        0.45512195045550136,
        0.4531057497689227,
        0.4511186651248259,
        0.4491572576901963,
        0.4472545213847533,
        0.44537137514406905,
        0.44354276734540077,
        0.441673554760648,
        0.4398094919722265,
        0.43792562767660465,
        0.4360221836639727,
        0.4340814264268954,
        0.4320548354956881,
        0.4300445712826485,
        0.4279265813470561,
        0.4258139952681209,
        0.4236303382768371,
        0.4213672296962244,
        0.4190052584786882,
        0.4166113485094399,
        0.4142282530159379,
        0.4117667875745834,
        0.40926640273465403,
        0.40674317339898336,
        0.40418521717658684,
        0.40162037817137247,
        0.39902343651748756,
        0.39646651138982186,
        0.39389068375148384,
        0.3913072737373647,
        0.38873237930370536,
        0.3862187888133353,
        0.38366194107805207,
        0.38109925186088806,
        0.3785989494097205,
        0.3760506321341589,
        0.3736267336421143,
        0.37129144759818716,
        0.36887829628880936,
        0.3665944784265166,
        0.3642605403105317,
        0.3620320758878651,
        0.3597982851516851,
        0.3575667011025288,
        0.35536511054531195,
        0.35332378405080095,
        0.35119617579300444,
        0.3491556846376241,
        0.347215879015001,
        0.34527176092844597,
        0.3432446782690962,
        0.34120754980148477,
        0.339245782847056,
        0.33727377217947463,
        0.335351846601062,
        0.33347752260192876,
        0.3315959709675133,
        0.32967826439913706,
        0.3278374637388105,
        0.3258217647958709,
        0.32394259571292255,
        0.32204100863160845,
        0.32008463544317317,
        0.31822988656351525,
        0.3163517343043651,
        0.3144702379076321,
        0.31258203200314844,
        0.31071982170372214,
        0.30887052472162396,
        0.3070186446030628,
        0.3051212477922636,
        0.3034121153318669,
        0.3016003098634264,
        0.29990897810213635,
        0.29803856324238487,
        0.2961934535948473,
        0.29437302979499036,
        0.2927023389830722,
        0.29100002900317284,
        0.28922552837407794,
        0.28745846974166933,
        0.2857238591351817,
        0.2839410676137875,
        0.28223749710592766,
        0.28058781950440725,
        0.2788559205396492,
        0.2771245005605216,
        0.27551284077989024,
        0.27383072752658594,
        0.27225035440938417,
        0.2706377273664616,
        0.2690821566319185,
        0.2676795786502859,
        0.2663106989607767,
        0.26501466291789816,
        0.2638257180681402,
        0.2626354279870402,
        0.2615250275810467,
        0.2605336484814481,
        0.25967438837837375,
        0.2588793204789285,
        0.25825450269830186,
        0.2576363483008305,
        0.2570472827928457,
        0.25651633995787637,
        0.2562471769614646
      ],