{
  "schema": {
    "name": "full_qae_bundle",
    "version": "1.0"
  },
  "timestamp": "2025-09-16 02:50:49",
  "dataset": {
    "id": "mackey_glass_tau17_n200",
    "scale_low": 0.2,
    "scale_high": 0.8,
    "window_size": 4,
    "window_step": 2,
    "split": 0.75
  },
  "run": {
    "instance_id": 2,
    "layer": 1,
    "sigma_eval": 0.2,
    "test_seed_fixed": 99123
  },
  "environment": {
    "device": "default.qubit",
    "diff_method": "best",
    "reset_mode": "swap"
  },
  "architecture": {
    "n_qubits": 4,
    "n_latent": 3,
    "n_trash": 1,
    "n_extra": 0,
    "rot": "Rxyz"
  },
  "parameters": {
    "weights": [
      [
        [
          2.9991023864424107e-05,
          -0.501093464554802,
          0.05874891821967879
        ],
        [
          -0.5090736004442804,
          -0.7231984875571755,
          0.007153431820301186
        ],
        [
          0.00319709030694448,
          -1.1640044526978863,
          0.19241098695274653
        ],
        [
          1.249380006256821,
          -0.12694731892363506,
          0.014713768780349457
        ]
      ],
      [
        [
          0.15985025444129572,
          -0.5304424353730993,
          0.1299627748064733
        ],
        [
          0.11737706107061195,
          -0.6039941182122383,
          0.2668281409213933
        ],
        [
          0.3071499410870798,
          0.8127299038842433,
          0.06771842557244537
        ],
        [
          0.24580426649405315,
          -0.7005339145952383,
          0.12351626747315074
        ]
      ]
    ]
  },
  "metrics_series": {
    "mse_train_noise": 0.019268069867485596,
    "mse_train_recovered": 0.012178931420521759,
    "delta_train_pct": 36.79215663903413,
    "mse_test_noise": 0.018957942152927745,
    "mse_test_recovered": 0.013523033829106145,
    "delta_test_pct": 28.66823983309954
  }
}