{
  "schema": {
    "name": "full_qae_bundle",
    "version": "1.0"
  },
  "timestamp": "2025-09-16 02:58:13",
  "dataset": {
    "id": "mackey_glass_tau17_n200",
    "scale_low": 0.2,
    "scale_high": 0.8,
    "window_size": 4,
    "window_step": 2,
    "split": 0.75
  },
  "run": {
    "instance_id": 3,
    "layer": 1,
    "sigma_eval": 0.2,
    "test_seed_fixed": 99123
  },
  "environment": {
    "device": "default.qubit",
    "diff_method": "best",
    "reset_mode": "swap"
  },
  "architecture": {
    "n_qubits": 4,
    "n_latent": 3,
    "n_trash": 1,
    "n_extra": 0,
    "rot": "Rxyz"
  },
  "parameters": {
    "weights": [
      [
        [
          -2.5105959232180605e-05,
          -0.49172354273691476,
          0.1739427220484193
        ],
        [
          -0.6665804718615593,
          -0.7775906171060297,
          0.2497799131391113
        ],
        [
          -3.679537320543619e-06,
          -1.1631850279271327,
          0.23214443459852613
        ],
        [
          1.2402676550098228,
          -0.12408054985218783,
          0.29662432570855524
        ]
      ],
      [
        [
          0.2708756178605849,
          0.43422893755398906,
          0.1480315052666806
        ],
        [
          0.07593563083156482,
          -0.60599413979087,
          0.13617820822708077
        ],
        [
          0.1250387996554119,
          0.8134868820166803,
          0.298806656795732
        ],
        [
          0.13869874300813365,
          -0.6366862126881783,
          0.27742287743448757
        ]
      ]
    ]
  },
  "metrics_series": {
    "mse_train_noise": 0.019268069867485596,
    "mse_train_recovered": 0.012182536037331607,
    "delta_train_pct": 36.77344891773855,
    "mse_test_noise": 0.018957942152927745,
    "mse_test_recovered": 0.013536415187225068,
    "delta_test_pct": 28.597655388801833
  }
}