{
  "schema": {
    "name": "full_qae_bundle",
    "version": "1.0"
  },
  "timestamp": "2025-09-16 03:13:08",
  "dataset": {
    "id": "mackey_glass_tau17_n200",
    "scale_low": 0.2,
    "scale_high": 0.8,
    "window_size": 4,
    "window_step": 2,
    "split": 0.75
  },
  "run": {
    "instance_id": 5,
    "layer": 1,
    "sigma_eval": 0.2,
    "test_seed_fixed": 99123
  },
  "environment": {
    "device": "default.qubit",
    "diff_method": "best",
    "reset_mode": "swap"
  },
  "architecture": {
    "n_qubits": 4,
    "n_latent": 3,
    "n_trash": 1,
    "n_extra": 0,
    "rot": "Rxyz"
  },
  "parameters": {
    "weights": [
      [
        [
          0.06635575385361929,
          -0.47797312250358454,
          0.30169271787757707
        ],
        [
          0.6005162345131047,
          -0.7491068628439382,
          0.05620192961578984
        ],
        [
          0.0032181504222404274,
          -1.1641076651367515,
          0.3088663817054486
        ],
        [
          1.2586983573937387,
          -0.12880530128609669,
          0.000978176696915554
        ]
      ],
      [
        [
          0.0032531353379842845,
          -0.47979799750622215,
          0.04825804825529693
        ],
        [
          0.02209553215064936,
          -0.6012005490687008,
          0.18267182341896437
        ],
        [
          0.18492204519947633,
          0.8127617716865418,
          0.15697890192741035
        ],
        [
          0.011833563418783808,
          0.6656626309410779,
          0.07024402554162792
        ]
      ]
    ]
  },
  "metrics_series": {
    "mse_train_noise": 0.019268069867485596,
    "mse_train_recovered": 0.01217227650559927,
    "delta_train_pct": 36.82669520448598,
    "mse_test_noise": 0.018957942152927745,
    "mse_test_recovered": 0.01352577743102355,
    "delta_test_pct": 28.653767788110308
  }
}