{
  "schema": {
    "name": "full_qae_bundle",
    "version": "1.0"
  },
  "timestamp": "2025-09-16 03:05:39",
  "dataset": {
    "id": "mackey_glass_tau17_n200",
    "scale_low": 0.2,
    "scale_high": 0.8,
    "window_size": 4,
    "window_step": 2,
    "split": 0.75
  },
  "run": {
    "instance_id": 4,
    "layer": 1,
    "sigma_eval": 0.2,
    "test_seed_fixed": 99123
  },
  "environment": {
    "device": "default.qubit",
    "diff_method": "best",
    "reset_mode": "swap"
  },
  "architecture": {
    "n_qubits": 4,
    "n_latent": 3,
    "n_trash": 1,
    "n_extra": 0,
    "rot": "Rxyz"
  },
  "parameters": {
    "weights": [
      [
        [
          -0.001809094606203427,
          -0.48701486006268024,
          0.27642503119170114
        ],
        [
          -0.12403255238657668,
          -0.6580551582874677,
          0.14766508697445896
        ],
        [
          -0.0005012950624848598,
          -1.1670021909933912,
          0.15111159830074075
        ],
        [
          1.2461599174791835,
          -0.1287601168069939,
          0.05852561799637006
        ]
      ],
      [
        [
          0.09170614688503412,
          0.6130129221191578,
          0.08826361192291954
        ],
        [
          0.28641664504175146,
          0.6009833882341594,
          0.19651153396523174
        ],
        [
          0.2642675691593536,
          0.8112105482235643,
          0.13489589923270934
        ],
        [
          0.1121242506515908,
          -0.7612136600639909,
          0.26853783796103997
        ]
      ]
    ]
  },
  "metrics_series": {
    "mse_train_noise": 0.019268069867485596,
    "mse_train_recovered": 0.012146330483160307,
    "delta_train_pct": 36.961353333802535,
    "mse_test_noise": 0.018957942152927745,
    "mse_test_recovered": 0.013450947662461363,
    "delta_test_pct": 29.04848240406682
  }
}