{
  "schema": {
    "name": "full_qae_bundle",
    "version": "1.0"
  },
  "timestamp": "2025-09-16 02:43:23",
  "dataset": {
    "id": "mackey_glass_tau17_n200",
    "scale_low": 0.2,
    "scale_high": 0.8,
    "window_size": 4,
    "window_step": 2,
    "split": 0.75
  },
  "run": {
    "instance_id": 1,
    "layer": 1,
    "sigma_eval": 0.2,
    "test_seed_fixed": 99123
  },
  "environment": {
    "device": "default.qubit",
    "diff_method": "best",
    "reset_mode": "swap"
  },
  "architecture": {
    "n_qubits": 4,
    "n_latent": 3,
    "n_trash": 1,
    "n_extra": 0,
    "rot": "Rxyz"
  },
  "parameters": {
    "weights": [
      [
        [
          0.09822809515865076,
          -0.48058514722188145,
          0.27318408861915794
        ],
        [
          0.6386580689752636,
          -0.7634462512884124,
          0.004709711704241329
        ],
        [
          -0.002549238072129548,
          -1.1649796849771779,
          0.02712265100736918
        ],
        [
          1.261221819340982,
          -0.12939337583865343,
          0.28175133157115584
        ]
      ],
      [
        [
          0.2605989676921638,
          0.4521171185686205,
          0.07792492564104526
        ],
        [
          0.23462774209184392,
          0.5989579455574282,
          0.207306381636071
        ],
        [
          0.20707147498430037,
          0.8122592230563488,
          0.20280098175535313
        ],
        [
          0.2657974766022179,
          0.6468972160381726,
          0.02271525018456267
        ]
      ]
    ]
  },
  "metrics_series": {
    "mse_train_noise": 0.019268069867485596,
    "mse_train_recovered": 0.012164637696519216,
    "delta_train_pct": 36.86634011512098,
    "mse_test_noise": 0.018957942152927745,
    "mse_test_recovered": 0.013522029643094041,
    "delta_test_pct": 28.67353674773301
  }
}