{
  "schema": {
    "name": "full_qae_bundle",
    "version": "1.0"
  },
  "timestamp": "2025-09-08 12:18:41",
  "dataset": {
    "id": "MG_bench",
    "scale_low": 0.2,
    "scale_high": 0.8,
    "window_size": 6,
    "window_stride": 1
  },
  "run": {
    "tag": "inst4_L3",
    "instance_id": 4,
    "seed": 10026,
    "sigma_train": 0.1,
    "sigma_eval": 0.1
  },
  "architecture": {
    "n_qubits": 6,
    "n_layers": 3,
    "n_latent": 4,
    "n_trash": 2,
    "latent_wires": [
      0,
      1,
      2,
      3
    ],
    "trash_wires": [
      4,
      5
    ],
    "decoder_mode": "adjoint_encoder"
  },
  "training": {
    "stage1": {
      "lr_init": 0.0,
      "max_epochs": 0,
      "patience": 0,
      "lr_patience": 0,
      "best_val": NaN,
      "final_val": NaN,
      "best_epoch": -1,
      "epochs": 0,
      "train_curve": [],
      "val_curve": [],
      "lr_curve": [],
      "train_seconds": NaN
    },
    "stage3": {
      "lr_init": 0.5,
      "max_epochs": 120,
      "patience": 0,
      "plateau_steps": 0,
      "plateau_factor": 1.0,
      "best_val_mse": 0.0038199966744786287,
      "final_val_mse": 0.0038199966744786287,
      "best_epoch": 119,
      "epochs": 120,
      "train_curve": [
        0.06787422197316008,
        0.23456946814133448,
        0.05291719986044674,
        0.10129819403529505,
        0.16127453577268472,
        0.12083552988490949,
        0.08214189269018152,
        0.07237078364527819,
        0.0635316538325653,
        0.02760229190426216,
        0.020314264877986384,
        0.025121612322200178,
        0.03610700897388253,
        0.024711137138182102,
        0.019060661833838675,
        0.020028027797056834,
        0.02006597164543143,
        0.01928627573853225,
        0.018088647811773433,
        0.01863478106182658,
        0.015988852874049324,
        0.015836531427250566,
        0.015896719126833183,
        0.01466930074971479,
        0.012126204606185494,
        0.013258898955841472,
        0.012356474074462684,
        0.01462874232098209,
        0.01295150392665489,
        0.009379619894280856,
        0.014355073787065546,
        0.013411215417763996,
        0.13698738833786478,
        0.016807193324106174,
        0.1168631242203476,
        0.09041238088982438,
        0.07200972582856102,
        0.023885506710969465,
        0.020148179179189648,
        0.044262517190267636,
        0.019041935779642066,
        0.022672904928686267,
        0.026526988490040124,
        0.021003624217355844,
        0.015160399278908937,
        0.011939501252080011,
        0.012199023402898827,
        0.011803415373555521,
        0.013002612925560405,
        0.011945444227998423,
        0.009752174912261566,
        0.010621203751957497,
        0.011304337562214143,
        0.03582559211029767,
        0.14154048206734113,
        0.08987129171936194,
        0.05675537459978045,
        0.07380620673673417,
        0.03161994883317479,
        0.05302394228537773,
        0.057655719390689315,
        0.11169895885254424,
        0.14501768928261735,
        0.17427091876148257,
        0.1218792096079441,
        0.05534327383785303,
        0.06324646995973068,
        0.039111973668938836,
        0.03316954624685663,
        0.031408738713517945,
        0.02266098153330367,
        0.025128000326542364,
        0.03553844783380558,
        0.03851525835333774,
        0.03643069966776014,
        0.03075838634423706,
        0.02814399844787563,
        0.030593929638935504,
        0.023257353562791305,
        0.024443189780511784,
        0.02132195660203274,
        0.02064370566852441,
        0.021594566843570345,
        0.014892323216209126,
        0.018126010696340147,
        0.014383197639095655,
        0.015506920351495746,
        0.010142570917627226,
        0.00998118250303681,
        0.007777832786003035,
        0.0109720019725837,
        0.0071983344571513045,
        0.006799158664720485,
        0.0062464156444599975,
        0.007082244738089786,
        0.006845426673721368,
        0.006226298784432743,
        0.006156581059033496,
        0.005970184164461124,
        0.005591226458972871,
        0.005843862359961481,
        0.005361168901184243,
        0.005464764341536684,
        0.005380449391890363,
        0.00509761469633097,
        0.005001272326829174,
        0.005064537215573504,
        0.004673515913245346,
        0.004526616961528838,
        0.004253631683867369,
        0.004526557372197916,
        0.004708835415914755,
        0.004425514173115912,
        0.0042747682070879926,
        0.004242007938272144,
        0.0048989717127631135,
        0.004424265096889913,
        0.004158417318189655,
        0.004075990989817607,
        0.0038199966744786287
      ],