{
  "schema": {
    "name": "full_qae_bundle",
    "version": "1.0"
  },
  "timestamp": "2025-09-08 11:58:10",
  "dataset": {
    "id": "MG_bench",
    "scale_low": 0.2,
    "scale_high": 0.8,
    "window_size": 6,
    "window_stride": 1
  },
  "run": {
    "tag": "inst1_L3",
    "instance_id": 1,
    "seed": 10023,
    "sigma_train": 0.1,
    "sigma_eval": 0.1
  },
  "architecture": {
    "n_qubits": 6,
    "n_layers": 3,
    "n_latent": 4,
    "n_trash": 2,
    "latent_wires": [
      0,
      1,
      2,
      3
    ],
    "trash_wires": [
      4,
      5
    ],
    "decoder_mode": "adjoint_encoder"
  },
  "training": {
    "stage1": {
      "lr_init": 0.0,
      "max_epochs": 0,
      "patience": 0,
      "lr_patience": 0,
      "best_val": NaN,
      "final_val": NaN,
      "best_epoch": -1,
      "epochs": 0,
      "train_curve": [],
      "val_curve": [],
      "lr_curve": [],
      "train_seconds": NaN
    },
    "stage3": {
      "lr_init": 0.5,
      "max_epochs": 120,
      "patience": 0,
      "plateau_steps": 0,
      "plateau_factor": 1.0,
      "best_val_mse": 0.003970471097634839,
      "final_val_mse": 0.004005067058057225,
      "best_epoch": 118,
      "epochs": 120,
      "train_curve": [
        0.05555101624973948,
        0.3197530933159977,
        0.30164084979475003,
        0.3012016987425723,
        0.23397945256762526,
        0.18854716947976785,
        0.1735724306790309,
        0.16900074133862122,
        0.09913426988148315,
        0.08266674120434696,
        0.08614352982712245,
        0.06944539355868647,
        0.041823016140590336,
        0.0801302134345793,
        0.035024047120408755,
        0.03377534945502465,
        0.031203635905969498,
        0.022225368155453885,
        0.03019956702549774,
        0.019958389509236573,
        0.016643952407585236,
        0.01760573254975592,
        0.017788481340278387,
        0.01965613662053546,
        0.014035069792157306,
        0.011244924152777764,
        0.010349151798526458,
        0.010903913327240312,
        0.009239489024914744,
        0.027405838720889395,
        0.061327349598284564,
        0.021490210687636194,
        0.0438347855064793,
        0.02987401634172257,
        0.05323175306750344,
        0.032540995654227745,
        0.042788471616037785,
        0.03182833834477438,
        0.02206811547089083,
        0.01728038795054367,
        0.01199644446536504,
        0.013854150285376248,
        0.011645371412023268,
        0.010851196826617147,
        0.012623950148927574,
        0.010484125332597542,
        0.09601745933031926,
        0.10554072428847697,
        0.06829246551218031,
        0.04761202325653068,
        0.0427858041227558,
        0.03893509139957573,
        0.02265545376542648,
        0.021219748082662623,
        0.017225438949857095,
        0.01919716151513578,
        0.024612441272898716,
        0.02164034593935264,
        0.016205955895280167,
        0.011884829617568851,
        0.01079385247819719,
        0.01191710789733384,
        0.014102620520688464,
        0.012308641772884776,
        0.010208229173163873,
        0.00886873017553562,
        0.00875742708321851,
        0.009045340718499844,
        0.008195290395620466,
        0.007108551878880395,
        0.007889842889898604,
        0.008424992693735959,
        0.007315006953776615,
        0.006413344382299257,
        0.006336760513596099,
        0.006891195742073679,
        0.005913663467390837,
        0.005673835631872467,
        0.0060967812682452115,
        0.005772816482125796,
        0.005611994112551179,
        0.005757509471923081,
        0.005549460460727464,
        0.005670859517201247,
        0.0052292348735232036,
        0.004953360690491625,
        0.005009962212378808,
        0.0051921810572013016,
        0.0051296231976882475,
        0.004979594422136653,
        0.005400644164579513,
        0.0047887162609353785,
        0.005071748188723926,
        0.0048412304357798325,
        0.004659752028032495,
        0.0048172963253713865,
        0.004631868718007672,
        0.004479411204786621,
        0.00451640476854156,
        0.004879888181920018,
        0.004644164209002484,
        0.0046052923152327735,
        0.004840169922349382,
        0.004737048396972571,
        0.004364860511444393,
        0.004449423415157347,
        0.004839224826039643,
        0.0047278616895870245,
        0.004941378777996341,
        0.004611232259156767,
        0.004351887690061584,
        0.004492683249775544,
        0.004216096101919442,
        0.004488989397668505,
        0.0044977374535842335,
        0.004560729169504791,
        0.0046386408558665064,
        0.004082992962752106,
        0.003970471097634839,
        0.004005067058057225
      ],