{
  "schema": {
    "name": "half_qae_bundle",
    "version": "1.0"
  },
  "timestamp": "2025-09-13 13:59:19",
  "dataset": {
    "id": "mackey_glass_tau17_n200",
    "scale_low": 0.2,
    "scale_high": 0.8,
    "window_size": 4,
    "window_step": 2,
    "split": 0.75
  },
  "run": {
    "instance_id": 1,
    "layer": 1,
    "sigma_eval": 0.2,
    "test_seed_fixed": 88100
  },
  "architecture": {
    "n_qubits": 4,
    "n_latent": 2,
    "n_trash": 2
  },
  "parameters": {
    "phi": [
      1.4794623027835483,
      -1.5951463466651787,
      0.19790118565861017,
      -0.0013898328138571832,
      -1.786646683232623,
      -0.37475243769871325,
      0.0001417563582538022,
      -1.669230478623957,
      -0.25664972266916664,
      0.8728330453938515,
      -1.3706400422110048,
      -0.4219459235522462
    ],
    "psi": [
      1.3949014041068648,
      -1.6047333791595504,
      0.1265297364930394,
      0.07117718125806603,
      -1.7759143502257244,
      -0.2453021567479726,
      0.02366781095420798,
      -1.7354027582433034,
      -0.167733820787595,
      0.8189463924679735,
      -1.4090907865915054,
      -0.45076235518504715
    ]
  },
  "metrics_series": {
    "mse_train_noise": 0.014725688667710806,
    "mse_train_recovered": 0.011355132850727997,
    "delta_train_pct": 22.88895204183874,
    "mse_test_noise": 0.008758398398282418,
    "mse_test_recovered": 0.007105544680369797,
    "delta_test_pct": 18.87164345294863
  }
}