{
  "schema": {
    "name": "half_qae_bundle",
    "version": "1.0"
  },
  "timestamp": "2025-09-13 13:59:21",
  "dataset": {
    "id": "mackey_glass_tau17_n200",
    "scale_low": 0.2,
    "scale_high": 0.8,
    "window_size": 4,
    "window_step": 2,
    "split": 0.75
  },
  "run": {
    "instance_id": 3,
    "layer": 1,
    "sigma_eval": 0.2,
    "test_seed_fixed": 88300
  },
  "architecture": {
    "n_qubits": 4,
    "n_latent": 2,
    "n_trash": 2
  },
  "parameters": {
    "phi": [
      0.0003653007784977755,
      1.156045782535932,
      0.6113810032488027,
      0.020169249211770244,
      -2.0903037584442297,
      0.1349209359857217,
      -0.5618806176620759,
      1.3018070003427953,
      0.20365328093670212,
      0.9791699186800727,
      -1.7060605738287709,
      -0.08964450142713608
    ],
    "psi": [
      -0.0913778706683279,
      1.1757070201843316,
      0.6433447233057522,
      0.08212671163804633,
      -2.057067453458318,
      0.16957570951326495,
      -0.5208998304153724,
      1.3328514563260874,
      0.22917592828288746,
      0.9780319665262602,
      -1.785910227313847,
      0.05498206993280189
    ]
  },
  "metrics_series": {
    "mse_train_noise": 0.015503718469226779,
    "mse_train_recovered": 0.012603405044947185,
    "delta_train_pct": 18.707211628206522,
    "mse_test_noise": 0.016263982629883645,
    "mse_test_recovered": 0.009545400231848626,
    "delta_test_pct": 41.309576817244086
  }
}