{
  "schema": {
    "name": "half_qae_bundle",
    "version": "1.0"
  },
  "timestamp": "2025-09-13 13:59:22",
  "dataset": {
    "id": "mackey_glass_tau17_n200",
    "scale_low": 0.2,
    "scale_high": 0.8,
    "window_size": 4,
    "window_step": 2,
    "split": 0.75
  },
  "run": {
    "instance_id": 5,
    "layer": 1,
    "sigma_eval": 0.2,
    "test_seed_fixed": 88500
  },
  "architecture": {
    "n_qubits": 4,
    "n_latent": 2,
    "n_trash": 2
  },
  "parameters": {
    "phi": [
      -4.0562396466950824e-05,
      0.884047621819329,
      0.05729162642952101,
      3.270876178197442e-05,
      0.7881612640881798,
      -0.27653964137469544,
      -2.6316237225114416,
      -1.2035206549990773,
      0.10715892937848512,
      -1.724231899740865,
      -1.5335022490351968,
      0.03741550391595019
    ],
    "psi": [
      -0.07230871245624354,
      0.8986067398461591,
      0.14700727963367638,
      0.039437047241984435,
      0.7745189486854955,
      -0.2914885168502205,
      -2.6470836115719334,
      -1.1932925710147118,
      0.0947961218345925,
      -1.5942345239310054,
      -1.511535705101712,
      0.09633701331844706
    ]
  },
  "metrics_series": {
    "mse_train_noise": 0.01125973227582885,
    "mse_train_recovered": 0.008907773373278536,
    "delta_train_pct": 20.888231131385247,
    "mse_test_noise": 0.02156045891363854,
    "mse_test_recovered": 0.013690850395906357,
    "delta_test_pct": 36.500190229040484
  }
}