{
  "schema": {
    "name": "half_qae_bundle",
    "version": "1.0"
  },
  "timestamp": "2025-09-13 13:59:20",
  "dataset": {
    "id": "mackey_glass_tau17_n200",
    "scale_low": 0.2,
    "scale_high": 0.8,
    "window_size": 4,
    "window_step": 2,
    "split": 0.75
  },
  "run": {
    "instance_id": 2,
    "layer": 1,
    "sigma_eval": 0.2,
    "test_seed_fixed": 88200
  },
  "architecture": {
    "n_qubits": 4,
    "n_latent": 2,
    "n_trash": 2
  },
  "parameters": {
    "phi": [
      0.1424225643978939,
      -1.3401392074016318,
      0.065134079069087,
      -0.050825365186830056,
      -1.0366378195743615,
      0.03256562410976652,
      0.0441031715485969,
      -1.106128577102294,
      1.065814138425173,
      -1.4611707465415091,
      -1.608189636540275,
      -0.6136759060106576
    ],
    "psi": [
      0.0307343594742273,
      -1.3483686228128549,
      -0.01771069152179777,
      -0.11088109096642,
      -1.0655004258295586,
      -0.09252321142892322,
      -0.017344903099272252,
      -1.1393602557023268,
      0.9821771677901387,
      -1.5180560629637856,
      -1.6097882456757253,
      -0.698317876571073
    ]
  },
  "metrics_series": {
    "mse_train_noise": 0.014969978852873827,
    "mse_train_recovered": 0.009458919729376613,
    "delta_train_pct": 36.81407420585128,
    "mse_test_noise": 0.015052910249294433,
    "mse_test_recovered": 0.011426213464508847,
    "delta_test_pct": 24.09299414347852
  }
}