{
  "schema": {
    "name": "half_qae_bundle",
    "version": "1.0"
  },
  "timestamp": "2025-09-13 13:59:21",
  "dataset": {
    "id": "mackey_glass_tau17_n200",
    "scale_low": 0.2,
    "scale_high": 0.8,
    "window_size": 4,
    "window_step": 2,
    "split": 0.75
  },
  "run": {
    "instance_id": 4,
    "layer": 1,
    "sigma_eval": 0.2,
    "test_seed_fixed": 88400
  },
  "architecture": {
    "n_qubits": 4,
    "n_latent": 2,
    "n_trash": 2
  },
  "parameters": {
    "phi": [
      -1.8947976389879388,
      -1.4833864916446324,
      -0.14721197350320464,
      -0.004681052918502824,
      -1.7575103546569684,
      1.015439904661385,
      0.001059771885258518,
      -1.6628385560098997,
      -0.2654686619203826,
      0.3006171722450664,
      -1.2397872235201022,
      -0.562870673566534
    ],
    "psi": [
      -1.8025808937440382,
      -1.4843902242147407,
      -0.059766833957311555,
      -0.06247248767720314,
      -1.7414861553693486,
      0.9781701644990212,
      -0.019281152577134305,
      -1.6149878103328321,
      -0.3636607408431308,
      0.3231789570861639,
      -1.2046496809690102,
      -0.44350235214062766
    ]
  },
  "metrics_series": {
    "mse_train_noise": 0.013453002095904942,
    "mse_train_recovered": 0.009483217431971372,
    "delta_train_pct": 29.50854118384447,
    "mse_test_noise": 0.014491788327012757,
    "mse_test_recovered": 0.01291229080845722,
    "delta_test_pct": 10.899258827920832
  }
}