{
  "schema": {
    "name": "half_qae_bundle",
    "version": "1.0"
  },
  "timestamp": "2025-09-14 14:46:21",
  "dataset": {
    "id": "mackey_glass_tau17_n200",
    "scale_low": 0.2,
    "scale_high": 0.8,
    "window_size": 4,
    "window_step": 2,
    "split": 0.75
  },
  "run": {
    "instance_id": 5,
    "layer": 3,
    "sigma_eval": 0.2,
    "test_seed_fixed": 99123
  },
  "environment": {
    "device": "default.qubit",
    "reset_mode": "swap"
  },
  "architecture": {
    "n_qubits": 4,
    "n_latent": 2,
    "n_trash": 2
  },
  "parameters": {
    "phi": [
      -0.27313526753251643,
      -0.6824136591984553,
      0.12402988082692973,
      0.7675123459336094,
      0.13940038785823708,
      -0.25800708396765865,
      -0.8007441917622717,
      -1.4290469137948776,
      0.5077222386275014,
      0.7274801235231483,
      -1.3364273013327757,
      0.22333291835900024,
      -0.8265337673083212,
      -0.1689811760083154,
      -1.3833976402874377,
      0.14803353042603615,
      0.10278528568137187,
      0.5459029913304598,
      1.0626219464019637,
      0.9576973578868558,
      1.537809577228924,
      -0.03091251582702849,
      0.02572542785995996,
      -0.7679445673016614,
      0.9232649570821383,
      0.20546783909389266,
      0.4793674757685831,
      0.038411076176025585,
      -0.41242898999483296,
      -0.03819208340192786,
      -0.09203652276915537,
      1.0511318943623644,
      0.46721688665251615,
      1.2808351678505099,
      -0.003472473660071266,
      -0.11977733485742192
    ],
    "psi": [
      -0.32621477185652953,
      -0.6653718955689467,
      0.2089162123749369,
      0.839284741493087,
      0.10674536890478747,
      -0.23461929472402435,
      -0.7802430348071959,
      -1.4420287373901046,
      0.5247992552100978,
      0.8513356920860812,
      -1.3012548443481367,
      0.263791745372832,
      -0.947170877519643,
      -0.11782642799791748,
      -1.3867234445280208,
      0.10935989742366463,
      0.09288159414584604,
      0.5582930442034711,
      1.1538640561777425,
      0.9370599183807663,
      1.5437276063615264,
      -0.046981803265472126,
      0.056982349570919195,
      -0.7471464606418025,
      0.9289646031847872,
      0.25650438146581184,
      0.49423524340121555,
      -0.02243554892069146,
      -0.44506649682328253,
      -0.055486391780216644,
      -0.0005254218932439664,
      1.0751724682723862,
      0.4262753610857676,
      1.3863442160916934,
      -0.03602847765852918,
      -0.19471313955372707
    ]
  },
  "metrics_series": {
    "mse_train_noise": 0.019268069867485596,
    "mse_train_recovered": 0.0168768195695494,
    "delta_train_pct": 12.410429868595063,
    "mse_test_noise": 0.018957942152927745,
    "mse_test_recovered": 0.01777237288869611,
    "delta_test_pct": 6.253681199510053
  }
}