{
  "schema": {
    "name": "half_qae_bundle",
    "version": "1.0"
  },
  "timestamp": "2025-09-14 14:46:15",
  "dataset": {
    "id": "mackey_glass_tau17_n200",
    "scale_low": 0.2,
    "scale_high": 0.8,
    "window_size": 4,
    "window_step": 2,
    "split": 0.75
  },
  "run": {
    "instance_id": 2,
    "layer": 3,
    "sigma_eval": 0.2,
    "test_seed_fixed": 99123
  },
  "environment": {
    "device": "default.qubit",
    "reset_mode": "swap"
  },
  "architecture": {
    "n_qubits": 4,
    "n_latent": 2,
    "n_trash": 2
  },
  "parameters": {
    "phi": [
      0.6598131535766298,
      -0.4327886481452937,
      -0.2477097030892795,
      -1.8423209084277243,
      -0.4116104317945196,
      -1.0845575411477937,
      0.9895443325917215,
      -0.06163873070338972,
      1.2513194834035264,
      0.6995997735059853,
      -0.5798395215645611,
      0.35094889759252346,
      0.5564846348957179,
      -0.3244861787920343,
      0.2666936698779078,
      -0.5393603933649893,
      -1.1586130847851936,
      -0.014820734293636062,
      0.4433801412479801,
      -0.6841057092368266,
      0.0157627218020076,
      -0.21117018250901332,
      -0.2055475940529054,
      0.6314257748787094,
      0.3938024204359826,
      -0.9728993554028289,
      -0.18234228345340434,
      0.2501397960144561,
      -0.4809776548817345,
      -0.23625655840998888,
      0.4181053907178296,
      -1.3708487792822353,
      0.1581688103074502,
      -0.5198048060272763,
      -0.002236805953851959,
      0.25767520236241964
    ],
    "psi": [
      0.5744451659026266,
      -0.4222520508472177,
      -0.2717292277637307,
      -1.8969878642125224,
      -0.3896116135881856,
      -1.1543681312265797,
      0.9870498571464974,
      -0.06707722561609583,
      1.2261306248910697,
      0.7014290410988505,
      -0.6162846198084586,
      0.3085409389332189,
      0.4943442363964583,
      -0.27572397660445913,
      0.22738634919068182,
      -0.5524909636508533,
      -1.244602288208515,
      0.032106417511588145,
      0.4415082528131066,
      -0.6186298954889239,
      -0.0097793488467475,
      -0.1807902363161889,
      -0.20434557370618064,
      0.6677758026332318,
      0.39186545240602366,
      -0.9926384474408482,
      -0.177444081893494,
      0.2428354711445722,
      -0.46728332686658103,
      -0.22476859713601963,
      0.4300373207419525,
      -1.4393042482297178,
      0.13579200525930146,
      -0.5575970507499212,
      -0.07406318345674914,
      0.2606565998766682
    ]
  },
  "metrics_series": {
    "mse_train_noise": 0.019268069867485596,
    "mse_train_recovered": 0.01517529829229607,
    "delta_train_pct": 21.241212032846015,
    "mse_test_noise": 0.018957942152927745,
    "mse_test_recovered": 0.013513793629106725,
    "delta_test_pct": 28.71698035527691
  }
}