{
  "schema": {
    "name": "half_qae_bundle",
    "version": "1.0"
  },
  "timestamp": "2025-09-14 14:46:19",
  "dataset": {
    "id": "mackey_glass_tau17_n200",
    "scale_low": 0.2,
    "scale_high": 0.8,
    "window_size": 4,
    "window_step": 2,
    "split": 0.75
  },
  "run": {
    "instance_id": 4,
    "layer": 3,
    "sigma_eval": 0.2,
    "test_seed_fixed": 99123
  },
  "environment": {
    "device": "default.qubit",
    "reset_mode": "swap"
  },
  "architecture": {
    "n_qubits": 4,
    "n_latent": 2,
    "n_trash": 2
  },
  "parameters": {
    "phi": [
      -0.22780225669053322,
      -0.32084992538241885,
      1.1513962489725593,
      1.159327370254735,
      -0.5646534183586226,
      1.3394786502135454,
      0.021913443763464095,
      0.6351258947057586,
      -0.08224926360446852,
      -0.3320746740885516,
      0.34053767070917457,
      0.01535615667440587,
      0.6291689932799731,
      -0.11246740377056354,
      -0.14872408995188746,
      -0.014243823129900536,
      -0.03445639562110314,
      -0.5777582934531067,
      -1.8161045026282312,
      -1.4161965968079775,
      0.3672790034008142,
      0.29125384132625154,
      0.7917607833160749,
      -1.34903479207316,
      0.07444987553632962,
      -0.7106566290947305,
      -0.0098557587632745,
      -0.3025496387312855,
      -0.24043396082193383,
      0.27717663631113426,
      -0.10909728249379393,
      -0.5492695742319159,
      -0.4573210754969714,
      -1.35788103668922,
      0.04616659842817938,
      0.36288081664709854
    ],
    "psi": [
      -0.17160264576005899,
      -0.3047468518995412,
      1.1872730943617786,
      1.142364989809488,
      -0.5386518353365499,
      1.337934154946365,
      0.018970947195339757,
      0.6996934281374584,
      -0.10055596061776344,
      -0.31948685918228226,
      0.41868246176116974,
      0.07956218051994349,
      0.6567447032584145,
      -0.11700840679885942,
      -0.08398030513664712,
      -0.040473804924902164,
      -0.03740871871441727,
      -0.5954029204157896,
      -1.7618138817322795,
      -1.380870102817809,
      0.2996453464411592,
      0.3254901235517329,
      0.7632929670428905,
      -1.3156414554401545,
      0.09931130415353122,
      -0.707526854830518,
      0.006766481230393958,
      -0.3321033449274712,
      -0.23442859708206434,
      0.2245142918671834,
      -0.11272168965857698,
      -0.5294741737576871,
      -0.44064669770859627,
      -1.3275272511386822,
      0.04712706733649013,
      0.5075702912284384
    ]
  },
  "metrics_series": {
    "mse_train_noise": 0.019268069867485596,
    "mse_train_recovered": 0.01649964526280964,
    "delta_train_pct": 14.367939413317199,
    "mse_test_noise": 0.018957942152927745,
    "mse_test_recovered": 0.017265277570807196,
    "delta_test_pct": 8.928524881373502
  }
}