{
  "schema": {
    "name": "half_qae_bundle",
    "version": "1.0"
  },
  "timestamp": "2025-09-14 14:46:18",
  "dataset": {
    "id": "mackey_glass_tau17_n200",
    "scale_low": 0.2,
    "scale_high": 0.8,
    "window_size": 4,
    "window_step": 2,
    "split": 0.75
  },
  "run": {
    "instance_id": 3,
    "layer": 3,
    "sigma_eval": 0.2,
    "test_seed_fixed": 99123
  },
  "environment": {
    "device": "default.qubit",
    "reset_mode": "swap"
  },
  "architecture": {
    "n_qubits": 4,
    "n_latent": 2,
    "n_trash": 2
  },
  "parameters": {
    "phi": [
      0.6795160143427166,
      0.984520026204106,
      0.9028353637873662,
      0.2859334201939405,
      -0.8894390068876227,
      0.785260247066224,
      0.3051595082953964,
      0.9737264406907341,
      -0.3805497874815481,
      1.6010402805179191,
      0.050667685724666386,
      -0.10001941160109273,
      -0.6069570471433168,
      -0.729134511965492,
      0.23687380460838905,
      -0.25882857054984476,
      -0.3189030598089685,
      0.06938105526045411,
      -0.06649456523577131,
      -0.019057477308095903,
      0.7095116404190369,
      0.12518982492240538,
      0.9305317110364268,
      -0.11281684070707414,
      -0.6021274792786797,
      -1.4955621337407314,
      -0.15674793989270108,
      -0.31502412422794995,
      -0.41251468145201886,
      -0.4823732413784022,
      1.5854812448179647,
      -0.670828085792285,
      0.7631000042260547,
      0.14107577450403266,
      -0.42634130714337864,
      0.09172979721715811
    ],
    "psi": [
      0.6455037718220886,
      0.9973234706761389,
      0.8671921227584389,
      0.34130268073244563,
      -0.8275371096683869,
      0.8130617633042606,
      0.32159532158372794,
      1.0192644329071616,
      -0.3611912462916188,
      1.5736655238892332,
      0.006796163059437185,
      -0.01612272725567466,
      -0.6901180749231193,
      -0.7149585279767396,
      0.27216346576406586,
      -0.27048962651942215,
      -0.31098557613730327,
      0.10569450961268041,
      -0.1190239737681977,
      -0.06474083380318707,
      0.6194015514253566,
      0.11843345294763899,
      0.9185832594945138,
      -0.1172810916687839,
      -0.6221318509516992,
      -1.5144961516632212,
      -0.21665505824442075,
      -0.30696054187594685,
      -0.33865265208753226,
      -0.41517788842536235,
      1.5720439271666704,
      -0.6569583478148877,
      0.766235460164829,
      0.13823737232913585,
      -0.45035024278190483,
      0.14683152856106316
    ]
  },
  "metrics_series": {
    "mse_train_noise": 0.019268069867485596,
    "mse_train_recovered": 0.01848509693405924,
    "delta_train_pct": 4.063577404541208,
    "mse_test_noise": 0.018957942152927745,
    "mse_test_recovered": 0.017915692435185534,
    "delta_test_pct": 5.497694366480877
  }
}