{
  "schema": {
    "name": "half_qae_bundle",
    "version": "1.0"
  },
  "timestamp": "2025-09-14 14:46:13",
  "dataset": {
    "id": "mackey_glass_tau17_n200",
    "scale_low": 0.2,
    "scale_high": 0.8,
    "window_size": 4,
    "window_step": 2,
    "split": 0.75
  },
  "run": {
    "instance_id": 1,
    "layer": 3,
    "sigma_eval": 0.2,
    "test_seed_fixed": 99123
  },
  "environment": {
    "device": "default.qubit",
    "reset_mode": "swap"
  },
  "architecture": {
    "n_qubits": 4,
    "n_latent": 2,
    "n_trash": 2
  },
  "parameters": {
    "phi": [
      1.5200695489012714,
      0.0778699552189789,
      -0.015446339617982653,
      -0.5061519287547585,
      0.1097516419000594,
      0.2852836628997506,
      0.7727980357900284,
      0.6451358796270837,
      -1.149249273267472,
      0.39119825623995264,
      0.04893462537169902,
      -1.5145776127713286,
      -0.08295036213365353,
      1.344963001672491,
      0.5224684049179488,
      -0.8085556329157749,
      -1.0960918670653643,
      -0.3621025614668861,
      1.297927655275225,
      0.4270199608993809,
      -0.008557518413756305,
      -0.29010289420358476,
      -0.6183915750033144,
      -0.14456714817091104,
      -0.0010103941448712382,
      0.04180176093732311,
      -0.07772435812396485,
      -0.24234329397485527,
      0.4145606652684013,
      -0.5854733078258167,
      -0.4112814371832136,
      -1.0594806668859076,
      0.07114018814592393,
      -0.00249952232878269,
      -0.021826680800043602,
      -0.04339401092201549
    ],
    "psi": [
      1.4687328451215473,
      0.0504490065164286,
      -0.04903101493718282,
      -0.44095609147047554,
      0.1197568668790227,
      0.367415401661754,
      0.7804275939277506,
      0.5828024239634656,
      -1.1344084551952542,
      0.3251521546081251,
      0.028613745464851306,
      -1.5297735957430614,
      -0.08809412957708683,
      1.3256358914532664,
      0.5973877114006921,
      -0.8132676707812537,
      -1.1117408706163132,
      -0.3782786728674812,
      1.2601258066411252,
      0.48571314737519394,
      -0.04870411798051483,
      -0.2265846981587945,
      -0.5773680507031674,
      -0.1313444475159589,
      -0.012182723243227106,
      0.025504582066892063,
      -0.03497685370486488,
      -0.25871438465061014,
      0.3244018098857404,
      -0.5768848712921236,
      -0.3970749759737904,
      -1.1539318351859753,
      0.016191539849266266,
      -0.005416989693374155,
      -0.012338423435317407,
      -0.08565413852531241
    ]
  },
  "metrics_series": {
    "mse_train_noise": 0.019268069867485596,
    "mse_train_recovered": 0.014683154391256599,
    "delta_train_pct": 23.795406118834617,
    "mse_test_noise": 0.018957942152927745,
    "mse_test_recovered": 0.014625710140089655,
    "delta_test_pct": 22.851805211195074
  }
}