{
  "schema": {
    "name": "half_qae_bundle",
    "version": "1.0"
  },
  "timestamp": "2025-09-23 06:19:58",
  "dataset": {
    "id": "mackey_glass_tau30_n200",
    "scale_low": 0.2,
    "scale_high": 0.8,
    "window_size": 6,
    "window_step": 2,
    "split": 0.75
  },
  "run": {
    "instance_id": 2,
    "layer": 1,
    "sigma_eval": 0.2,
    "test_seed_fixed": 99123
  },
  "environment": {
    "device": "default.qubit",
    "reset_mode": "none"
  },
  "architecture": {
    "n_qubits": 6,
    "n_latent": 2,
    "n_trash": 4
  },
  "parameters": {
    "phi": [
      0.20084340197491052,
      -0.16309720416927578,
      0.0651340789981161,
      -0.6779230095960406,
      -0.1477302434713647,
      0.032565624088217594,
      1.4378173333470443,
      -0.020251454709627338,
      0.15636541168934504,
      1.1992226685891658,
      0.08042199658665501,
      -0.19580839178351514,
      0.5512766337532579,
      -0.3459582784912871,
      0.2054725991354067,
      -0.7991880863984648,
      0.39079086624243503,
      0.37244256802046405
    ],
    "psi": [
      0.019499626850605124,
      -0.05622420542530029,
      0.0238252955062696,
      -0.051501882982659314,
      -0.045235266682322264,
      0.015518460256002946,
      0.035962814772823926,
      -0.006283545020857897,
      0.0738604273565892,
      0.00974031515352316,
      -0.07106855569050947,
      -0.06136759060037474,
      0.021945195689423682,
      0.01879511739554966,
      0.033126582545058854,
      -0.0408216217393036,
      -0.022327949268506318,
      0.06058712785256781
    ]
  },
  "metrics_series": {
    "mse_train_noise": 0.019067164300121137,
    "mse_train_recovered": 0.024316905048611438,
    "delta_train_pct": -27.532886725358253,
    "mse_test_noise": 0.01895794215292774,
    "mse_test_recovered": 0.023216722262791478,
    "delta_test_pct": -22.464358607645842
  }
}