{
  "schema": {
    "name": "half_qae_bundle",
    "version": "1.0"
  },
  "timestamp": "2025-09-23 06:20:04",
  "dataset": {
    "id": "mackey_glass_tau30_n200",
    "scale_low": 0.2,
    "scale_high": 0.8,
    "window_size": 6,
    "window_step": 2,
    "split": 0.75
  },
  "run": {
    "instance_id": 4,
    "layer": 1,
    "sigma_eval": 0.2,
    "test_seed_fixed": 99123
  },
  "environment": {
    "device": "default.qubit",
    "reset_mode": "none"
  },
  "architecture": {
    "n_qubits": 6,
    "n_latent": 2,
    "n_trash": 4
  },
  "parameters": {
    "phi": [
      -1.004454245877626,
      -0.8932135637665102,
      -0.14721197352717694,
      0.44959719550837174,
      -0.17893166206415395,
      1.0154399046269202,
      0.23544512955233127,
      -0.1469723444819097,
      0.03170548538866228,
      0.33480881389345946,
      0.2030879313261363,
      -0.06280149339319338,
      0.36817648769701433,
      -0.37226531125959467,
      0.13872248180179816,
      0.10698859504955277,
      0.5322320915391762,
      -0.05860362501009659
    ],
    "psi": [
      -0.13176527931438542,
      -0.12745918956512817,
      0.024455515969607856,
      0.030445110695821762,
      -0.05752723739136441,
      0.10669979329447209,
      0.07580653702841461,
      -0.027153143809116615,
      -0.022788337141414747,
      -0.04307130416990558,
      0.0804733823039191,
      -0.05628706735495693,
      0.023305939740485376,
      -0.01240033307454731,
      0.015545057713974832,
      0.060013887844982926,
      -0.002315320435877283,
      0.02855860922058199
    ]
  },
  "metrics_series": {
    "mse_train_noise": 0.019067164300121137,
    "mse_train_recovered": 0.024924846421308832,
    "delta_train_pct": -30.721307211636507,
    "mse_test_noise": 0.01895794215292774,
    "mse_test_recovered": 0.025801152180692892,
    "delta_test_pct": -36.096797703902354
  }
}