{
  "schema": {
    "name": "half_qae_bundle",
    "version": "1.0"
  },
  "timestamp": "2025-09-23 06:20:07",
  "dataset": {
    "id": "mackey_glass_tau30_n200",
    "scale_low": 0.2,
    "scale_high": 0.8,
    "window_size": 6,
    "window_step": 2,
    "split": 0.75
  },
  "run": {
    "instance_id": 5,
    "layer": 1,
    "sigma_eval": 0.2,
    "test_seed_fixed": 99123
  },
  "environment": {
    "device": "default.qubit",
    "reset_mode": "none"
  },
  "architecture": {
    "n_qubits": 6,
    "n_latent": 2,
    "n_trash": 4
  },
  "parameters": {
    "phi": [
      -0.35442672349837084,
      -0.24201253065850417,
      0.057291626432049596,
      0.1960821411016087,
      -0.46147026561049465,
      -0.27653964137186293,
      -0.8259906964661123,
      -0.1034705155328429,
      -0.11173303208777999,
      -0.242796666493806,
      0.20362555569579255,
      0.050357303256456154,
      -0.7631310204143608,
      -0.2955757849941841,
      -0.2700294867702703,
      -1.0272513820774196,
      0.2985154013587524,
      0.4491904253981894
    ],
    "psi": [
      0.0027139416321036816,
      -0.06371939253414298,
      0.0070474691486749836,
      0.01563008383083354,
      -0.0824366698769277,
      -0.013302955431377828,
      -0.15029394249687872,
      -0.07110680678461619,
      0.03025659810330074,
      -0.046030598694943,
      -0.00013985508906057053,
      0.0037415503918575913,
      -0.027986296687183825,
      -1.9408988157241476e-05,
      -0.07677516404686978,
      0.002604553524480964,
      -0.04502315130327742,
      0.02755571677209281
    ]
  },
  "metrics_series": {
    "mse_train_noise": 0.019067164300121137,
    "mse_train_recovered": 0.024868850895820235,
    "delta_train_pct": -30.427632050468233,
    "mse_test_noise": 0.01895794215292774,
    "mse_test_recovered": 0.02504432161880301,
    "delta_test_pct": -32.104642037507915
  }
}