{
  "schema": {
    "name": "half_qae_bundle",
    "version": "1.0"
  },
  "timestamp": "2025-09-14 14:45:47",
  "dataset": {
    "id": "mackey_glass_tau17_n200",
    "scale_low": 0.2,
    "scale_high": 0.8,
    "window_size": 6,
    "window_step": 2,
    "split": 0.75
  },
  "run": {
    "instance_id": 2,
    "layer": 3,
    "sigma_eval": 0.2,
    "test_seed_fixed": 99123
  },
  "environment": {
    "device": "default.qubit",
    "reset_mode": "swap"
  },
  "architecture": {
    "n_qubits": 6,
    "n_latent": 4,
    "n_trash": 2
  },
  "parameters": {
    "phi": [
      0.40399702928452863,
      -0.6829612280546526,
      -0.4548379735663019,
      -1.5003561131865202,
      -1.5034975837315898,
      -0.16454992113213027,
      -0.9167463797953587,
      1.131776022026647,
      1.980613434129115,
      -0.8242692364478431,
      -0.17572578412508633,
      -1.3958374878406674,
      -0.1578035672550015,
      -0.24440706665759795,
      1.6115403528188443,
      -0.3989160462263732,
      0.8018638238454378,
      0.18509101392173216,
      -0.29865230014833466,
      -0.001432316793119023,
      0.008967846385312794,
      -0.29720508345112423,
      -0.06910940600400763,
      -0.11231659997850679,
      -0.2345206826236662,
      -0.023044318079958086,
      -1.2410262803484484,
      0.4336807642691724,
      -1.280658526177276,
      -0.5720212811897869,
      -0.18651721765531712,
      0.03604040046645829,
      0.030452038105217516,
      -0.15036286408201077,
      -0.005050863812025625,
      0.6922965751379788,
      0.9059714013232494,
      -1.5382609113881207,
      -0.07153468959962998,
      1.5403762978877074,
      0.030785107692599845,
      -0.10641668028571057,
      -1.6061833383201445,
      1.5493506769308072,
      0.42279902972296834,
      0.014463318576659431,
      0.03985873899649975,
      0.6544750143195236,
      1.5993756036123647,
      -0.9697958534913832,
      0.044414923827133884,
      -0.055389835351422376,
      0.026840483866538825,
      0.5312839840563977
    ],
    "psi": [
      0.3595316852993792,
      -0.7010677609064613,
      -0.4700920839721608,
      -1.4966062460188725,
      -1.5153597065629387,
      -0.22529064374214933,
      -0.9725765153570131,
      1.143748864368476,
      1.9641142562472491,
      -0.80437355219118,
      -0.2076500794947089,
      -1.423829502268044,
      -0.23137566646101007,
      -0.21394171986242166,
      1.5927910015412656,
      -0.41208271550124975,
      0.7769565078401826,
      0.16188657300035847,
      -0.2855855950700121,
      0.022780301883481797,
      -0.01156886076828158,
      -0.2911109011480041,
      -0.05348104749093712,
      -0.09371875341766095,
      -0.22903466478882703,
      -0.023062774399026518,
      -1.2196359553740608,
      0.43970308726327423,
      -1.305101916018465,
      -0.5770596948802965,
      -0.15927970879916933,
      -0.008140854109879418,
      -0.011998270343929716,
      -0.19873155740100262,
      -0.06117562077069524,
      0.7052490284814168,
      0.86951736884033,
      -1.5802117162913918,
      -0.1485115463009013,
      1.4482473976033428,
      0.05652857535985246,
      -0.1311224885058959,
      -1.6203240383619895,
      1.6034735123412347,
      0.42227474123590486,
      0.0021645922203307345,
      0.02543229509443429,
      0.7060659789753969,
      1.5967743341535305,
      -0.9408096468039782,
      0.057471452681592775,
      -0.04076420967022418,
      0.10583692979861363,
      0.559437992951087
    ]
  },
  "metrics_series": {
    "mse_train_noise": 0.019067164300121137,
    "mse_train_recovered": 0.015604414395989563,
    "delta_train_pct": 18.160801730279186,
    "mse_test_noise": 0.018957942152927745,
    "mse_test_recovered": 0.01550115364339959,
    "delta_test_pct": 18.23398595503315
  }
}