{
  "schema": {
    "name": "half_qae_bundle",
    "version": "1.0"
  },
  "timestamp": "2025-09-14 14:45:49",
  "dataset": {
    "id": "mackey_glass_tau17_n200",
    "scale_low": 0.2,
    "scale_high": 0.8,
    "window_size": 6,
    "window_step": 2,
    "split": 0.75
  },
  "run": {
    "instance_id": 3,
    "layer": 3,
    "sigma_eval": 0.2,
    "test_seed_fixed": 99123
  },
  "environment": {
    "device": "default.qubit",
    "reset_mode": "swap"
  },
  "architecture": {
    "n_qubits": 6,
    "n_latent": 4,
    "n_trash": 2
  },
  "parameters": {
    "phi": [
      1.4461194184493609,
      0.039596164512598196,
      1.4447824118703176,
      -0.1318611693174133,
      -0.1420889337034224,
      1.4945610224178276,
      -0.3119479172972821,
      1.0743373931824822,
      -0.8080441983346783,
      0.5301140855243495,
      -0.72722959803331,
      -0.37393350059332925,
      -1.3957887644716447,
      -0.758821223312611,
      -0.9897858679082733,
      -0.5597355957377601,
      0.11173403365788756,
      -0.004249900636493182,
      0.5348391443426611,
      0.008119565306682133,
      0.39865901276900656,
      1.5543065250387986,
      -0.6770405175118496,
      -0.10852297370522124,
      -1.3497963972688076,
      -0.08839868270296547,
      -0.007716260360065762,
      0.626770315341258,
      0.027181260899635566,
      -1.6055796426957119,
      1.5861982018199945,
      0.00025466543695483283,
      -0.015534230668492112,
      1.6205031865277166,
      0.008857639917505156,
      0.5507009077347488,
      -0.007046645783699404,
      -0.010274939766814685,
      0.3144577245633037,
      0.3027564924738606,
      1.573598680971429,
      0.01636005303869888,
      0.006285795242661816,
      -0.027499727446672444,
      -0.7617639362338987,
      1.5883354186155905,
      -0.017510846194477042,
      0.2953366515932927,
      -0.03622613480478493,
      -0.006919116819743371,
      -0.40414225055145886,
      -0.021094515559319675,
      0.04564384086765117,
      0.4161445960518128
    ],
    "psi": [
      1.414776826285338,
      0.03355277255150192,
      1.4448980630734296,
      -0.08270359128724113,
      -0.10180420504879496,
      1.5156787849023938,
      -0.33889951359480525,
      1.126743228140853,
      -0.7669928192381392,
      0.49618503360735416,
      -0.815360968515216,
      -0.29265775643178976,
      -1.4754449202903952,
      -0.7956969690291512,
      -0.9577093701860764,
      -0.6006274286125766,
      0.12107351642898027,
      0.04628752479640617,
      0.5047781619896796,
      -0.03638860871466154,
      0.3334407850821709,
      1.5435213581683214,
      -0.6834485949652529,
      -0.09895897544240687,
      -1.3672483803529805,
      -0.0897964998185003,
      -0.052861006656130284,
      0.6496948330842333,
      0.10231048988416376,
      -1.536502507301571,
      1.5484518411045043,
      -0.005388588285276433,
      0.011416102191048803,
      1.5983112632519716,
      -0.020481872979609655,
      0.611116060489675,
      -0.008970900132221595,
      0.025911274951291908,
      0.34857026306714733,
      0.30568631688012743,
      1.517810351024572,
      0.10541757924900325,
      0.001891845733223066,
      -0.042068261677723345,
      -0.7464313266991242,
      1.5959165160836455,
      0.08029785147225872,
      0.3671351738536369,
      -0.009748017528821767,
      -0.02211451938644083,
      -0.3845756012843062,
      0.056914988625402,
      0.07004225426074961,
      0.4496817064454522
    ]
  },
  "metrics_series": {
    "mse_train_noise": 0.019067164300121137,
    "mse_train_recovered": 0.0148322689824852,
    "delta_train_pct": 22.210409744090953,
    "mse_test_noise": 0.018957942152927745,
    "mse_test_recovered": 0.015887323536167085,
    "delta_test_pct": 16.19700383085331
  }
}