{
  "schema": {
    "name": "half_qae_bundle",
    "version": "1.0"
  },
  "timestamp": "2025-09-14 14:45:54",
  "dataset": {
    "id": "mackey_glass_tau17_n200",
    "scale_low": 0.2,
    "scale_high": 0.8,
    "window_size": 6,
    "window_step": 2,
    "split": 0.75
  },
  "run": {
    "instance_id": 5,
    "layer": 3,
    "sigma_eval": 0.2,
    "test_seed_fixed": 99123
  },
  "environment": {
    "device": "default.qubit",
    "reset_mode": "swap"
  },
  "architecture": {
    "n_qubits": 6,
    "n_latent": 4,
    "n_trash": 2
  },
  "parameters": {
    "phi": [
      -1.230500469819352,
      -1.5775976451955087,
      -0.15245985024641487,
      0.24299564923358036,
      0.5100426965172815,
      -0.12684847264763074,
      -0.6758246497253493,
      0.012012597182395304,
      -0.11378988142934714,
      -0.7330966565682591,
      0.1190830150582093,
      -0.5160988138188174,
      0.6250663031212601,
      -0.17185893517703715,
      -0.06294861625514182,
      0.7418445314656023,
      -0.3774668187577124,
      -0.27019038294517694,
      -0.4013865021760933,
      -1.0624484483093835,
      0.3129500437182161,
      0.13957710589067523,
      -0.7667970045862196,
      -0.053654371243513646,
      0.43472850896161536,
      0.7397325802701539,
      0.119811242323872,
      -0.1197158123001809,
      -0.7110383739877215,
      0.8068488776765418,
      0.3832686510397948,
      0.3135051641562503,
      0.29646511948542964,
      0.22049078185501345,
      -1.0943392308149325,
      -0.17017381349720692,
      0.8567014655805025,
      -1.5038117625809229,
      -0.5523501387683356,
      0.938236736731897,
      -1.3020444694947966,
      0.9354605094869942,
      0.8377042946700448,
      1.4433571680355304,
      0.4220162939736662,
      -0.1562553138857482,
      1.4594624507807399,
      -0.0029969203091911156,
      -0.887693424598748,
      -1.32042624151828,
      0.7194920593371815,
      -0.09862868822620298,
      -1.5000529332920924,
      0.1166281022859669
    ],
    "psi": [
      -1.2719482321500608,
      -1.5959729104165084,
      -0.09565805241937266,
      0.2490443324452223,
      0.5097076670537358,
      -0.09723578590301403,
      -0.6646756773838667,
      0.03681693191035188,
      -0.1258024281560835,
      -0.6428258629254855,
      0.18438300041146463,
      -0.5227359721148193,
      0.5616493543797488,
      -0.08641506851787939,
      -0.0587431409495067,
      0.743436492056483,
      -0.36276413210834824,
      -0.29935872774824973,
      -0.30833351400537345,
      -1.1143847709173464,
      0.2974601055028219,
      0.12623586041662035,
      -0.7706782524413494,
      -0.018863106901552202,
      0.42382736194509807,
      0.8206895502335074,
      0.10056245096660711,
      -0.21051116748431417,
      -0.7898142409891473,
      0.7786571539364497,
      0.4601069587403045,
      0.3300201643632879,
      0.21236191181171934,
      0.2872584174552331,
      -1.1504938632526387,
      -0.2553585431897016,
      0.9796892594831825,
      -1.4808569351702239,
      -0.6922645298537675,
      0.9640113322184845,
      -1.3358277274744597,
      0.96607067434513,
      0.8685038004735625,
      1.3939605157996968,
      0.31148038174560544,
      -0.2031237074020661,
      1.4415666622014898,
      0.057275497667121894,
      -0.8669408085456553,
      -1.3258904479916187,
      0.7355481356809287,
      -0.05102663903714317,
      -1.4888306550584054,
      0.15295696899521533
    ]
  },
  "metrics_series": {
    "mse_train_noise": 0.019067164300121137,
    "mse_train_recovered": 0.01313157141215881,
    "delta_train_pct": 31.129919449661514,
    "mse_test_noise": 0.018957942152927745,
    "mse_test_recovered": 0.01455407513255983,
    "delta_test_pct": 23.22966799267192
  }
}