{
  "schema": {
    "name": "half_qae_bundle",
    "version": "1.0"
  },
  "timestamp": "2025-09-14 14:45:52",
  "dataset": {
    "id": "mackey_glass_tau17_n200",
    "scale_low": 0.2,
    "scale_high": 0.8,
    "window_size": 6,
    "window_step": 2,
    "split": 0.75
  },
  "run": {
    "instance_id": 4,
    "layer": 3,
    "sigma_eval": 0.2,
    "test_seed_fixed": 99123
  },
  "environment": {
    "device": "default.qubit",
    "reset_mode": "swap"
  },
  "architecture": {
    "n_qubits": 6,
    "n_latent": 4,
    "n_trash": 2
  },
  "parameters": {
    "phi": [
      -0.6554358988605437,
      -1.7841891624849817,
      0.20995699468873089,
      0.589250827583287,
      -1.3724673569115255,
      0.2952598826292168,
      0.9550858043863448,
      -0.6344263683454436,
      -0.37265757341532824,
      0.03878280016432176,
      1.576574852961408,
      -1.41272344971499,
      0.25227713230157706,
      -0.46293653712717614,
      -0.09388119331303546,
      -0.5072562853264627,
      -0.24656526971116335,
      0.11002048191611945,
      -0.4400425093049978,
      -1.0621696004823051,
      0.3674190213850602,
      -0.2889111373913594,
      0.9763849416932483,
      -0.6352025407250781,
      -0.6281045628685217,
      -0.5421203195024388,
      -1.1248950982048753,
      -0.553265404713275,
      -0.8471920444240664,
      0.49461421573794434,
      -0.5904593635050084,
      0.40116736270093717,
      -0.19895004480622663,
      -0.4356820905412957,
      -1.051277058106701,
      0.3769768409332682,
      1.0935663463492706,
      -1.4709764524806554,
      -0.4178189312172783,
      -0.3619636500958627,
      -1.0309559362371756,
      1.1465538202273358,
      0.2075694039449279,
      -1.133995009675472,
      0.362043106167128,
      -1.5177336850024843,
      -1.3809872483867682,
      -0.137983181864699,
      -0.5294194808237518,
      -1.460827548136615,
      -0.5911702220002423,
      -1.1555836774167498,
      -1.5120534532502357,
      -1.549390463463273
    ],
    "psi": [
      -0.5856459271936282,
      -1.7757691624323166,
      0.22985739096667185,
      0.5524138259816538,
      -1.3723305569459854,
      0.27013251754895495,
      0.9618643855687199,
      -0.6074250286950869,
      -0.4474587319724205,
      0.03303086785064343,
      1.6397803052010596,
      -1.343379531513823,
      0.2576187497738172,
      -0.4420154285540965,
      -0.03901460208097718,
      -0.5368957879048465,
      -0.26139441469837055,
      0.09596959674489391,
      -0.422890158244387,
      -1.0451852316244934,
      0.2907805475027754,
      -0.2401060213835116,
      0.9736584112013127,
      -0.5876811818515374,
      -0.6048422447895191,
      -0.5394535284399654,
      -1.1495692384922327,
      -0.6071879761905411,
      -0.8630007687715182,
      0.4791511884998965,
      -0.6441892731942523,
      0.46245646262887047,
      -0.16744435492723692,
      -0.40392206366054334,
      -1.06248573148015,
      0.4910628074310164,
      1.094311148882525,
      -1.4686999900275528,
      -0.452053564649107,
      -0.34516114712944074,
      -1.0865844938753464,
      1.23617349919025,
      0.2677738037022225,
      -1.1894408181737743,
      0.29505870083917807,
      -1.4979629958374647,
      -1.3571994447647684,
      -0.16930404390397494,
      -0.5439393659902124,
      -1.4365889853744471,
      -0.5627649053275362,
      -1.042898345020904,
      -1.546332481216144,
      -1.523499370018018
    ]
  },
  "metrics_series": {
    "mse_train_noise": 0.019067164300121137,
    "mse_train_recovered": 0.013293569173138649,
    "delta_train_pct": 30.280303017821097,
    "mse_test_noise": 0.018957942152927745,
    "mse_test_recovered": 0.01373408898362092,
    "delta_test_pct": 27.554958904123914
  }
}