{
  "schema": {
    "name": "half_qae_bundle",
    "version": "1.0"
  },
  "timestamp": "2025-09-14 14:45:44",
  "dataset": {
    "id": "mackey_glass_tau17_n200",
    "scale_low": 0.2,
    "scale_high": 0.8,
    "window_size": 6,
    "window_step": 2,
    "split": 0.75
  },
  "run": {
    "instance_id": 1,
    "layer": 3,
    "sigma_eval": 0.2,
    "test_seed_fixed": 99123
  },
  "environment": {
    "device": "default.qubit",
    "reset_mode": "swap"
  },
  "architecture": {
    "n_qubits": 6,
    "n_latent": 4,
    "n_trash": 2
  },
  "parameters": {
    "phi": [
      0.8186891387469846,
      -0.3151944960358431,
      -1.2277450920949253,
      -0.17133237587404845,
      0.25568686046878786,
      -1.4308673000918397,
      -0.10971641881461607,
      -1.3578291028304943,
      -1.4520633129919462,
      0.35095843317664094,
      -1.0205218721414737,
      -0.3206796625220038,
      0.01824403804703353,
      -0.9344372003272983,
      1.5565029840105615,
      0.2667405516717546,
      -0.8397039167643332,
      -0.20600827738671418,
      0.27032395926579295,
      -0.02760459969895284,
      0.11099774434531859,
      -1.4567190392473741,
      -0.7238287663977677,
      -0.040393478540878755,
      -0.19136603751601738,
      1.5790707021421908,
      0.2589645299480924,
      -1.0752726770837566,
      0.014688833983234742,
      0.0203577889457986,
      -0.863576755901137,
      0.03457148764172881,
      0.021300235048050863,
      -1.129527343221571,
      -0.015487777602727498,
      0.08349978641581442,
      -0.37504153127579887,
      -0.018904042905689578,
      0.7106165139037328,
      1.3599920241607744,
      -0.001267987145096857,
      0.2699456602649511,
      -0.032393912948746634,
      -0.03043099573260283,
      -0.33999274752888636,
      0.07514910606192708,
      1.536112866634714,
      0.08588831759731666,
      -0.0024613892504402775,
      -0.04101454843578992,
      -0.20406587967811102,
      -0.023596911537361955,
      0.2109912569464444,
      -0.19447002641173897
    ],
    "psi": [
      0.8048851833013559,
      -0.2942005880573024,
      -1.2930748588772303,
      -0.1486365817334676,
      0.25488234504279067,
      -1.3637113048479943,
      -0.1448078024213723,
      -1.421408450381353,
      -1.4169173890490212,
      0.3174410680920839,
      -1.0416514334832696,
      -0.30934666214530054,
      -0.017297115509006408,
      -1.0239939995142466,
      1.6266072006824255,
      0.289954418779602,
      -0.8544474845043643,
      -0.23094715345401054,
      0.23883390210300115,
      0.03881417877502353,
      0.03778706986046705,
      -1.4108479099383524,
      -0.7433796295791086,
      -0.039333167773747214,
      -0.17196509599736715,
      1.5956758832916187,
      0.274850578789276,
      -1.106903044346933,
      -0.03777665994864547,
      0.036428906912144614,
      -0.8853352795522988,
      -0.02624743018665384,
      -0.04528437663630312,
      -1.166858160381844,
      0.011517159541799849,
      0.06908404511063998,
      -0.39368403706550636,
      0.026612606334615742,
      0.7191684197009761,
      1.3905231938853113,
      0.02888786201338302,
      0.28730702658208973,
      -0.02119352511984114,
      -0.02491510078690329,
      -0.3426523259042936,
      0.16623607003211932,
      1.6029382503322402,
      0.03913908668313099,
      -0.004896861588341758,
      -0.031459665912774944,
      -0.22394199890268643,
      -0.02353175411037928,
      0.18252717113555755,
      -0.24953997043592163
    ]
  },
  "metrics_series": {
    "mse_train_noise": 0.019067164300121137,
    "mse_train_recovered": 0.013672296934389828,
    "delta_train_pct": 28.29402044695778,
    "mse_test_noise": 0.018957942152927745,
    "mse_test_recovered": 0.014594223151903212,
    "delta_test_pct": 23.017893850628866
  }
}