{
  "schema": {
    "name": "full_qae_bundle",
    "version": "1.0"
  },
  "timestamp": "2025-09-08 11:59:10",
  "dataset": {
    "id": "MG_bench",
    "scale_low": 0.2,
    "scale_high": 0.8,
    "window_size": 6,
    "window_stride": 1
  },
  "run": {
    "tag": "inst1_L3",
    "instance_id": 1,
    "seed": 10023,
    "sigma_train": 0.1,
    "sigma_eval": 0.1
  },
  "architecture": {
    "n_qubits": 6,
    "n_layers": 3,
    "n_latent": 2,
    "n_trash": 4,
    "latent_wires": [
      0,
      1
    ],
    "trash_wires": [
      2,
      3,
      4,
      5
    ],
    "decoder_mode": "adjoint_encoder"
  },
  "training": {
    "stage1": {
      "lr_init": 0.0,
      "max_epochs": 0,
      "patience": 0,
      "lr_patience": 0,
      "best_val": NaN,
      "final_val": NaN,
      "best_epoch": -1,
      "epochs": 0,
      "train_curve": [],
      "val_curve": [],
      "lr_curve": [],
      "train_seconds": NaN
    },
    "stage3": {
      "lr_init": 0.5,
      "max_epochs": 120,
      "patience": 0,
      "plateau_steps": 0,
      "plateau_factor": 1.0,
      "best_val_mse": 0.006627138778424258,
      "final_val_mse": 0.009934328327176055,
      "best_epoch": 78,
      "epochs": 120,
      "train_curve": [
        0.08897363955930333,
        0.18204998912306392,
        0.11726791957846003,
        0.017628627891673684,
        0.05536700195400855,
        0.04157673643340514,
        0.03306763409686598,
        0.029783718922644014,
        0.026198645944353754,
        0.021923966078000207,
        0.023571017989854053,
        0.02135053065949192,
        0.020598161827206876,
        0.02114830263634017,
        0.01925795725108312,
        0.015585321280672823,
        0.014050728019591452,
        0.014453787135494188,
        0.01399258157834569,
        0.014143976189165864,
        0.013521678908088254,
        0.01373505648673948,
        0.01346785315112452,
        0.013851439780415515,
        0.013153794080697822,
        0.012781672210348444,
        0.012190693371786349,
        0.011975858080848173,
        0.011671857867803288,
        0.011008776026168744,
        0.01049006292955227,
        0.010539148523497762,
        0.01049010303680243,
        0.010486699579831048,
        0.010243335567564432,
        0.009899047351406315,
        0.009519311277304281,
        0.009319645466868039,
        0.008795487155056821,
        0.008698063664599973,
        0.008567738994362063,
        0.008457963701680763,
        0.008546519746237814,
        0.007964701001246948,
        0.007874866118262405,
        0.008880300877789175,
        0.011874588517244817,
        0.009506676293591563,
        0.010400303981562038,
        0.009441039803943055,
        0.009356705007960469,
        0.009437239260568346,
        0.01107472967197622,
        0.009785531776279133,
        0.01028538713461613,
        0.009741233080219198,
        0.011723251872641522,
        0.009396933231262694,
        0.009298871150688314,
        0.008557206570915918,
        0.008552037659956482,
        0.008423163223495088,
        0.009052644452151645,
        0.009493153727416477,
        0.008162854331440294,
        0.00808015154884088,
        0.008471166275337566,
        0.00793647927998819,
        0.007746860662933566,
        0.009350970160448672,
        0.009201835418997772,
        0.007227850858932224,
        0.007784322656632781,
        0.008552059999600873,
        0.006981441773483182,
        0.0072096250058730545,
        0.007790456756143529,
        0.007367937985536179,
        0.006627138778424258,
        0.007504657206822181,
        0.008984974332226416,
        0.007945240765040697,
        0.00887328358465451,
        0.00756409247078185,
        0.007476041056235478,
        0.007592136598438182,
        0.007073400764770979,
        0.006983888772938572,
        0.007591425421563169,
        0.006719188088975549,
        0.006664000402086082,
        0.00737160820150289,
        0.00773225855769243,
        0.007522390283341511,
        0.00815641767278289,
        0.007574842541329323,
        0.014772066768290657,
        0.025286696366799463,
        0.014795282773496727,
        0.01679408276904746,
        0.012946080059723948,
        0.010733498932326927,
        0.014433651776419826,
        0.013429303191584554,
        0.012374078664791722,
        0.014260678002884275,
        0.012868569108745481,
        0.012492735249931374,
        0.013234336461554868,
        0.012008381266944323,
        0.010981655776952934,
        0.011133502072696585,
        0.011278351800605178,
        0.010598308402276522,
        0.010474956634103763,
        0.010060478862624409,
        0.010396245992047077,
        0.009850369113955126,
        0.009909903515667088,
        0.009934328327176055
      ],