{
  "schema": {
    "name": "full_qae_bundle",
    "version": "1.0"
  },
  "timestamp": "2025-09-08 12:27:42",
  "dataset": {
    "id": "MG_bench",
    "scale_low": 0.2,
    "scale_high": 0.8,
    "window_size": 6,
    "window_stride": 1
  },
  "run": {
    "tag": "inst5_L3",
    "instance_id": 5,
    "seed": 10027,
    "sigma_train": 0.1,
    "sigma_eval": 0.1
  },
  "architecture": {
    "n_qubits": 6,
    "n_layers": 3,
    "n_latent": 2,
    "n_trash": 4,
    "latent_wires": [
      0,
      1
    ],
    "trash_wires": [
      2,
      3,
      4,
      5
    ],
    "decoder_mode": "adjoint_encoder"
  },
  "training": {
    "stage1": {
      "lr_init": 0.0,
      "max_epochs": 0,
      "patience": 0,
      "lr_patience": 0,
      "best_val": NaN,
      "final_val": NaN,
      "best_epoch": -1,
      "epochs": 0,
      "train_curve": [],
      "val_curve": [],
      "lr_curve": [],
      "train_seconds": NaN
    },
    "stage3": {
      "lr_init": 0.5,
      "max_epochs": 120,
      "patience": 0,
      "plateau_steps": 0,
      "plateau_factor": 1.0,
      "best_val_mse": 0.0065733477850683526,
      "final_val_mse": 0.00749053101577036,
      "best_epoch": 71,
      "epochs": 120,
      "train_curve": [
        0.09837633229734272,
        0.17685681823917584,
        0.06046903031386805,
        0.01880757705975378,
        0.045919674517215237,
        0.04830183470882868,
        0.015927764963814855,
        0.019076563559634586,
        0.020893597855065612,
        0.02622071639956987,
        0.020324444713994565,
        0.021691762742931674,
        0.021206087515867483,
        0.019920115928664252,
        0.020228995724087224,
        0.016030251171311592,
        0.015850245317539875,
        0.015696201992918553,
        0.01445552541584782,
        0.014762013032885511,
        0.013510219252553541,
        0.013864029332198491,
        0.013713464200077009,
        0.013568936017427386,
        0.011962101774943664,
        0.01199134041906904,
        0.011618223871538606,
        0.011347001361793674,
        0.011411419299141433,
        0.011251544325257627,
        0.01110574743958432,
        0.010464071468291395,
        0.010165087980738346,
        0.009832274357192855,
        0.010183269720534054,
        0.009447132324082293,
        0.009575429457529554,
        0.009683409213406971,
        0.008877483911884448,
        0.009772975569045614,
        0.009205691451564463,
        0.009230163487642136,
        0.010607552831771264,
        0.009123278839025502,
        0.008787939145409157,
        0.009386492002053133,
        0.008008065023534166,
        0.009415992786668837,
        0.008293088050493898,
        0.008352952864142015,
        0.008792786795435575,
        0.007867837158912342,
        0.00792349487756351,
        0.008892749868638673,
        0.008438995225034517,
        0.007438487723786252,
        0.00761843154769436,
        0.0074894565678338375,
        0.007435120839408156,
        0.007415489199243225,
        0.0076952862079714066,
        0.007306719399395915,
        0.0075230494135100755,
        0.006889383661019543,
        0.007146838106731134,
        0.006893831663218517,
        0.007303714660483646,
        0.007082569964921348,
        0.006812895411587172,
        0.006948584505356769,
        0.006848312903233468,
        0.0065733477850683526,
        0.0070901223797968345,
        0.00808140661374274,
        0.008946033536315675,
        0.010498746792083988,
        0.010342924805129746,
        0.010685585601979337,
        0.016708126663470182,
        0.016664428860309683,
        0.025159154029771934,
        0.01173100718398672,
        0.022415529792953883,
        0.032705781163555485,
        0.016858696768298286,
        0.03011409471466911,
        0.015429892757403406,
        0.020313435550795685,
        0.01146180972934947,
        0.017829693267244227,
        0.015064534510502749,
        0.011122941880775287,
        0.01925110298004553,
        0.010548535602706226,
        0.014211100289951388,
        0.012675561154519012,
        0.012188226847978798,
        0.012950414029629523,
        0.010295307449120838,
        0.012194914881618633,
        0.010041868242361886,
        0.011058943644498578,
        0.00968175368843969,
        0.0101410523701582,
        0.01009419501050442,
        0.008881701709531715,
        0.010476142908897623,
        0.00863131676072599,
        0.00916784726540452,
        0.008697872648534465,
        0.008685981530095484,
        0.009113259062956708,
        0.007986997146209568,
        0.008149194334154525,
        0.008121314967595175,
        0.007550446728814319,
        0.007608123672726553,
        0.007559663138542553,
        0.007359012478527506,
        0.00749053101577036
      ],