{
  "schema": {
    "name": "full_qae_bundle",
    "version": "1.0"
  },
  "timestamp": "2025-09-08 12:06:22",
  "dataset": {
    "id": "MG_bench",
    "scale_low": 0.2,
    "scale_high": 0.8,
    "window_size": 6,
    "window_stride": 1
  },
  "run": {
    "tag": "inst2_L3",
    "instance_id": 2,
    "seed": 10024,
    "sigma_train": 0.1,
    "sigma_eval": 0.1
  },
  "architecture": {
    "n_qubits": 6,
    "n_layers": 3,
    "n_latent": 2,
    "n_trash": 4,
    "latent_wires": [
      0,
      1
    ],
    "trash_wires": [
      2,
      3,
      4,
      5
    ],
    "decoder_mode": "adjoint_encoder"
  },
  "training": {
    "stage1": {
      "lr_init": 0.0,
      "max_epochs": 0,
      "patience": 0,
      "lr_patience": 0,
      "best_val": NaN,
      "final_val": NaN,
      "best_epoch": -1,
      "epochs": 0,
      "train_curve": [],
      "val_curve": [],
      "lr_curve": [],
      "train_seconds": NaN
    },
    "stage3": {
      "lr_init": 0.5,
      "max_epochs": 120,
      "patience": 0,
      "plateau_steps": 0,
      "plateau_factor": 1.0,
      "best_val_mse": 0.006715838496919593,
      "final_val_mse": 0.007670952702544123,
      "best_epoch": 113,
      "epochs": 120,
      "train_curve": [
        0.09957143332750397,
        0.17395313855628575,
        0.11775023443808476,
        0.03223378537161299,
        0.02119187252755786,
        0.036418172262512566,
        0.04229151166312203,
        0.018292475924099348,
        0.017898691300190558,
        0.02073879454758611,
        0.02413954255656266,
        0.019225447720247334,
        0.018293553432652133,
        0.018994192005680248,
        0.01960934936840973,
        0.020391913534537908,
        0.017845114227922853,
        0.016150299939525693,
        0.015515479434584525,
        0.013940450345696409,
        0.013154107335417874,
        0.013022426278830445,
        0.01202721315869614,
        0.01196422376365231,
        0.011393415449391608,
        0.010881937927798851,
        0.010922035351277287,
        0.011263363919184897,
        0.01175727290689311,
        0.010484517643932332,
        0.010638654458228675,
        0.009604597000742957,
        0.00965407637757474,
        0.009587566080185279,
        0.009572192742514134,
        0.009623548269738262,
        0.009095454252256451,
        0.009528059624319744,
        0.009576022447579574,
        0.008738632810490912,
        0.008492171283633674,
        0.009166686708814127,
        0.00997031518483145,
        0.009411205657311118,
        0.008400481595798948,
        0.00829401101164294,
        0.008859407155206262,
        0.010158715069728496,
        0.009882521041881791,
        0.008087302964720095,
        0.008302535683508675,
        0.009329759591899262,
        0.009567961119921631,
        0.007894480853738546,
        0.00923645473464602,
        0.010992838753005005,
        0.008881749007771611,
        0.008939341877826216,
        0.009507403812907543,
        0.009058541423658268,
        0.009400529854996452,
        0.008093786635481635,
        0.008533954064093916,
        0.008071415969992538,
        0.009162006610926306,
        0.009705334388619265,
        0.009077754525853495,
        0.00765384442263374,
        0.008491730833766977,
        0.008017680827025708,
        0.007729614559618949,
        0.00774755326024363,
        0.008082552853883923,
        0.008399892570933295,
        0.007670343070885013,
        0.007300441203756431,
        0.007241406176022249,
        0.007505214750772796,
        0.008011861743652647,
        0.008129835441566957,
        0.007741012658254763,
        0.007413864230415021,
        0.0074430161746254905,
        0.008611634568188135,
        0.008620366426886903,
        0.0089325890629172,
        0.007373327454023706,
        0.007163539934648433,
        0.0077634403235795485,
        0.007746819569353648,
        0.006961530684742589,
        0.00750213687527413,
        0.007900768112140931,
        0.006923609989373328,
        0.0070545119183587635,
        0.00784101129733975,
        0.007815922793109121,
        0.0070816796230498275,
        0.006848932569131128,
        0.006951253015938318,
        0.007260282599226247,
        0.006982560560879557,
        0.006931007328252484,
        0.006716063525378242,
        0.007204480978879456,
        0.007869062653009259,
        0.008205511856225457,
        0.007058218900707676,
        0.006845587640473126,
        0.008054042606952631,
        0.008749757585745243,
        0.00882646825826386,
        0.009609045108025962,
        0.006715838496919593,
        0.007927374314278245,
        0.007428915368012212,
        0.007264296333830784,
        0.0072896249085075415,
        0.007566261380148907,
        0.007670952702544123
      ],