{
  "schema": {
    "name": "full_qae_bundle",
    "version": "1.0"
  },
  "timestamp": "2025-09-16 14:03:39",
  "dataset": {
    "id": "mackey_glass_tau30_n200",
    "scale_low": 0.2,
    "scale_high": 0.8,
    "window_size": 4,
    "window_step": 2,
    "split": 0.75
  },
  "run": {
    "instance_id": 4,
    "layer": 1,
    "sigma_eval": 0.2,
    "test_seed_fixed": 99123
  },
  "environment": {
    "device": "default.qubit",
    "diff_method": "best",
    "reset_mode": "swap"
  },
  "architecture": {
    "n_qubits": 4,
    "n_latent": 3,
    "n_trash": 1,
    "n_extra": 0,
    "rot": "Rxyz"
  },
  "parameters": {
    "weights": [
      [
        [
          -0.34361722565856556,
          -0.7472637597892222,
          0.27642503113891337
        ],
        [
          -0.31835591428613347,
          -0.8283054322495838,
          0.1476650869380752
        ],
        [
          -0.1475884576761603,
          -1.2280598406214547,
          0.1511115982828279
        ],
        [
          -0.37407812003023583,
          -0.3340690932607238,
          0.05852561804090105
        ]
      ],
      [
        [
          0.09170614691756845,
          0.6296732297512472,
          0.08826361196147063
        ],
        [
          0.28641664509318265,
          0.6421658095858402,
          0.19651153403117724
        ],
        [
          0.2642675691478246,
          0.76497060214537,
          0.13489589923648532
        ],
        [
          0.11212425067890316,
          0.6237638710351272,
          0.2685378379915609
        ]
      ]
    ]
  },
  "metrics_series": {
    "mse_train_noise": 0.019268069867485593,
    "mse_train_recovered": 0.01118760689753205,
    "delta_train_pct": 41.93706492412679,
    "mse_test_noise": 0.018957942152927745,
    "mse_test_recovered": 0.008122056947730185,
    "delta_test_pct": 57.1574969360487
  }
}