{
  "schema": {
    "name": "full_qae_bundle",
    "version": "1.0"
  },
  "timestamp": "2025-09-16 13:49:00",
  "dataset": {
    "id": "mackey_glass_tau30_n200",
    "scale_low": 0.2,
    "scale_high": 0.8,
    "window_size": 4,
    "window_step": 2,
    "split": 0.75
  },
  "run": {
    "instance_id": 2,
    "layer": 1,
    "sigma_eval": 0.2,
    "test_seed_fixed": 99123
  },
  "environment": {
    "device": "default.qubit",
    "diff_method": "best",
    "reset_mode": "swap"
  },
  "architecture": {
    "n_qubits": 4,
    "n_latent": 3,
    "n_trash": 1,
    "n_extra": 0,
    "rot": "Rxyz"
  },
  "parameters": {
    "weights": [
      [
        [
          -0.2234356008593776,
          -0.7284115302332176,
          0.05874891830827815
        ],
        [
          -0.7012212323370652,
          -0.9297430942472908,
          0.0071534317678679385
        ],
        [
          -0.23045922141791417,
          -1.233672794353167,
          0.1924109870166358
        ],
        [
          0.31141150052465016,
          -0.33402454864801107,
          0.01471376866802758
        ]
      ],
      [
        [
          0.1598502545784087,
          -0.3824059097340203,
          0.12996277494582162
        ],
        [
          0.11737706106163982,
          0.6502665824794515,
          0.2668281408945786
        ],
        [
          0.3071499409998903,
          0.7494409460567505,
          0.06771842544122343
        ],
        [
          0.24580426649003073,
          0.4090260993286781,
          0.12351626749472185
        ]
      ]
    ]
  },
  "metrics_series": {
    "mse_train_noise": 0.019268069867485593,
    "mse_train_recovered": 0.011184663019064345,
    "delta_train_pct": 41.95234345740984,
    "mse_test_noise": 0.018957942152927745,
    "mse_test_recovered": 0.008110326859121027,
    "delta_test_pct": 57.21937120760483
  }
}