{
  "schema": {
    "name": "full_qae_bundle",
    "version": "1.0"
  },
  "timestamp": "2025-09-16 13:56:19",
  "dataset": {
    "id": "mackey_glass_tau30_n200",
    "scale_low": 0.2,
    "scale_high": 0.8,
    "window_size": 4,
    "window_step": 2,
    "split": 0.75
  },
  "run": {
    "instance_id": 3,
    "layer": 1,
    "sigma_eval": 0.2,
    "test_seed_fixed": 99123
  },
  "environment": {
    "device": "default.qubit",
    "diff_method": "best",
    "reset_mode": "swap"
  },
  "architecture": {
    "n_qubits": 4,
    "n_latent": 3,
    "n_trash": 1,
    "n_extra": 0,
    "rot": "Rxyz"
  },
  "parameters": {
    "weights": [
      [
        [
          -0.10816165670492713,
          -0.7212742049470037,
          0.17394272178779732
        ],
        [
          -0.6575678433292477,
          -0.9148123497737692,
          0.24977991284721016
        ],
        [
          0.04981902802418758,
          -1.22576062769966,
          0.23214443455825368
        ],
        [
          0.709433538733967,
          -0.40178229952073974,
          0.2966243255153557
        ]
      ],
      [
        [
          0.2708756179740087,
          0.42754211645303636,
          0.1480315053843876
        ],
        [
          0.0759356307914462,
          0.6541366990154206,
          0.13617820819342571
        ],
        [
          0.12503879961095715,
          0.7730036479570681,
          0.2988066567510582
        ],
        [
          0.13869874306482463,
          -0.5199590879308945,
          0.2774228775159102
        ]
      ]
    ]
  },
  "metrics_series": {
    "mse_train_noise": 0.019268069867485593,
    "mse_train_recovered": 0.011192829073658633,
    "delta_train_pct": 41.90996217765297,
    "mse_test_noise": 0.018957942152927745,
    "mse_test_recovered": 0.00818144470500297,
    "delta_test_pct": 56.8442363680307
  }
}