{
  "schema": {
    "name": "full_qae_bundle",
    "version": "1.0"
  },
  "timestamp": "2025-09-16 13:41:43",
  "dataset": {
    "id": "mackey_glass_tau30_n200",
    "scale_low": 0.2,
    "scale_high": 0.8,
    "window_size": 4,
    "window_step": 2,
    "split": 0.75
  },
  "run": {
    "instance_id": 1,
    "layer": 1,
    "sigma_eval": 0.2,
    "test_seed_fixed": 99123
  },
  "environment": {
    "device": "default.qubit",
    "diff_method": "best",
    "reset_mode": "swap"
  },
  "architecture": {
    "n_qubits": 4,
    "n_latent": 3,
    "n_trash": 1,
    "n_extra": 0,
    "rot": "Rxyz"
  },
  "parameters": {
    "weights": [
      [
        [
          -0.49739302619153597,
          -0.7837893241673096,
          0.27318408857625415
        ],
        [
          -0.00024200874593801857,
          -0.8045996915213471,
          0.004709711659414063
        ],
        [
          -0.11433907258988989,
          -1.228046778870454,
          0.027122650892779335
        ],
        [
          0.670203889584699,
          -0.3849628390596958,
          0.2817513315071047
        ]
      ],
      [
        [
          0.26059896765682083,
          0.6424167238623307,
          0.07792492561523157
        ],
        [
          0.2346277419807412,
          0.5729349821955155,
          0.20730638151551786
        ],
        [
          0.20707147508484325,
          0.7690110523420446,
          0.2028009818188591
        ],
        [
          0.2657974766880622,
          0.6263243408713255,
          0.022715250232774407
        ]
      ]
    ]
  },
  "metrics_series": {
    "mse_train_noise": 0.019268069867485593,
    "mse_train_recovered": 0.011184953426120163,
    "delta_train_pct": 41.950836264121584,
    "mse_test_noise": 0.018957942152927745,
    "mse_test_recovered": 0.00818199739032721,
    "delta_test_pct": 56.84132104462808
  }
}