{
  "schema": {
    "name": "full_qae_bundle",
    "version": "1.0"
  },
  "timestamp": "2025-09-16 14:11:00",
  "dataset": {
    "id": "mackey_glass_tau30_n200",
    "scale_low": 0.2,
    "scale_high": 0.8,
    "window_size": 4,
    "window_step": 2,
    "split": 0.75
  },
  "run": {
    "instance_id": 5,
    "layer": 1,
    "sigma_eval": 0.2,
    "test_seed_fixed": 99123
  },
  "environment": {
    "device": "default.qubit",
    "diff_method": "best",
    "reset_mode": "swap"
  },
  "architecture": {
    "n_qubits": 4,
    "n_latent": 3,
    "n_trash": 1,
    "n_extra": 0,
    "rot": "Rxyz"
  },
  "parameters": {
    "weights": [
      [
        [
          -0.3155387661550508,
          -0.7472813864000146,
          0.3016927181393074
        ],
        [
          0.5499906129817913,
          -0.9220436097968194,
          0.05620192989397376
        ],
        [
          0.22586542399156495,
          -1.2100752910813064,
          0.30886638205085126
        ],
        [
          -0.07497313799413152,
          -0.35372120442496546,
          0.0009781767603828865
        ]
      ],
      [
        [
          0.003253135434143314,
          -0.5096991734329025,
          0.048258048353505445
        ],
        [
          0.022095532101046682,
          -0.659234829208756,
          0.182671823365332
        ],
        [
          0.1849220452274978,
          0.7585744614767594,
          0.15697890191083416
        ],
        [
          0.011833563347993814,
          0.4787954065495676,
          0.0702440254730141
        ]
      ]
    ]
  },
  "metrics_series": {
    "mse_train_noise": 0.019268069867485593,
    "mse_train_recovered": 0.011323492406240698,
    "delta_train_pct": 41.23182817938178,
    "mse_test_noise": 0.018957942152927745,
    "mse_test_recovered": 0.008084468765234136,
    "delta_test_pct": 57.355768363363104
  }
}