{
  "schema": {
    "name": "half_qae_bundle",
    "version": "1.0"
  },
  "timestamp": "2025-09-22 05:28:40",
  "dataset": {
    "id": "mackey_glass_tau17_n200",
    "scale_low": 0.2,
    "scale_high": 0.8,
    "window_size": 6,
    "window_step": 2,
    "split": 0.75
  },
  "run": {
    "instance_id": 3,
    "layer": 1,
    "sigma_eval": 0.2,
    "test_seed_fixed": 99123
  },
  "environment": {
    "device": "default.qubit",
    "reset_mode": "none"
  },
  "architecture": {
    "n_qubits": 6,
    "n_latent": 2,
    "n_trash": 4
  },
  "parameters": {
    "phi": [
      0.4513147427838674,
      0.06013793055950204,
      0.6113810031813753,
      0.26258306077095117,
      -1.0428684507914003,
      0.13492093599866167,
      -1.1915706021191281,
      -0.04508241359895669,
      -0.10711133327731982,
      1.4608999752123875,
      0.025978350598187063,
      -0.1989710366322262,
      -0.91872082182219,
      -0.26201778164607603,
      -0.3270378470802445,
      -0.803124837958596,
      0.5024445924310923,
      0.4626473848859535
    ],
    "psi": [
      0.07088393111342098,
      -0.03428634479075515,
      0.08909279080417003,
      0.02888385234153543,
      -0.14280090953365418,
      0.004106586017617582,
      -0.08305361936617539,
      0.029966876386610677,
      0.050987787919138036,
      0.023395523529281665,
      -0.06369561496479799,
      -0.0089644501441028,
      -0.12471395406094958,
      -0.059833197598808334,
      -0.06652049636870143,
      -0.012309437743151835,
      0.00991512922384845,
      0.030487143653277014
    ]
  },
  "metrics_series": {
    "mse_train_noise": 0.019067164300121137,
    "mse_train_recovered": 0.025314787426670593,
    "delta_train_pct": -32.76639896845994,
    "mse_test_noise": 0.018957942152927745,
    "mse_test_recovered": 0.02493694725139954,
    "delta_test_pct": -31.53826006135605
  }
}