{
  "schema": {
    "name": "half_qae_bundle",
    "version": "1.0"
  },
  "timestamp": "2025-09-20 23:21:33",
  "dataset": {
    "id": "mackey_glass_tau17_n200",
    "scale_low": 0.2,
    "scale_high": 0.8,
    "window_size": 4,
    "window_step": 2,
    "split": 0.75
  },
  "run": {
    "instance_id": 1,
    "layer": 3,
    "sigma_eval": 0.2,
    "test_seed_fixed": 99123
  },
  "environment": {
    "device": "default.qubit",
    "reset_mode": "none"
  },
  "architecture": {
    "n_qubits": 4,
    "n_latent": 3,
    "n_trash": 1
  },
  "parameters": {
    "phi": [
      0.6176120788619698,
      -0.6001804046957185,
      0.1979011857089111,
      0.32625060129889233,
      -0.10532918569309345,
      -0.3747524376881747,
      0.047564721780538145,
      -0.036104820498166414,
      -0.2566497226692872,
      -0.05132948644430593,
      0.02644736568957565,
      -0.513806692369439,
      -0.5585685107908414,
      0.00097429078319801,
      0.03111840870083577,
      0.20752541624813303,
      -0.356550038832046,
      -0.07747494673734782,
      0.5105816198886909,
      1.1995172759244963,
      1.2212553509187114,
      -1.4636646292929771,
      -0.7434369351239513,
      -0.4432322450613523,
      -0.46740442063151383,
      0.03384466932360156,
      0.03528382689998272,
      -0.7121552564967599,
      0.020662940846253763,
      0.015060509967302207,
      0.13241574124709768,
      -0.6413215566827005,
      -1.5416748149964676,
      0.9749103848516125,
      0.1596652211979406,
      0.7188934459217864
    ],
    "psi": [
      0.06100045348342203,
      -0.0946756949262963,
      0.05444502951393005,
      0.04954287522178316,
      -0.0443371340423372,
      -0.018015999137423883,
      -0.021079281593130737,
      -0.042070024474193765,
      -0.05857224933702818,
      0.08294402567741262,
      0.0017129037026484746,
      -0.013388390217862171,
      -0.013281494196716395,
      0.009183594165681397,
      0.08066139599667654,
      -0.0016034066560598587,
      -0.004915708843306232,
      -0.015527417212474331,
      0.02648167668884498,
      -0.0077226335739768335,
      0.057674158057584274,
      -0.05507555897994141,
      -0.02564625677074897,
      -0.05055803377938853,
      -0.045280445827639806,
      0.018835986507644616,
      0.031451949266864614,
      -0.02325421621176523,
      -0.027973872885821222,
      -0.027166585175451414,
      0.0034541982127330663,
      -0.01911079524607103,
      -0.005186956151430152,
      -0.021654268076085444,
      -0.0047022874161343695,
      -0.0470387452970506
    ]
  },
  "metrics_series": {
    "mse_train_noise": 0.019268069867485596,
    "mse_train_recovered": 0.025439957968125995,
    "delta_train_pct": -32.03168839996429,
    "mse_test_noise": 0.018957942152927745,
    "mse_test_recovered": 0.02410274816665113,
    "delta_test_pct": -27.13799827123564
  }
}