{
  "schema": {
    "name": "half_qae_bundle",
    "version": "1.0"
  },
  "timestamp": "2025-09-20 23:21:39",
  "dataset": {
    "id": "mackey_glass_tau17_n200",
    "scale_low": 0.2,
    "scale_high": 0.8,
    "window_size": 4,
    "window_step": 2,
    "split": 0.75
  },
  "run": {
    "instance_id": 2,
    "layer": 3,
    "sigma_eval": 0.2,
    "test_seed_fixed": 99123
  },
  "environment": {
    "device": "default.qubit",
    "reset_mode": "none"
  },
  "architecture": {
    "n_qubits": 4,
    "n_latent": 3,
    "n_trash": 1
  },
  "parameters": {
    "phi": [
      0.2008434019952974,
      -0.163097204087063,
      0.0651340790339929,
      -0.6779230095895248,
      -0.14773024347282673,
      0.03256562409914079,
      0.5826338925821566,
      0.2030825181647215,
      1.0658141384282616,
      0.36606708512627795,
      -0.6088378221127837,
      -0.9181518488788761,
      0.3527994924045515,
      0.030361613420176094,
      0.014461455263302078,
      -0.3336425617000364,
      -0.20592075371368684,
      0.6058712783494423,
      0.20250488102886868,
      -0.8999232717004423,
      -1.4343035073914345,
      -0.2748384081472392,
      1.1505913334540399,
      0.8295997471312041,
      -0.10087653164143652,
      -0.01833497823486096,
      -0.02593218450422911,
      -0.1307654377630292,
      0.07485434921625066,
      0.01232314321508608,
      0.5095267876198121,
      -0.7653599150810353,
      -1.3149466397091163,
      0.7542733369903424,
      0.18173586334376063,
      -0.7198199652441933
    ],
    "psi": [
      -0.015213095546219255,
      -0.05077031324265568,
      0.04587619641596166,
      -0.09711927062155108,
      -0.051175419946643916,
      -0.020861326257511307,
      0.07374879053614555,
      -0.013935279985306977,
      0.07401420739121403,
      0.045759854921590994,
      -0.13049883659275552,
      -0.09560594178141736,
      -0.017242547764370432,
      0.004917464117726893,
      -0.006850910161001834,
      0.0018016150350624479,
      -0.026460002244373823,
      0.05300688474669149,
      -0.03069875672151679,
      0.022216093462823588,
      -0.024206084863186064,
      -0.024521738280374905,
      -0.011520224216913063,
      0.026975918145084207,
      -0.042428331025450065,
      -0.057048957758200534,
      -0.04638148392156641,
      0.03754244349701319,
      -0.04988604608394038,
      0.010501650037130992,
      -0.019247858236779967,
      -0.014083466677755802,
      -0.02488009695666716,
      0.0050953882377648,
      0.04954156107819928,
      0.01625960420487307
    ]
  },
  "metrics_series": {
    "mse_train_noise": 0.019268069867485596,
    "mse_train_recovered": 0.02591498498596921,
    "delta_train_pct": -34.49704700157914,
    "mse_test_noise": 0.018957942152927745,
    "mse_test_recovered": 0.024005852563844486,
    "delta_test_pct": -26.62689004005201
  }
}