{
  "schema": {
    "name": "full_qae_bundle",
    "version": "1.0"
  },
  "timestamp": "2025-09-08 11:41:07",
  "dataset": {
    "id": "MG_bench",
    "scale_low": 0.2,
    "scale_high": 0.8,
    "window_size": 4,
    "window_stride": 1
  },
  "run": {
    "tag": "inst2_L1",
    "instance_id": 2,
    "seed": 10024,
    "sigma_train": 0.1,
    "sigma_eval": 0.1
  },
  "architecture": {
    "n_qubits": 4,
    "n_layers": 1,
    "n_latent": 3,
    "n_trash": 1,
    "latent_wires": [
      0,
      1,
      2
    ],
    "trash_wires": [
      3
    ],
    "decoder_mode": "adjoint_encoder"
  },
  "training": {
    "stage1": {
      "lr_init": 0.0,
      "max_epochs": 0,
      "patience": 0,
      "lr_patience": 0,
      "best_val": NaN,
      "final_val": NaN,
      "best_epoch": -1,
      "epochs": 0,
      "train_curve": [],
      "val_curve": [],
      "lr_curve": [],
      "train_seconds": NaN
    },
    "stage3": {
      "lr_init": 0.5,
      "max_epochs": 120,
      "patience": 0,
      "plateau_steps": 0,
      "plateau_factor": 1.0,
      "best_val_mse": 0.005204112000965246,
      "final_val_mse": 0.005567614040017812,
      "best_epoch": 66,
      "epochs": 120,
      "train_curve": [
        0.0928735959845047,
        0.10243216866831797,
        0.035861402561994736,
        0.09743933731935205,
        0.05197425017276971,
        0.030976513980657885,
        0.05171813205631599,
        0.033223352613565765,
        0.02608804956424866,
        0.0335979351550621,
        0.013163709156819576,
        0.019117048364858114,
        0.021071018979190087,
        0.009695687342072459,
        0.012881645707746511,
        0.015886540098358194,
        0.011022030229217331,
        0.010260043464290826,
        0.01498202066566026,
        0.008620659932603445,
        0.006928658129491047,
        0.011326553627804624,
        0.009796190285970643,
        0.007372567734705077,
        0.00894298784104175,
        0.006812717991149549,
        0.005640214208771595,
        0.007627072946603465,
        0.007120854156985831,
        0.006599213892901371,
        0.006960035718760233,
        0.0064691019786261225,
        0.0058273179110538125,
        0.006171448287122204,
        0.006389975821294315,
        0.0061303870750013985,
        0.006236537574227384,
        0.006308862955636949,
        0.0070003597795610046,
        0.006085957513142364,
        0.007018667905044917,
        0.00542385853002261,
        0.007315670241183657,
        0.0063165538306706355,
        0.005729385175297918,
        0.007346777151100768,
        0.005589102689168405,
        0.007804010671277208,
        0.006858371008083616,
        0.005977829718363861,
        0.0062588429652005294,
        0.0062400177107190605,
        0.006587480330363217,
        0.00620987302803125,
        0.005698031266353749,
        0.005965423096980801,
        0.005823669403367864,
        0.006319418974657697,
        0.00527813998047397,
        0.006904781874411071,
        0.006175971955140225,
        0.005565213436152829,
        0.0059738571238024925,
        0.00527690855081564,
        0.005722610237593802,
        0.005783116648656813,
        0.005204112000965246,
        0.005745382937767381,
        0.0054397974791328095,
        0.005687642256545718,
        0.005566485127218083,
        0.006092471557375004,
        0.005244740073129051,
        0.005690868987250235,
        0.005247518369612202,
        0.006335982896469482,
        0.00546042953173673,
        0.0060930461888519145,
        0.006488972847825926,
        0.00585581767435736,
        0.005271355717627393,
        0.005338261789214792,
        0.00535827316749235,
        0.005752525106344346,
        0.005481777970221996,
        0.005881442056889449,
        0.006375762263534061,
        0.0053383185900854595,
        0.007656752491094646,
        0.005601103975704535,
        0.008621696893249233,
        0.006184005050954423,
        0.008364812814870065,
        0.005877654743301617,
        0.005833710403308341,
        0.005603824188033997,
        0.0064569478395820334,
        0.006460378337752898,
        0.006020657359125105,
        0.006301298785659183,
        0.006280844743315401,
        0.006408022783515716,
        0.006049615854711807,
        0.005700884495413866,
        0.005640718230282358,
        0.006065981300890804,
        0.005310304687325625,
        0.00653901225098991,
        0.0055843513635412895,
        0.0064240413770851905,
        0.005384655779351926,
        0.005387234931657692,
        0.005355547058046547,
        0.005757531004225606,
        0.005278758897335775,
        0.005984107205776522,
        0.005845660085959803,
        0.005489983111286557,
        0.005760380739363493,
        0.005567614040017812
      ],