{
  "schema": {
    "name": "half_qae_bundle",
    "version": "1.0"
  },
  "timestamp": "2025-09-23 08:19:58",
  "dataset": {
    "id": "mackey_glass_tau30_n200",
    "scale_low": 0.2,
    "scale_high": 0.8,
    "window_size": 6,
    "window_step": 2,
    "split": 0.75
  },
  "run": {
    "instance_id": 2,
    "layer": 1,
    "sigma_eval": 0.2,
    "test_seed_fixed": 99123
  },
  "environment": {
    "device": "default.qubit",
    "reset_mode": "none"
  },
  "architecture": {
    "n_qubits": 6,
    "n_latent": 4,
    "n_trash": 2
  },
  "parameters": {
    "phi": [
      0.20084340196239603,
      -0.16309720407616043,
      0.06513407905675969,
      -0.6779230096155147,
      -0.1477302434269512,
      0.03256562410901791,
      0.5826338925586237,
      0.2030825181785082,
      1.0658141384017772,
      0.058836122603573675,
      -0.8985005519676055,
      -0.6136759060058461,
      0.7494952855765656,
      -0.37529741252662646,
      0.32677211548012264,
      -0.8219750840969623,
      0.401488686183196,
      0.40325169178907305
    ],
    "psi": [
      0.019640614786705833,
      -0.05351961794751669,
      0.03292150199355197,
      -0.10264319920807884,
      -0.03346611493966124,
      0.01737496978356519,
      0.04384069860628399,
      -0.013694204166125858,
      0.07117556587683332,
      -0.03237042508699496,
      -0.0686920098635867,
      -0.09414757841060145,
      -0.006138719090218543,
      -0.019210259442576302,
      0.02745599450922736,
      -0.026471385980043265,
      -0.05270803102973348,
      0.06058712785176974
    ]
  },
  "metrics_series": {
    "mse_train_noise": 0.019067164300121137,
    "mse_train_recovered": 0.024973831214646146,
    "delta_train_pct": -30.978213758232954,
    "mse_test_noise": 0.01895794215292774,
    "mse_test_recovered": 0.02578762026824411,
    "delta_test_pct": -36.02541911048949
  }
}