{
  "schema": {
    "name": "sidekick_bundle",
    "version": "1.0"
  },
  "timestamp": "2025-10-03 07:53:28",
  "dataset": {
    "id": "mackey_glass_tau30_n200",
    "scale_low": 0.2,
    "scale_high": 0.8,
    "window_size": 6,
    "window_step": 2,
    "split": 0.75
  },
  "run": {
    "instance_id": 4,
    "layer": 1,
    "sigma_eval": 0.2,
    "test_seed_fixed": 99123
  },
  "environment": {
    "stage1_backend": "lightning.qubit",
    "stage1_diff": "adjoint",
    "stage3_backend": "lightning.qubit",
    "stage3_diff": "adjoint"
  },
  "architecture": {
    "n_qubits": 6,
    "n_latent": 4,
    "n_trash": 2,
    "rot": "Rxyz"
  },
  "parameters": {
    "phi": [
      [
        [
          6.949466190113629e-05,
          1.3140336233257695,
          0.27642503179882477
        ],
        [
          6.47165177113866e-06,
          1.0700830481000396,
          0.14766508758063385
        ],
        [
          4.319877218244009e-05,
          1.0134412527872636,
          0.15111159879998146
        ],
        [
          -0.00022741358508057002,
          0.9536518211894438,
          0.0585256184523611
        ],
        [
          -5.926935603370124e-06,
          -2.1975025417755774,
          0.08826361188020058
        ],
        [
          -2.2254191389550195e-05,
          -1.963722607332306,
          0.1965115340652707
        ]
      ]
    ],
    "psi": [
      [
        [
          -0.011881211699200245,
          1.3141219371189197,
          0.1522330559717463
        ],
        [
          0.003286568534239874,
          1.0791933440288282,
          0.07781802554338244
        ],
        [
          2.8305283631501807e-05,
          1.0313960677125509,
          0.1511191246261107
        ],
        [
          -9.337855591905938e-05,
          0.9248101651719296,
          0.0584637896854565
        ],
        [
          0.2834587730658027,
          0.8748178722567509,
          2.7209157564781323
        ],
        [
          5.76688266418428e-08,
          0.927178103094141,
          0.1965115341067307
        ]
      ]
    ]
  },
  "metrics_series": {
    "mse_train_noise": 0.019067164300121137,
    "mse_train_recovered": 0.018706500902540325,
    "delta_train_pct": 1.8915418774595683,
    "mse_test_noise": 0.01895794215292774,
    "mse_test_recovered": 0.015998233277102935,
    "delta_test_pct": 15.611973345787034
  },
  "times_seconds": {
    "stage1": 70.75971933302935,
    "stage3": 218.24884629098233,
    "total": 289.0085656240117
  }
}