{
  "schema": {
    "name": "sidekick_bundle",
    "version": "1.0"
  },
  "timestamp": "2025-10-03 07:53:28",
  "dataset": {
    "id": "mackey_glass_tau30_n200",
    "scale_low": 0.2,
    "scale_high": 0.8,
    "window_size": 6,
    "window_step": 2,
    "split": 0.75
  },
  "run": {
    "instance_id": 3,
    "layer": 1,
    "sigma_eval": 0.2,
    "test_seed_fixed": 99123
  },
  "environment": {
    "stage1_backend": "lightning.qubit",
    "stage1_diff": "adjoint",
    "stage3_backend": "lightning.qubit",
    "stage3_diff": "adjoint"
  },
  "architecture": {
    "n_qubits": 6,
    "n_latent": 4,
    "n_trash": 2,
    "rot": "Rxyz"
  },
  "parameters": {
    "phi": [
      [
        [
          -4.519172990225479e-05,
          1.3140905123509847,
          0.17394272162848326
        ],
        [
          -0.0009719428027513896,
          1.0701183500753793,
          0.24977991271846878
        ],
        [
          -5.061177458428228e-07,
          -2.1281632302820044,
          0.23214443449780767
        ],
        [
          2.7611431108032875e-06,
          -2.187979436533348,
          0.29662432545841505
        ],
        [
          1.1423533786401277e-05,
          -2.1975843394746035,
          0.1480315055343159
        ],
        [
          -1.371197114146136e-06,
          -1.9637027463806704,
          0.13617820831475233
        ]
      ]
    ],
    "psi": [
      [
        [
          -0.007620256221332293,
          1.3239399959671654,
          0.10415490817042262
        ],
        [
          0.016289809698983228,
          1.091889285018686,
          0.13465088735398706
        ],
        [
          -3.0846410904212933e-07,
          -2.131853038233192,
          0.23214448130941637
        ],
        [
          1.54356901278353e-06,
          -2.214079717565598,
          0.29662307689010137
        ],
        [
          -0.33675211421518614,
          0.8558378178117712,
          -2.651418233943435
        ],
        [
          0.00010344314445583228,
          0.9458179136324072,
          0.13617820828382995
        ]
      ]
    ]
  },
  "metrics_series": {
    "mse_train_noise": 0.019067164300121137,
    "mse_train_recovered": 0.018627714212246047,
    "delta_train_pct": 2.3047480000594422,
    "mse_test_noise": 0.01895794215292774,
    "mse_test_recovered": 0.015910034114387222,
    "delta_test_pct": 16.07720929810843
  },
  "times_seconds": {
    "stage1": 66.22071699996013,
    "stage3": 220.85362608300056,
    "total": 287.0743430829607
  }
}