{
  "schema": {
    "name": "half_qae_bundle",
    "version": "1.0"
  },
  "timestamp": "2025-09-23 08:20:02",
  "dataset": {
    "id": "mackey_glass_tau30_n200",
    "scale_low": 0.2,
    "scale_high": 0.8,
    "window_size": 6,
    "window_step": 2,
    "split": 0.75
  },
  "run": {
    "instance_id": 3,
    "layer": 1,
    "sigma_eval": 0.2,
    "test_seed_fixed": 99123
  },
  "environment": {
    "device": "default.qubit",
    "reset_mode": "none"
  },
  "architecture": {
    "n_qubits": 6,
    "n_latent": 4,
    "n_trash": 2
  },
  "parameters": {
    "phi": [
      0.45131474284124196,
      0.06013793042716442,
      0.6113810032195739,
      0.26258306079136656,
      -1.0428684508132728,
      0.1349209359961447,
      -0.3517257184800923,
      0.7107501864058664,
      0.2036532809047424,
      0.417071314036507,
      -0.8039358190899667,
      -0.08964450143423613,
      -0.9411057076942956,
      -0.3061708302548247,
      -0.39114693701062225,
      -0.7151678349067353,
      0.44135749860098533,
      0.35499684483809396
    ],
    "psi": [
      0.07329721875133931,
      -0.03294117860323657,
      0.09646290294335785,
      -0.01475837439521722,
      -0.10189518361206429,
      -0.02435366644565499,
      0.00254075893880444,
      0.03106263019420235,
      -0.018837174250131105,
      0.07605146789939007,
      -0.08007984154350942,
      0.01170298848082011,
      -0.09998379722446325,
      -0.09430964010398048,
      -0.03640778263938276,
      -0.0667321369567178,
      -0.041431746476581655,
      0.030487143651845856
    ]
  },
  "metrics_series": {
    "mse_train_noise": 0.019067164300121137,
    "mse_train_recovered": 0.025977917775295723,
    "delta_train_pct": -36.24426457126968,
    "mse_test_noise": 0.01895794215292774,
    "mse_test_recovered": 0.030029126550668046,
    "delta_test_pct": -58.39866114387604
  }
}