{
  "schema": {
    "name": "sidekick_bundle",
    "version": "1.0"
  },
  "timestamp": "2025-10-03 07:53:28",
  "dataset": {
    "id": "mackey_glass_tau30_n200",
    "scale_low": 0.2,
    "scale_high": 0.8,
    "window_size": 6,
    "window_step": 2,
    "split": 0.75
  },
  "run": {
    "instance_id": 5,
    "layer": 1,
    "sigma_eval": 0.2,
    "test_seed_fixed": 99123
  },
  "environment": {
    "stage1_backend": "lightning.qubit",
    "stage1_diff": "adjoint",
    "stage3_backend": "lightning.qubit",
    "stage3_diff": "adjoint"
  },
  "architecture": {
    "n_qubits": 6,
    "n_latent": 4,
    "n_trash": 2,
    "rot": "Rxyz"
  },
  "parameters": {
    "phi": [
      [
        [
          -0.00011976344122036577,
          1.3138808110827114,
          0.301692717543485
        ],
        [
          -3.1417079337998572,
          -1.0698143886321125,
          0.05620192937261384
        ],
        [
          -7.368922708203035e-05,
          1.0131645837179564,
          0.3088663815021378
        ],
        [
          -0.003636311661897661,
          0.9535129857624189,
          0.0009781764379100531
        ],
        [
          0.0005525466762692201,
          -2.1976325380900974,
          0.048258048273028535
        ],
        [
          -5.551196724658805e-06,
          -1.9636254519648806,
          0.1826718234179277
        ]
      ]
    ],
    "psi": [
      [
        [
          -0.012384082801682449,
          1.3186222931571174,
          0.1613222962243455
        ],
        [
          0.06499645330490349,
          1.0792741593926842,
          2.9897478354683433
        ],
        [
          -6.726547695630074e-05,
          1.0280373654077002,
          0.3088617444657782
        ],
        [
          -0.002086820719458484,
          0.9249055938454578,
          0.00037055641756000986
        ],
        [
          0.13526174099625465,
          0.8709553225245812,
          2.931346153159115
        ],
        [
          -0.0002368329386192075,
          0.9270030317356915,
          0.1826718233793701
        ]
      ]
    ]
  },
  "metrics_series": {
    "mse_train_noise": 0.019067164300121137,
    "mse_train_recovered": 0.018695412812114,
    "delta_train_pct": 1.949694680109182,
    "mse_test_noise": 0.01895794215292774,
    "mse_test_recovered": 0.015977263372947123,
    "delta_test_pct": 15.722586111595971
  },
  "times_seconds": {
    "stage1": 63.562889166991226,
    "stage3": 209.89073204202577,
    "total": 273.453621209017
  }
}