{
  "schema": {
    "name": "half_qae_bundle",
    "version": "1.0"
  },
  "timestamp": "2025-09-23 08:20:06",
  "dataset": {
    "id": "mackey_glass_tau30_n200",
    "scale_low": 0.2,
    "scale_high": 0.8,
    "window_size": 6,
    "window_step": 2,
    "split": 0.75
  },
  "run": {
    "instance_id": 4,
    "layer": 1,
    "sigma_eval": 0.2,
    "test_seed_fixed": 99123
  },
  "environment": {
    "device": "default.qubit",
    "reset_mode": "none"
  },
  "architecture": {
    "n_qubits": 6,
    "n_latent": 4,
    "n_trash": 2
  },
  "parameters": {
    "phi": [
      -1.004454245840937,
      -0.8932135637105857,
      -0.1472119735044649,
      0.44959719549533533,
      -0.17893166198590038,
      1.0154399046308031,
      0.5402475823231614,
      -0.02753934428699602,
      -0.26546866190149415,
      -0.25658245014329334,
      0.5100158829483844,
      -0.5628706735489255,
      0.5589913794984593,
      -0.43999472890641983,
      0.2559994253161619,
      0.10326011373528571,
      0.5649780543796011,
      -0.054803178304716545
    ],
    "psi": [
      -0.12130346792363206,
      -0.12836136825709876,
      0.02496077081061167,
      0.06131736717347427,
      -0.04988550480667041,
      0.07546390639094694,
      0.023534318812239385,
      -0.020985141363359855,
      -0.06394956043709397,
      -0.01692340911285219,
      0.04167301373423672,
      -0.024066324116987153,
      0.05219842824188985,
      0.015162903132089693,
      0.019775574133713336,
      0.0807054100420623,
      -0.01624681206477795,
      0.028558609220830856
    ]
  },
  "metrics_series": {
    "mse_train_noise": 0.019067164300121137,
    "mse_train_recovered": 0.024614450849513556,
    "delta_train_pct": -29.093400896310406,
    "mse_test_noise": 0.01895794215292774,
    "mse_test_recovered": 0.02543073452999065,
    "delta_test_pct": -34.14290604354066
  }
}