{
  "schema": {
    "name": "sidekick_bundle",
    "version": "1.0"
  },
  "timestamp": "2025-10-03 07:53:28",
  "dataset": {
    "id": "mackey_glass_tau30_n200",
    "scale_low": 0.2,
    "scale_high": 0.8,
    "window_size": 6,
    "window_step": 2,
    "split": 0.75
  },
  "run": {
    "instance_id": 2,
    "layer": 1,
    "sigma_eval": 0.2,
    "test_seed_fixed": 99123
  },
  "environment": {
    "stage1_backend": "lightning.qubit",
    "stage1_diff": "adjoint",
    "stage3_backend": "lightning.qubit",
    "stage3_diff": "adjoint"
  },
  "architecture": {
    "n_qubits": 6,
    "n_latent": 4,
    "n_trash": 2,
    "rot": "Rxyz"
  },
  "parameters": {
    "phi": [
      [
        [
          0.00013058834413087937,
          1.3138173560636206,
          0.05874891827566415
        ],
        [
          0.0006033141736943319,
          1.0699648866614093,
          0.007153431803124644
        ],
        [
          1.8298512371638884e-05,
          1.0135140525259327,
          0.1924109870308343
        ],
        [
          -0.0020164638193753692,
          0.9536685362591839,
          0.014713768716835446
        ],
        [
          2.1044485675354802e-05,
          -2.1974738472463664,
          0.12996277495899045
        ],
        [
          -2.604326377101417e-05,
          -1.963600391780322,
          0.26682814090037377
        ]
      ]
    ],
    "psi": [
      [
        [
          -0.0028978049152284303,
          1.3180973617051108,
          0.031710675088670294
        ],
        [
          0.0009357407893684716,
          1.0812248779613014,
          0.0038889108843456637
        ],
        [
          1.4301370497737357e-05,
          1.028174731849298,
          0.19241661153066286
        ],
        [
          -0.0011042002816625698,
          0.9234737227233396,
          0.014175234029519252
        ],
        [
          0.30695624955134,
          0.8714783332737474,
          2.6919608171085065
        ],
        [
          -3.0746350538137622e-09,
          0.9229913353543118,
          0.26682814089930645
        ]
      ]
    ]
  },
  "metrics_series": {
    "mse_train_noise": 0.019067164300121137,
    "mse_train_recovered": 0.01868862804519982,
    "delta_train_pct": 1.9852781932492958,
    "mse_test_noise": 0.01895794215292774,
    "mse_test_recovered": 0.015980954460991213,
    "delta_test_pct": 15.703116234463133
  },
  "times_seconds": {
    "stage1": 70.88935320801102,
    "stage3": 215.75529954198282,
    "total": 286.64465274999384
  }
}