{
  "schema": {
    "name": "sidekick_bundle",
    "version": "1.0"
  },
  "timestamp": "2025-10-03 07:53:28",
  "dataset": {
    "id": "mackey_glass_tau30_n200",
    "scale_low": 0.2,
    "scale_high": 0.8,
    "window_size": 6,
    "window_step": 2,
    "split": 0.75
  },
  "run": {
    "instance_id": 1,
    "layer": 1,
    "sigma_eval": 0.2,
    "test_seed_fixed": 99123
  },
  "environment": {
    "stage1_backend": "lightning.qubit",
    "stage1_diff": "adjoint",
    "stage3_backend": "lightning.qubit",
    "stage3_diff": "adjoint"
  },
  "architecture": {
    "n_qubits": 6,
    "n_latent": 4,
    "n_trash": 2,
    "rot": "Rxyz"
  },
  "parameters": {
    "phi": [
      [
        [
          6.147811862882951e-05,
          1.3140561810059266,
          0.2731840885077979
        ],
        [
          4.8340262308493395e-05,
          1.0701120781449243,
          0.0047097115675087346
        ],
        [
          -0.00011418368323936481,
          1.0134450298720055,
          0.02712265070625349
        ],
        [
          2.05897840299226e-05,
          0.9536407920069299,
          0.28175133118021456
        ],
        [
          -5.1150478302886115e-06,
          -2.1975599254642697,
          0.0779249256531352
        ],
        [
          -6.7435232821355315e-06,
          -1.9636526238624032,
          0.20730638149842145
        ]
      ]
    ],
    "psi": [
      [
        [
          -0.010235122856991677,
          1.318317051104721,
          0.16280260384639392
        ],
        [
          0.0001652998340511978,
          1.0872398699885444,
          0.0026602932803584437
        ],
        [
          -7.027261155078296e-05,
          1.0188605259432844,
          0.027122266403019384
        ],
        [
          1.5716240089131457e-05,
          0.925282364440258,
          0.2817497637314247
        ],
        [
          2.783973297655851,
          -0.853030344972721,
          0.44392694489159523
        ],
        [
          -2.4575923135456824e-08,
          0.9438180498950729,
          0.20730638150248706
        ]
      ]
    ]
  },
  "metrics_series": {
    "mse_train_noise": 0.019067164300121137,
    "mse_train_recovered": 0.0186522099585314,
    "delta_train_pct": 2.1762771592999886,
    "mse_test_noise": 0.01895794215292774,
    "mse_test_recovered": 0.01594414057343213,
    "delta_test_pct": 15.897303384429707
  },
  "times_seconds": {
    "stage1": 75.21123474999331,
    "stage3": 219.01633641705848,
    "total": 294.2275711670518
  }
}