{
  "schema": {
    "name": "half_qae_bundle",
    "version": "1.0"
  },
  "timestamp": "2025-09-23 08:20:10",
  "dataset": {
    "id": "mackey_glass_tau30_n200",
    "scale_low": 0.2,
    "scale_high": 0.8,
    "window_size": 6,
    "window_step": 2,
    "split": 0.75
  },
  "run": {
    "instance_id": 5,
    "layer": 1,
    "sigma_eval": 0.2,
    "test_seed_fixed": 99123
  },
  "environment": {
    "device": "default.qubit",
    "reset_mode": "none"
  },
  "architecture": {
    "n_qubits": 6,
    "n_latent": 4,
    "n_trash": 2
  },
  "parameters": {
    "phi": [
      -0.35442672348397036,
      -0.24201253062306527,
      0.05729162642675919,
      0.19608214111906197,
      -0.46147026557225373,
      -0.27653964136528963,
      -1.0985096373785808,
      -0.3933429765501618,
      0.10715892941288832,
      -0.49664914518319153,
      -0.19911461110696044,
      0.03741550387827951,
      -0.723037212644658,
      -0.3801384512958003,
      -0.31733975255214775,
      -1.0374935504499847,
      0.3079631722052852,
      0.4747153034619964
    ],
    "psi": [
      -0.004666368111684656,
      -0.06314958765472553,
      0.014364891851851044,
      -0.01318648688693653,
      -0.0773614408597164,
      -0.006441838861906065,
      -0.08576663950904362,
      -0.06911834279648735,
      0.017755768629737687,
      -0.06849560771128423,
      -0.05257027909943113,
      -0.013616659851720976,
      -0.004587877623727004,
      -0.030553258679874677,
      -0.04932055288616087,
      0.014573222455332517,
      -0.08514398203223711,
      0.02755571677200364
    ]
  },
  "metrics_series": {
    "mse_train_noise": 0.019067164300121137,
    "mse_train_recovered": 0.024789464191672553,
    "delta_train_pct": -30.01127908419534,
    "mse_test_noise": 0.01895794215292774,
    "mse_test_recovered": 0.025289310661216254,
    "delta_test_pct": -33.39691859599192
  }
}