{
  "schema": {
    "name": "half_qae_bundle",
    "version": "1.0"
  },
  "timestamp": "2025-09-13 16:28:18",
  "dataset": {
    "id": "mackey_glass_tau17_n200",
    "scale_low": 0.2,
    "scale_high": 0.8,
    "window_size": 4,
    "window_step": 2,
    "split": 0.75
  },
  "run": {
    "instance_id": 1,
    "layer": 1,
    "sigma_eval": 0.2,
    "test_seed_fixed": 99123
  },
  "architecture": {
    "n_qubits": 4,
    "n_latent": 3,
    "n_trash": 1
  },
  "parameters": {
    "phi": [
      1.1551301169602547e-05,
      0.8357165044778956,
      0.197901185716317,
      0.0007157680040224376,
      0.5876530051636262,
      -0.3747524376632783,
      -0.00014939225996077758,
      0.952606974432936,
      -0.2566497226442088,
      -0.0008491629045651364,
      1.200938206072539,
      -0.42194592350976395
    ],
    "psi": [
      -0.05530159172735662,
      0.860299989559872,
      0.20934200840411427,
      0.007991805489415351,
      0.6108402645018781,
      -0.23940081659882534,
      -0.045355630974309565,
      0.8941062630804172,
      -0.169403235378805,
      -0.08411166572749854,
      1.1813504486240392,
      -0.36883064021644313
    ]
  },
  "metrics_series": {
    "mse_train_noise": 0.019268069867485596,
    "mse_train_recovered": 0.013423754466768792,
    "delta_train_pct": 30.33160789280168,
    "mse_test_noise": 0.018957942152927745,
    "mse_test_recovered": 0.014346684519690758,
    "delta_test_pct": 24.323619072362522
  }
}