{
  "schema": {
    "name": "half_qae_bundle",
    "version": "1.0"
  },
  "timestamp": "2025-09-13 16:28:20",
  "dataset": {
    "id": "mackey_glass_tau17_n200",
    "scale_low": 0.2,
    "scale_high": 0.8,
    "window_size": 4,
    "window_step": 2,
    "split": 0.75
  },
  "run": {
    "instance_id": 3,
    "layer": 1,
    "sigma_eval": 0.2,
    "test_seed_fixed": 99123
  },
  "architecture": {
    "n_qubits": 4,
    "n_latent": 3,
    "n_trash": 1
  },
  "parameters": {
    "phi": [
      -0.010601972243361782,
      -1.5690936984252442,
      0.6113810032361436,
      0.2863892171991248,
      -1.9138598193223841,
      0.13492093603428204,
      0.0003143398710092433,
      0.8892508350086992,
      0.20365328089641613,
      -1.8698748072675992e-06,
      0.6818033986324527,
      -0.08964450143801019
    ],
    "psi": [
      -0.11538910270352218,
      -1.5572258595044348,
      0.5593983936121713,
      0.31939307714931336,
      -1.88440294933473,
      0.16714327836060003,
      -0.02737023659923303,
      0.9244303032919322,
      0.27083944721615777,
      -0.025381592497300907,
      0.61650647370697,
      0.05863843313497154
    ]
  },
  "metrics_series": {
    "mse_train_noise": 0.019268069867485596,
    "mse_train_recovered": 0.013520951292195065,
    "delta_train_pct": 29.82716283891339,
    "mse_test_noise": 0.018957942152927745,
    "mse_test_recovered": 0.014423809194232976,
    "delta_test_pct": 23.91679920805405
  }
}