{
  "schema": {
    "name": "half_qae_bundle",
    "version": "1.0"
  },
  "timestamp": "2025-09-13 16:28:20",
  "dataset": {
    "id": "mackey_glass_tau17_n200",
    "scale_low": 0.2,
    "scale_high": 0.8,
    "window_size": 4,
    "window_step": 2,
    "split": 0.75
  },
  "run": {
    "instance_id": 4,
    "layer": 1,
    "sigma_eval": 0.2,
    "test_seed_fixed": 99123
  },
  "architecture": {
    "n_qubits": 4,
    "n_latent": 3,
    "n_trash": 1
  },
  "parameters": {
    "phi": [
      -0.08663885070154734,
      -1.5198737197212502,
      -0.14721197351438411,
      1.617247517672082,
      -1.552061199956048,
      1.0154399045948994,
      -0.008326651823934132,
      1.0860973880438103,
      -0.2654686618694746,
      -0.0004247790891335205,
      0.8522609825090446,
      -0.5628706735461826
    ],
    "psi": [
      0.03970144116264876,
      -1.5020512287913779,
      -0.059959875587500606,
      1.567089330105833,
      -1.5519009604352023,
      0.9785289385088365,
      0.05025526842115702,
      1.1425054961280383,
      -0.36215401407955516,
      -0.04273538659138082,
      0.910077933262699,
      -0.4435958075949032
    ]
  },
  "metrics_series": {
    "mse_train_noise": 0.019268069867485596,
    "mse_train_recovered": 0.013131971406716306,
    "delta_train_pct": 31.84594255143225,
    "mse_test_noise": 0.018957942152927745,
    "mse_test_recovered": 0.014047852908664189,
    "delta_test_pct": 25.899906248554906
  }
}