{
  "schema": {
    "name": "half_qae_bundle",
    "version": "1.0"
  },
  "timestamp": "2025-09-13 16:28:19",
  "dataset": {
    "id": "mackey_glass_tau17_n200",
    "scale_low": 0.2,
    "scale_high": 0.8,
    "window_size": 4,
    "window_step": 2,
    "split": 0.75
  },
  "run": {
    "instance_id": 2,
    "layer": 1,
    "sigma_eval": 0.2,
    "test_seed_fixed": 99123
  },
  "architecture": {
    "n_qubits": 4,
    "n_latent": 3,
    "n_trash": 1
  },
  "parameters": {
    "phi": [
      1.5250003187920067,
      -1.5574969865638413,
      0.06513407904905084,
      -0.8594703428974118,
      -1.8183068756097804,
      0.03256562416412292,
      -0.011338224319822374,
      0.7539562808190537,
      1.0658141384269906,
      -0.00019440982613166342,
      0.5355627088678693,
      -0.6136759059858374
    ],
    "psi": [
      1.412774151002759,
      -1.5704225492498984,
      -0.01815335870374786,
      -0.8505259902301933,
      -1.851151563559558,
      -0.08822691201778461,
      0.0019215098186137658,
      0.74514828952794,
      0.9785618156678338,
      0.009092207973089957,
      0.5270758922275586,
      -0.7034953102520678
    ]
  },
  "metrics_series": {
    "mse_train_noise": 0.019268069867485596,
    "mse_train_recovered": 0.01345577856195154,
    "delta_train_pct": 30.165404970542266,
    "mse_test_noise": 0.018957942152927745,
    "mse_test_recovered": 0.01448309491487196,
    "delta_test_pct": 23.60407686635292
  }
}