{
  "schema": {
    "name": "half_qae_bundle",
    "version": "1.0"
  },
  "timestamp": "2025-09-13 16:28:21",
  "dataset": {
    "id": "mackey_glass_tau17_n200",
    "scale_low": 0.2,
    "scale_high": 0.8,
    "window_size": 4,
    "window_step": 2,
    "split": 0.75
  },
  "run": {
    "instance_id": 5,
    "layer": 1,
    "sigma_eval": 0.2,
    "test_seed_fixed": 99123
  },
  "architecture": {
    "n_qubits": 4,
    "n_latent": 3,
    "n_trash": 1
  },
  "parameters": {
    "phi": [
      0.00042918253986416716,
      0.8088077824904599,
      0.05729162648334367,
      -2.655421274808081e-05,
      0.6773269278734367,
      -0.27653964135912096,
      -2.8066565243654105,
      -1.1455140160333672,
      0.10715892939277082,
      -1.7526211535997749,
      -1.5499303310566377,
      0.03741550391408726
    ],
    "psi": [
      -0.07188461139957664,
      0.8108981325480544,
      0.14707623595123914,
      0.04245812912805231,
      0.661766639881724,
      -0.291507056215935,
      -2.817179010546117,
      -1.1438011068652156,
      0.11824814188629357,
      -1.629558611754143,
      -1.519934593302554,
      0.09650209459432811
    ]
  },
  "metrics_series": {
    "mse_train_noise": 0.019268069867485596,
    "mse_train_recovered": 0.013477786799803132,
    "delta_train_pct": 30.05118368110875,
    "mse_test_noise": 0.018957942152927745,
    "mse_test_recovered": 0.01444590263073313,
    "delta_test_pct": 23.800259995506966
  }
}