{
  "schema": {
    "name": "half_qae_bundle",
    "version": "1.0"
  },
  "timestamp": "2025-09-02 21:05:33",
  "dataset": {
    "id": "mackey_glass_n100",
    "scale_low": 0.2,
    "scale_high": 0.8,
    "window_size": 4,
    "window_stride": 1
  },
  "run": {
    "tag": "inst3_L3",
    "instance_id": 3,
    "seed": 3,
    "sigma_train": 0.1,
    "sigma_eval": 0.1
  },
  "architecture": {
    "n_qubits": 4,
    "n_layers": 3,
    "n_latent": 3,
    "n_trash": 1,
    "latent_wires": [
      0,
      1,
      2
    ],
    "trash_wires": [
      3
    ]
  },
  "training": {
    "stage1": {
      "lr_init": 0.01,
      "max_epochs": 120,
      "patience": 10,
      "lr_patience": 8,
      "best_val": 0.03312095277247205,
      "final_val": 0.033368573822084184,
      "best_epoch": 116,
      "epochs": 120,
      "train_curve": [
        0.48024305450398,
        0.45467445677942486,
        0.4386770452896017,
        0.4178382306401952,
        0.4030640345214326,
        0.38420250949203977,
        0.3642936700727184,
        0.34576175575627344,
        0.32706501678993805,
        0.3091357090229591,
        0.29032900807629536,
        0.2736135849629134,
        0.2558629478989539,
        0.24338263413289823,
        0.23076145355882,
        0.21647271878774205,
        0.20720904607171114,
        0.19818083467592243,
        0.18865747233511898,
        0.17994167812519135,
        0.17256054786465203,
        0.16714022453892494,
        0.15679225859352552,
        0.15049704743922815,
        0.14411715260176752,
        0.13725026887233097,
        0.12979335423074065,
        0.12336179600184385,
        0.11695302033568775,
        0.11141644991034423,
        0.10336639930715036,
        0.0998030277571665,
        0.09513249159714507,
        0.09042042293101413,
        0.08568065555263651,
        0.08277551955699695,
        0.07929823092200819,
        0.07551148198184937,
        0.07106844324322881,
        0.06794071806850877,
        0.06551607450185706,
        0.06337701350223458,
        0.061230117910801934,
        0.05958071902491106,
        0.056721209613500946,
        0.05564982989666951,
        0.054055903871815886,
        0.05277346868372644,
        0.05221885199693992,
        0.04998449254622235,
        0.04951224575228888,
        0.048394692316044194,
        0.048156928113954854,
        0.047382506460477924,
        0.0456877091767134,
        0.045173593673278264,
        0.04481028374265747,
        0.04390986576634994,
        0.04342382404631659,
        0.04244653828330874,
        0.04393082040197746,
        0.04342333501083554,
        0.04205168801290872,
        0.042149668896427,
        0.042085575061121844,
        0.04103739086058833,
        0.040901258136020135,
        0.040815635412766955,
        0.04154398965827485,
        0.04016011799422155,
        0.04030641485765045,
        0.03987540914722787,
        0.040026341361736675,
        0.04058859778416794,
        0.03974038666247982,
        0.03860135927996182,
        0.03903397637942932,
        0.038893591154469054,
        0.03856516877040453,
        0.03846842202257347,
        0.03824958566801105,
        0.038837972361903936,
        0.03921277251505083,
        0.03845912761029925,
        0.038199808842469166,
        0.03701860813626934,
        0.03811018512208157,
        0.03833901750035067,
        0.03845848964184649,
        0.03683315777950856,
        0.037564085970729605,
        0.037406110015129584,
        0.037809246434035756,
        0.03677366514787528,
        0.03667654357978552,
        0.0370733275754027,
        0.03748367423466995,
        0.036075937374461395,
        0.03745900478395407,
        0.03587051067592326,
        0.0365846082239286,
        0.03593425710249508,
        0.037351547768452814,
        0.036553229723841105,
        0.03715680645364404,
        0.0363261564770115,
        0.03607119167503404,
        0.035393769809226726,
        0.03671936538962168,
        0.03600043469850535,
        0.03653249842949185,
        0.036598857322365314,
        0.0361574966868031,
        0.03590943388915452,
        0.035914822935600346,
        0.03594658193300862,
        0.035422336160029745,
        0.03652661837888237,
        0.035836371552353086,
        0.03504092725226857
      ],
      "val_curve": [
        0.4430299825253832,
        0.4249677779624704,
        0.40817965750782453,
        0.3913945484241887,
        0.37408924834196305,
        0.3559778678990809,
        0.33743110099124074,
        0.3187515231858424,
        0.30010720310504124,
        0.2821116222689457,
        0.2651493455440007,
        0.24943039817048204,
        0.23493221117799462,
        0.22176913200544016,
        0.20963843444319602,
        0.19865021603988828,
        0.18851054705714554,
        0.1790005527345763,
        0.1700459234150066,
        0.16169787561878496,
        0.15353935326293486,
        0.14573889883541064,
        0.1382079462903217,
        0.13081664188021652,
        0.12375039810687016,
        0.11699181543974191,
        0.11052892053063079,
        0.10449860241107194,
        0.09877023985328011,
        0.09356263243607009,
        0.08890727542518662,
        0.08465865222703442,
        0.08102046205442207,
        0.07757746779611199,
        0.07447981457345541,
        0.0714504533479966,
        0.06874407343451419,
        0.0660289584612192,
        0.06350137972159184,
        0.06122743694959758,
        0.05927505489821146,
        0.05741561466585099,
        0.055918408866012,
        0.054584940577772655,
        0.05341907450433846,
        0.05258299044300041,
        0.051765263870744184,
        0.05065598180037123,
        0.049820561211990834,
        0.048997382131840225,
        0.048180214129651525,
        0.04713377385522212,
        0.04628667538824831,
        0.04553482614489083,
        0.04476777382076845,
        0.044110536003073554,
        0.043528074777229045,
        0.04285561487421764,
        0.042395567809059044,
        0.04176860667781122,
        0.04137489993950214,
        0.04107517721268283,
        0.04058701832500211,
        0.04028375800370278,
        0.03988667541102652,
        0.03965964280052405,
        0.03919146402968084,
        0.03899971845969346,
        0.03861575737711541,
        0.03829074811320367,
        0.03808782485936456,
        0.03780165285366971,
        0.03748378375062024,
        0.03732844351260149,
        0.03707378076914526,
        0.03688390236726839,
        0.036714655880360644,
        0.03651914781681944,
        0.036335408164642216,
        0.03604580098161395,
        0.03577867714749761,
        0.03549471531440697,
        0.03539056521808595,
        0.035336950371762446,
        0.03518121719749444,
        0.03498941528883058,
        0.03480524845009954,
        0.03468212930085762,
        0.034699961312715785,
        0.034441452409277075,
        0.034327122767741435,
        0.03415952484960395,
        0.034024890272229866,
        0.03396467330876135,
        0.03379956973256306,
        0.03380295908934538,
        0.033706916108902696,
        0.03359599109443686,
        0.03357455386371847,
        0.03379595251233232,
        0.03370032500938017,
        0.03360973574151518,
        0.03363832114683363,
        0.03362380211469874,
        0.033710303947917575,
        0.03371528330970912,
        0.03354983777152859,
        0.03339730747695295,
        0.033370518597415584,
        0.03331563504652251,
        0.033233302716888624,
        0.03331058867311412,
        0.033311224783847695,
        0.03332674503615053,
        0.033214434967939827,
        0.03314969199603923,
        0.03312095277247205,
        0.03320416440403791,
        0.033372135336656755,
        0.033368573822084184
      ],