{
  "schema": {
    "name": "half_qae_bundle",
    "version": "1.0"
  },
  "timestamp": "2025-09-02 23:54:14",
  "dataset": {
    "id": "mackey_glass_n100",
    "scale_low": 0.2,
    "scale_high": 0.8,
    "window_size": 6,
    "window_stride": 1
  },
  "run": {
    "tag": "inst2_L1",
    "instance_id": 2,
    "seed": 2,
    "sigma_train": 0.1,
    "sigma_eval": 0.1
  },
  "architecture": {
    "n_qubits": 6,
    "n_layers": 1,
    "n_latent": 2,
    "n_trash": 4,
    "latent_wires": [
      0,
      1
    ],
    "trash_wires": [
      2,
      3,
      4,
      5
    ]
  },
  "training": {
    "stage1": {
      "lr_init": 0.01,
      "max_epochs": 120,
      "patience": 10,
      "lr_patience": 8,
      "best_val": 0.23704422592804383,
      "final_val": 0.23704422592804383,
      "best_epoch": 119,
      "epochs": 120,
      "train_curve": [
        0.4994472315646248,
        0.4981565123749446,
        0.49778007424695936,
        0.4949163460720618,
        0.49189290667990515,
        0.4913889055120447,
        0.48802707289938996,
        0.48620724913958,
        0.4834773574348378,
        0.4828873318254093,
        0.47959856183534744,
        0.47701774462616003,
        0.4751833787264056,
        0.47273857505146255,
        0.47022201124161817,
        0.4670601847291276,
        0.4640942930088644,
        0.4619619336020838,
        0.45839412864710405,
        0.4562535894861499,
        0.4552839964400787,
        0.45211360821118796,
        0.4521142973891342,
        0.4477840832169926,
        0.44280025574406157,
        0.43996548812805125,
        0.4439032405181754,
        0.43912219553895804,
        0.4332253379596126,
        0.42904582167652455,
        0.4265608265059531,
        0.4255532039945883,
        0.4230484635428967,
        0.42432546376366226,
        0.41652221887182006,
        0.41720430849038,
        0.4137461101380334,
        0.40592058090368077,
        0.4085980056814622,
        0.4054867422030844,
        0.4058272359674962,
        0.403407443217879,
        0.39830365802389345,
        0.3997278518863064,
        0.3980633165797765,
        0.3952747288461247,
        0.3981978100566063,
        0.3914087587268932,
        0.3874329249025996,
        0.3899837414023679,
        0.3849697908346456,
        0.3810539954010449,
        0.38408698032874156,
        0.38192304598424853,
        0.3780108141070256,
        0.37769794365658294,
        0.36693099672924423,
        0.3761377460871189,
        0.37020422193808916,
        0.3651966206440729,
        0.3664255725775888,
        0.36501875226028435,
        0.3661895176285447,
        0.35915766436806085,
        0.3649677440363508,
        0.3591011816908932,
        0.35884524881125485,
        0.3571523017298174,
        0.35378902585400895,
        0.35189210957981815,
        0.3480242613775123,
        0.3479745800888928,
        0.3469622953963444,
        0.34833075910095945,
        0.34265148860175965,
        0.34108200116658616,
        0.3424241029878926,
        0.33760981979061094,
        0.34160997044205205,
        0.3349914214423763,
        0.3334110567183769,
        0.32852729503267136,
        0.32911206985468683,
        0.32891346270685473,
        0.3241947752329758,
        0.3215122008598196,
        0.3212395162355981,
        0.3192390940379727,
        0.3168388275880962,
        0.31549828915868583,
        0.3138982280201985,
        0.3137949731702971,
        0.31055358175582715,
        0.31255808261102125,
        0.3090989806254639,
        0.3042996391558308,
        0.30560108420135196,
        0.30647371948619906,
        0.2992509709647058,
        0.30042810575653345,
        0.29618763658399205,
        0.29758327953498387,
        0.2968857410518506,
        0.2932263457775579,
        0.2912547023464256,
        0.2879360875427268,
        0.29322218185362914,
        0.29254389333364345,
        0.28871890026644365,
        0.28826390126024304,
        0.2845288223765939,
        0.2888440177070233,
        0.2829191082310405,
        0.2880058406932342,
        0.28581943279668104,
        0.2853281556226379,
        0.2830397166438533,
        0.28533098292407355,
        0.2886464598666847,
        0.2875077049586652
      ],
      "val_curve": [
        0.5079536237144134,
        0.506386048173864,
        0.5048663290595691,
        0.5033195627058925,
        0.5017432048887558,
        0.5001649987248343,
        0.4985686245626557,
        0.49691623256919787,
        0.49521235233718003,
        0.493428960878231,
        0.4915874821271994,
        0.48965904123140025,
        0.48763738983038774,
        0.485535392317548,
        0.48336112782156077,
        0.4811003808708744,
        0.4787514660036159,
        0.4763258241009027,
        0.4738195722195062,
        0.47124058280789083,
        0.4685703430404167,
        0.4658699720648997,
        0.46311116604078,
        0.46030568831922924,
        0.4574338087051459,
        0.45455007049195517,
        0.4516549274647515,
        0.4487737165018656,
        0.44585519805249163,
        0.4429489103224082,
        0.44005832222955865,
        0.4371697077181091,
        0.4343407350366079,
        0.43150277681485866,
        0.42874734313695023,
        0.4260033469968561,
        0.42329290569500194,
        0.4206740666514078,
        0.4181403352075275,
        0.41567254271730547,
        0.41323750518291913,
        0.4108670747061744,
        0.4085265051432483,
        0.40624044095682593,
        0.40402702145265207,
        0.4018832680606618,
        0.3997923877739538,
        0.3977571850422623,
        0.3957778394303939,
        0.3938439787557576,
        0.39194139595662836,
        0.39010780537789935,
        0.38828380060732154,
        0.3865721179294206,
        0.3848209543650169,
        0.38314407517804533,
        0.38149570066006216,
        0.37986454559267824,
        0.3782558370178171,
        0.37663858409528117,
        0.3751429170244776,
        0.37360905521078114,
        0.37205172073272674,
        0.37048708945881687,
        0.36892106965548516,
        0.36729408846169587,
        0.3656369919295316,
        0.3639587534934872,
        0.3622387299256341,
        0.36042315071832565,
        0.3585680568059585,
        0.3566642588275187,
        0.35465910066964423,
        0.35263301403866654,
        0.3505315734141282,
        0.3482874690319748,
        0.345962561597899,
        0.3435154693749079,
        0.34108245572137796,
        0.33858359333402954,
        0.3359505858117484,
        0.3331211822722286,
        0.33025797479844005,
        0.3273813050450439,
        0.3242894372274617,
        0.3212753782116794,
        0.3182248763568751,
        0.3150379859787413,
        0.31179469818414857,
        0.3084624928791011,
        0.3050095219003419,
        0.301737632830591,
        0.29843636792013656,
        0.2951668305865137,
        0.2918689502558806,
        0.28858146918760924,
        0.2851812334921504,
        0.28193825031488434,
        0.27855341408296,
        0.27549301249455677,
        0.27239086458723355,
        0.269344067040476,
        0.2664532908363405,
        0.26375709273644327,
        0.2611551225588886,
        0.2587079938786242,
        0.25632297819785166,
        0.25406049776005335,
        0.25201600164789134,
        0.2500916254081642,
        0.24836219402175563,
        0.2466691109892545,
        0.24509105004337525,
        0.24356793495811482,
        0.24221374095019718,
        0.24094662196621308,
        0.2398355914919688,
        0.2388327010502398,
        0.2378403155852284,
        0.23704422592804383
      ],