{
  "schema": {
    "name": "half_qae_bundle",
    "version": "1.0"
  },
  "timestamp": "2025-09-02 23:54:14",
  "dataset": {
    "id": "mackey_glass_n100",
    "scale_low": 0.2,
    "scale_high": 0.8,
    "window_size": 6,
    "window_stride": 1
  },
  "run": {
    "tag": "inst4_L1",
    "instance_id": 4,
    "seed": 4,
    "sigma_train": 0.1,
    "sigma_eval": 0.1
  },
  "architecture": {
    "n_qubits": 6,
    "n_layers": 1,
    "n_latent": 2,
    "n_trash": 4,
    "latent_wires": [
      0,
      1
    ],
    "trash_wires": [
      2,
      3,
      4,
      5
    ]
  },
  "training": {
    "stage1": {
      "lr_init": 0.01,
      "max_epochs": 120,
      "patience": 10,
      "lr_patience": 8,
      "best_val": 0.2401312277763108,
      "final_val": 0.2401312277763108,
      "best_epoch": 119,
      "epochs": 120,
      "train_curve": [
        0.48698822249568136,
        0.48599261604266286,
        0.4842904837965064,
        0.48364100987136294,
        0.4806778331233286,
        0.4794744738378195,
        0.4785945374050949,
        0.47598767261549046,
        0.47541072328171075,
        0.4731669500294733,
        0.4723854273247835,
        0.46971468583835785,
        0.4673948898790722,
        0.46759820113132755,
        0.46417820471984184,
        0.4647617921806757,
        0.46207145413750733,
        0.45837300745449405,
        0.45598301588968426,
        0.4553548097838216,
        0.45225659947242547,
        0.4502428746999997,
        0.44972052699643295,
        0.4479869091242372,
        0.4425147385387403,
        0.4409109079341006,
        0.43774024546418133,
        0.437485336031076,
        0.4372651074034999,
        0.4361885151167585,
        0.42925833261105306,
        0.4264128951956374,
        0.42485398181849476,
        0.4234168494725151,
        0.4212850380791032,
        0.42179486865223903,
        0.4163043104847527,
        0.4163620076738872,
        0.40874969237519765,
        0.4087404711828133,
        0.4120454621323679,
        0.4065038086946574,
        0.4023030712074558,
        0.40706338959259375,
        0.4016029405487457,
        0.3975732282991091,
        0.39521664460254347,
        0.39032755721292456,
        0.3965308059242955,
        0.3883804919310707,
        0.38816646743604144,
        0.39208551733995267,
        0.38870472524162264,
        0.3834817939968994,
        0.38400567879219216,
        0.3832009914080575,
        0.37886646113984945,
        0.38149338880682176,
        0.37552977478553273,
        0.372908756854337,
        0.37095849208899134,
        0.37247326750521736,
        0.37259656183950585,
        0.3671888997516163,
        0.36893184589160066,
        0.36680916248372447,
        0.3624498546873781,
        0.35809993427103815,
        0.3597374458889218,
        0.35644061655887105,
        0.3509832403991491,
        0.35603953528635135,
        0.3517557792655688,
        0.35180961741752886,
        0.3437336115532549,
        0.34541079489242577,
        0.34177518938768364,
        0.3364166917432667,
        0.33960157050967943,
        0.33556415127117356,
        0.33933289019228563,
        0.33209768805760687,
        0.3324325322305033,
        0.3293456318639888,
        0.3287665938058228,
        0.3242347758372226,
        0.3221595549983374,
        0.32342420705165187,
        0.3181130516832772,
        0.3175090147315184,
        0.31508944313245935,
        0.31401680685910666,
        0.314961768690602,
        0.3096252184836873,
        0.3087966303726252,
        0.30353981590204254,
        0.304998063105575,
        0.30342849803183336,
        0.3034147366946575,
        0.3012515533808082,
        0.2979752321668976,
        0.2958059675683281,
        0.297907039881963,
        0.29076062595249397,
        0.29486185514067137,
        0.29445283354451424,
        0.29231753800002835,
        0.29196959723520877,
        0.2925077768695823,
        0.2912147389169466,
        0.2923632797725987,
        0.28472310908741305,
        0.28693517501233345,
        0.29105320471753815,
        0.28786747455633177,
        0.28731262508925337,
        0.28058349811065714,
        0.2823736404263821,
        0.2890374302036528,
        0.28273387249212084
      ],
      "val_curve": [
        0.48970349297882976,
        0.4885860563880312,
        0.4873931914508008,
        0.4861235284889429,
        0.48480086878929535,
        0.48340901082444776,
        0.48192912393645687,
        0.4803934721968692,
        0.4787958287941474,
        0.47713378785839605,
        0.4754175718310974,
        0.47366968921812846,
        0.4718733068515418,
        0.470002714363313,
        0.46808977010549996,
        0.46610525495736993,
        0.46406927521924785,
        0.46199033538458667,
        0.4599151614661374,
        0.45774927266818904,
        0.4555345210439744,
        0.45332757081204883,
        0.4511195253935412,
        0.44884868611968554,
        0.4465783086988264,
        0.44427574827778965,
        0.44196295532495933,
        0.43961250268011354,
        0.4373363878752261,
        0.43496318353085206,
        0.4326534997732072,
        0.4303582819407696,
        0.4280236674295023,
        0.42576674635440065,
        0.42355771044418805,
        0.4213134910979374,
        0.4191450866847558,
        0.416981475980044,
        0.4149324753639666,
        0.4129160552563125,
        0.4109104230337925,
        0.4089278140999868,
        0.40695383629390064,
        0.40495927456114117,
        0.4029506361525261,
        0.40107062142738154,
        0.3991692356522993,
        0.3973580211854888,
        0.395570332184209,
        0.3937624782918195,
        0.39205903920662005,
        0.390470102381463,
        0.388852124722709,
        0.3872903979011209,
        0.38572087517514364,
        0.3842336875489978,
        0.3827577950849226,
        0.38122388634635607,
        0.37971349648365615,
        0.37821092203981493,
        0.3766901851352478,
        0.3751910085146609,
        0.3736895224975152,
        0.3721753253484906,
        0.3706526324215526,
        0.3691149422035816,
        0.3675696725655538,
        0.365959781951881,
        0.3643096670211334,
        0.3625839212374851,
        0.36083176517756427,
        0.35904934156103213,
        0.3572181075225367,
        0.35530598703625743,
        0.35330943705267454,
        0.35121196957035944,
        0.34902412419318257,
        0.3467867667027998,
        0.34435429936896594,
        0.3420140272710235,
        0.33946800998854987,
        0.3367451515467818,
        0.33400986183190334,
        0.3311478478146399,
        0.3282517531088236,
        0.3253464809969129,
        0.3222356875212826,
        0.3190978066219918,
        0.3159319389503898,
        0.31265015079893826,
        0.30951511699348705,
        0.3063460425921968,
        0.3030240702411418,
        0.2997093033995915,
        0.2963599180683126,
        0.2930799583036735,
        0.2897551468444847,
        0.28647518942883066,
        0.28338820224074396,
        0.28031122029086636,
        0.2772620455996608,
        0.2744209685579112,
        0.27165569110697035,
        0.2689531594062706,
        0.2662948763909404,
        0.2637970592099,
        0.2613340266363688,
        0.2589181296200088,
        0.2567205924737354,
        0.25461841397952123,
        0.2526929393618495,
        0.2508899036586327,
        0.24911109911187443,
        0.24748556456301812,
        0.24594463012890144,
        0.24458063821372775,
        0.24330369809114288,
        0.24212031419900454,
        0.24107688641332445,
        0.2401312277763108
      ],