{
  "schema": {
    "name": "half_qae_bundle",
    "version": "1.0"
  },
  "timestamp": "2025-09-02 23:54:14",
  "dataset": {
    "id": "mackey_glass_n100",
    "scale_low": 0.2,
    "scale_high": 0.8,
    "window_size": 6,
    "window_stride": 1
  },
  "run": {
    "tag": "inst5_L1",
    "instance_id": 5,
    "seed": 5,
    "sigma_train": 0.1,
    "sigma_eval": 0.1
  },
  "architecture": {
    "n_qubits": 6,
    "n_layers": 1,
    "n_latent": 2,
    "n_trash": 4,
    "latent_wires": [
      0,
      1
    ],
    "trash_wires": [
      2,
      3,
      4,
      5
    ]
  },
  "training": {
    "stage1": {
      "lr_init": 0.01,
      "max_epochs": 120,
      "patience": 10,
      "lr_patience": 8,
      "best_val": 0.23116124183790193,
      "final_val": 0.23116124183790193,
      "best_epoch": 119,
      "epochs": 120,
      "train_curve": [
        0.47606602863561487,
        0.47474439742291097,
        0.4718018266934828,
        0.4708738806249624,
        0.4673430183539123,
        0.46435820302666764,
        0.4632743483224946,
        0.4600852396837476,
        0.45621191532852534,
        0.4545892809867568,
        0.4504362953575516,
        0.44801610010159765,
        0.4467886301287465,
        0.4417528596839895,
        0.4396186365350419,
        0.4369095820410158,
        0.4368931007719739,
        0.43204741672432956,
        0.4260867640961056,
        0.4254586195476888,
        0.42199198202446164,
        0.4204398901980978,
        0.4167785346565037,
        0.41647344026049027,
        0.4128649171718603,
        0.41271131934732663,
        0.4075926048666738,
        0.4088701454668064,
        0.40382647147161216,
        0.39781039655387596,
        0.3975227872788031,
        0.39816432696978776,
        0.3942326359788664,
        0.39026824033500035,
        0.38699513522342144,
        0.3841904552265818,
        0.38523012146024105,
        0.38255566169162547,
        0.3804175574974002,
        0.37978306847172283,
        0.37835789864021696,
        0.3757956309134475,
        0.37658050357410194,
        0.3682347434910248,
        0.369568505606146,
        0.3700312540245523,
        0.3648933740387227,
        0.36208065253437577,
        0.3625369962649307,
        0.3615609063732995,
        0.3550591680901312,
        0.3578612229330881,
        0.3528524048957473,
        0.352873352159552,
        0.35478388864208843,
        0.3471419934505971,
        0.34737494805263447,
        0.3452961679773964,
        0.3419389572295727,
        0.3432977950694662,
        0.3434234380334319,
        0.33319905156196405,
        0.3351166463448232,
        0.32953318424434896,
        0.32966523229197214,
        0.3291249782765406,
        0.3284650202640378,
        0.3258026643579752,
        0.32307276873695806,
        0.32023238772438467,
        0.31851879829017293,
        0.3203294327511253,
        0.317234542349738,
        0.3124396099901898,
        0.31372747318497785,
        0.3091543329096771,
        0.3089381070696473,
        0.30581773429685555,
        0.3072678418940967,
        0.30344983438157547,
        0.3025466445797814,
        0.3007112382637828,
        0.2981913427226133,
        0.29926107650029243,
        0.2951354210855087,
        0.29111090640637366,
        0.29377511972476184,
        0.2936391530515151,
        0.2907697975516925,
        0.28819112176939277,
        0.2869192770686055,
        0.28584275404510634,
        0.28672565016808327,
        0.29041044284309003,
        0.28791067422856786,
        0.28637423439841014,
        0.2846450358621927,
        0.28384886483936506,
        0.2837317413516358,
        0.28087741150181744,
        0.276312883127516,
        0.2815155508667525,
        0.28299949365311217,
        0.2808308136330542,
        0.28154136841147703,
        0.2863173231706473,
        0.28398549975962695,
        0.2844226559245279,
        0.2824659872138475,
        0.28234211280809873,
        0.28296690540225505,
        0.2811700235042396,
        0.2785324079723049,
        0.2795626760443328,
        0.2814682744298316,
        0.28258769080233287,
        0.27965856825240665,
        0.2827423436279902,
        0.2795694203983544,
        0.2854760473068253
      ],
      "val_curve": [
        0.48458360031172415,
        0.482783424439864,
        0.4808951505746789,
        0.47890071326820294,
        0.4767920532639581,
        0.47457264400346927,
        0.47226843145143466,
        0.4699141830914938,
        0.46744632094293775,
        0.46487803121143634,
        0.462279122808589,
        0.45957175786926885,
        0.45677867693948543,
        0.4539300151384098,
        0.45100971994021405,
        0.44803126879118504,
        0.44497707939769116,
        0.44189788443777256,
        0.4388341223117626,
        0.43576597423413266,
        0.432703255379852,
        0.42972748378720793,
        0.4266830268970609,
        0.42374097644284664,
        0.4208710270795521,
        0.4179615958075984,
        0.41509514054018104,
        0.41229553852581313,
        0.4095188124224807,
        0.4067914966535572,
        0.404120734227077,
        0.4015626535018331,
        0.39903474045682064,
        0.3966351913601706,
        0.39428105610397607,
        0.3919693870868139,
        0.389761718158546,
        0.3875987153650516,
        0.38549467497984674,
        0.3835098493856237,
        0.3816429518679336,
        0.37982185795392015,
        0.37800438821388455,
        0.37625184008181733,
        0.3744734033919947,
        0.37270952235419885,
        0.3709675638971838,
        0.3692384244447403,
        0.3675601648344384,
        0.36587325478947974,
        0.36416591832145945,
        0.3624133960820542,
        0.36059493460217273,
        0.35877013708405625,
        0.35687967409057664,
        0.35497874349132896,
        0.3529837669711543,
        0.3508641071103723,
        0.34875346397650925,
        0.346527949049697,
        0.3442149097256079,
        0.3418309670228578,
        0.33925935206655006,
        0.3366049580799481,
        0.33382851999387114,
        0.33110252039113436,
        0.3281816061305788,
        0.32509424358707245,
        0.32188472253653605,
        0.3187041504694804,
        0.31540474519364975,
        0.3120750886430966,
        0.30868773523438686,
        0.3051805609811165,
        0.30181219628451267,
        0.2984020905611255,
        0.29493704718977226,
        0.2915019982829353,
        0.2880421375390945,
        0.2846388848290107,
        0.28121590111153916,
        0.2779749992954537,
        0.27487695549178137,
        0.2718041409854683,
        0.2688358870384104,
        0.2658950125475769,
        0.26308295718045577,
        0.26039324698699035,
        0.25795790297460686,
        0.2555142979848913,
        0.2532595974702039,
        0.25118027218795974,
        0.24924640077477708,
        0.24744429042549942,
        0.2456944051316456,
        0.24408204528452684,
        0.2426507111935467,
        0.2413849351655946,
        0.24020481322952533,
        0.23913523853510138,
        0.23823503488149333,
        0.23734887324059617,
        0.23659816362539446,
        0.23582338679386275,
        0.2351361014842284,
        0.23451185131086352,
        0.23403379231108054,
        0.23353463774148545,
        0.2331085724888225,
        0.2328970335857806,
        0.23262556187644523,
        0.23241613067004116,
        0.23226098120413297,
        0.23214516118237716,
        0.2319991388983156,
        0.23183745471541803,
        0.23166410884798194,
        0.23153017912770743,
        0.2313449093095898,
        0.23116124183790193
      ],