{
  "schema": {
    "name": "half_qae_bundle",
    "version": "1.0"
  },
  "timestamp": "2025-09-02 23:54:14",
  "dataset": {
    "id": "mackey_glass_n100",
    "scale_low": 0.2,
    "scale_high": 0.8,
    "window_size": 6,
    "window_stride": 1
  },
  "run": {
    "tag": "inst3_L1",
    "instance_id": 3,
    "seed": 3,
    "sigma_train": 0.1,
    "sigma_eval": 0.1
  },
  "architecture": {
    "n_qubits": 6,
    "n_layers": 1,
    "n_latent": 2,
    "n_trash": 4,
    "latent_wires": [
      0,
      1
    ],
    "trash_wires": [
      2,
      3,
      4,
      5
    ]
  },
  "training": {
    "stage1": {
      "lr_init": 0.01,
      "max_epochs": 120,
      "patience": 10,
      "lr_patience": 8,
      "best_val": 0.2305245712196929,
      "final_val": 0.2306578127914249,
      "best_epoch": 115,
      "epochs": 120,
      "train_curve": [
        0.4878723115720153,
        0.48628313920145816,
        0.48404611840680156,
        0.48344893401697003,
        0.47844163100988724,
        0.4760697595856608,
        0.47251110928176987,
        0.4718059027697794,
        0.46984255845162426,
        0.46649809995896085,
        0.46181876246478515,
        0.4622037298284758,
        0.45718321920934823,
        0.4552634119863995,
        0.44994068983850477,
        0.44770873385631027,
        0.4450270098554796,
        0.43993709978978063,
        0.43602187726030084,
        0.43277798497925213,
        0.42661975052029155,
        0.4224057537259895,
        0.41715798622199995,
        0.4108628524336899,
        0.40835266605880616,
        0.4008422868390274,
        0.3949637441691743,
        0.3894707735489039,
        0.3860630865200063,
        0.3829687003776875,
        0.37033705333417594,
        0.36936494600617475,
        0.36325695896360355,
        0.35711687539427106,
        0.35477662844392754,
        0.3487479128933681,
        0.350846917461739,
        0.3429559818977427,
        0.339786861186649,
        0.33413541515250966,
        0.3309140433429102,
        0.3231720093820645,
        0.3255333852859119,
        0.31874719505558985,
        0.3182845234578629,
        0.31922974149059435,
        0.3139354532285876,
        0.3111780438777708,
        0.31204621044820413,
        0.313669710344738,
        0.3056799657343144,
        0.30718587490948907,
        0.30240476970524566,
        0.30547356115817814,
        0.2985947771777099,
        0.3023694404293882,
        0.30299907194710596,
        0.29492857639153525,
        0.30042499424947466,
        0.2985794309197678,
        0.2947068016572881,
        0.30124061114732353,
        0.293233318513728,
        0.29010574286110813,
        0.28892242029725723,
        0.29069099358173917,
        0.28924044343644456,
        0.2920128470079102,
        0.28988632209609244,
        0.28998142538216953,
        0.29040420492081653,
        0.2836350086125981,
        0.28984021233380514,
        0.28774151274158116,
        0.2927603183463625,
        0.2883616759673613,
        0.2910524835115448,
        0.2894629132755644,
        0.2855523980810049,
        0.2799566023079359,
        0.28498984173404807,
        0.2831778113506911,
        0.28614219403268104,
        0.285269563658858,
        0.2886307226064832,
        0.2817382153365232,
        0.28277072773171763,
        0.283152927838613,
        0.283483684552982,
        0.28201020422450135,
        0.2882993319702828,
        0.2801667202227829,
        0.283966058682457,
        0.2823535441239983,
        0.2864430755920818,
        0.2858563544573914,
        0.2810140751920016,
        0.2833266448851478,
        0.28229917225809487,
        0.2876033359319925,
        0.2819860940150072,
        0.28107267418350634,
        0.27872784855565624,
        0.2821693679209557,
        0.2847476109216566,
        0.2826518575313247,
        0.2834205948001556,
        0.2798246226066772,
        0.2835668572996676,
        0.2841574130332981,
        0.2782048046607602,
        0.284069804088005,
        0.2843895133149852,
        0.28085879385961404,
        0.28493265278678626,
        0.2801082995253982,
        0.2819916424765339,
        0.281144050041479,
        0.28389969479939636,
        0.2818075595190509
      ],
      "val_curve": [
        0.49459923694150715,
        0.49244925913531573,
        0.49026766213526396,
        0.4880709772458647,
        0.4858505051472303,
        0.4835833750979583,
        0.4812538291691796,
        0.4788568641718008,
        0.47638191033956806,
        0.4738049976116901,
        0.4711301523664274,
        0.4682177959797097,
        0.4651594340909844,
        0.4618486521588565,
        0.458323233247082,
        0.45450827410013267,
        0.45039245370447606,
        0.44600392602082223,
        0.44132718766792584,
        0.43640795187455955,
        0.431250132850415,
        0.4258392378957363,
        0.420231305499649,
        0.41449731928501,
        0.4086227471128432,
        0.4026477397928447,
        0.39663228799683853,
        0.3905595733800583,
        0.38447101919643356,
        0.378374337086987,
        0.3723667002072403,
        0.3664343269564137,
        0.36057813066794975,
        0.3548754802521445,
        0.34928500502457405,
        0.34387681929962427,
        0.3386581819348855,
        0.33374657532297225,
        0.3290477129917189,
        0.324606582711316,
        0.3203911488175886,
        0.3164411291179525,
        0.31268155376848605,
        0.3091564887319328,
        0.30583948480450834,
        0.3027579851843547,
        0.2997492353084546,
        0.29685002386547465,
        0.29408696205117835,
        0.2914059016572937,
        0.28889444841645084,
        0.286445574900173,
        0.2839894939269291,
        0.2816080710606521,
        0.27927074628242804,
        0.276897023440477,
        0.2745847127754194,
        0.27236273687785717,
        0.2701571913974338,
        0.26796806880415275,
        0.26591650904689884,
        0.263943715359569,
        0.2620136014952952,
        0.2601487493701244,
        0.2583043337867885,
        0.25644462032266535,
        0.25467582939062633,
        0.2531057212627673,
        0.25147841181271674,
        0.24996749497653864,
        0.2483996867857792,
        0.24700436822576138,
        0.24562444742159392,
        0.24428621468700265,
        0.243003661858768,
        0.24192397333259807,
        0.24089619786003866,
        0.23987556612789324,
        0.23902971638955817,
        0.23824026593241568,
        0.23743491735469724,
        0.2367544278092079,
        0.23620420028693398,
        0.2356965516960478,
        0.2351955844687971,
        0.23476945557669535,
        0.23434193860968272,
        0.233955829127617,
        0.23359708214484207,
        0.2333006521056774,
        0.23305647629906817,
        0.23278666422909328,
        0.23252031662459718,
        0.23227415191736517,
        0.23209926706617265,
        0.23202120795805742,
        0.23191730472172015,
        0.23177436910511806,
        0.23169408977141895,
        0.23156804350906823,
        0.2314726745600142,
        0.23136409115828255,
        0.23130090430930605,
        0.23121489452031954,
        0.23115425475745752,
        0.2310926118835942,
        0.23105210716464286,
        0.23100447942665991,
        0.23091563604063994,
        0.23085227850854076,
        0.2308074076896831,
        0.23068551068421184,
        0.2306097147763683,
        0.23053384091115708,
        0.2305270761110902,
        0.2305245712196929,
        0.2305262629989248,
        0.23056505797830798,
        0.23059958693872434,
        0.2306578127914249
      ],