{
  "schema": {
    "name": "full_qae_bundle",
    "version": "1.0"
  },
  "timestamp": "2025-09-16 14:11:31",
  "dataset": {
    "id": "mackey_glass_tau30_n200",
    "scale_low": 0.2,
    "scale_high": 0.8,
    "window_size": 4,
    "window_step": 2,
    "split": 0.75
  },
  "run": {
    "instance_id": 5,
    "layer": 1,
    "sigma_eval": 0.2,
    "test_seed_fixed": 99123
  },
  "environment": {
    "device": "default.qubit",
    "diff_method": "best",
    "reset_mode": "swap"
  },
  "architecture": {
    "n_qubits": 4,
    "n_latent": 2,
    "n_trash": 2,
    "n_extra": 0,
    "rot": "Rxyz"
  },
  "parameters": {
    "weights": [
      [
        [
          -0.4239484614977479,
          -1.0198741012595955,
          0.3016927180708937
        ],
        [
          -0.31809851617227786,
          -1.1901383081263222,
          0.05620192981048163
        ],
        [
          -0.44485419528347936,
          -1.0218706750491826,
          0.3088663819920313
        ],
        [
          0.04682057487493581,
          -0.446313723644541,
          0.0009781765932899372
        ]
      ],
      [
        [
          0.003253135325831064,
          -0.501080386210677,
          0.048258048240159085
        ],
        [
          0.022095532089558795,
          -0.6549906947580093,
          0.18267182336039042
        ],
        [
          0.18492204521435995,
          0.5647542551685013,
          0.15697890192055686
        ],
        [
          0.011833563453295498,
          0.9991007289293511,
          0.07024402558006734
        ]
      ]
    ]
  },
  "metrics_series": {
    "mse_train_noise": 0.019268069867485593,
    "mse_train_recovered": 0.013095690370631416,
    "delta_train_pct": 32.034238713603166,
    "mse_test_noise": 0.018957942152927745,
    "mse_test_recovered": 0.010972518570610794,
    "delta_test_pct": 42.121784726955354
  }
}