{
  "schema": {
    "name": "full_qae_bundle",
    "version": "1.0"
  },
  "timestamp": "2025-09-16 14:04:03",
  "dataset": {
    "id": "mackey_glass_tau30_n200",
    "scale_low": 0.2,
    "scale_high": 0.8,
    "window_size": 4,
    "window_step": 2,
    "split": 0.75
  },
  "run": {
    "instance_id": 4,
    "layer": 1,
    "sigma_eval": 0.2,
    "test_seed_fixed": 99123
  },
  "environment": {
    "device": "default.qubit",
    "diff_method": "best",
    "reset_mode": "swap"
  },
  "architecture": {
    "n_qubits": 4,
    "n_latent": 2,
    "n_trash": 2,
    "n_extra": 0,
    "rot": "Rxyz"
  },
  "parameters": {
    "weights": [
      [
        [
          -0.3622373071871644,
          -1.0469931726317607,
          0.2764250311618018
        ],
        [
          0.39852023235747663,
          -1.17450852454852,
          0.14766508705833753
        ],
        [
          0.07763361629459227,
          -0.9837574896336612,
          0.15111159824832018
        ],
        [
          -0.2466512891926937,
          -0.45995536261073794,
          0.05852561806471504
        ]
      ],
      [
        [
          0.09170614686213646,
          0.617618148251554,
          0.08826361189764553
        ],
        [
          0.28641664512177434,
          0.7227688977548598,
          0.19651153405607827
        ],
        [
          0.2642675692498381,
          0.567243917930035,
          0.13489589932283216
        ],
        [
          0.11212425072404082,
          0.995000198353918,
          0.26853783800935915
        ]
      ]
    ]
  },
  "metrics_series": {
    "mse_train_noise": 0.019268069867485593,
    "mse_train_recovered": 0.013067752619103893,
    "delta_train_pct": 32.17923378430647,
    "mse_test_noise": 0.018957942152927745,
    "mse_test_recovered": 0.011111836482420912,
    "delta_test_pct": 41.38690585304444
  }
}