{
  "schema": {
    "name": "full_qae_bundle",
    "version": "1.0"
  },
  "timestamp": "2025-09-16 13:41:45",
  "dataset": {
    "id": "mackey_glass_tau30_n200",
    "scale_low": 0.2,
    "scale_high": 0.8,
    "window_size": 4,
    "window_step": 2,
    "split": 0.75
  },
  "run": {
    "instance_id": 1,
    "layer": 1,
    "sigma_eval": 0.2,
    "test_seed_fixed": 99123
  },
  "environment": {
    "device": "default.qubit",
    "diff_method": "best",
    "reset_mode": "swap"
  },
  "architecture": {
    "n_qubits": 4,
    "n_latent": 2,
    "n_trash": 2,
    "n_extra": 0,
    "rot": "Rxyz"
  },
  "parameters": {
    "weights": [
      [
        [
          -0.37195748273630935,
          -1.0120777251411264,
          0.27318408875929256
        ],
        [
          -0.2661970072666411,
          -1.189438267401121,
          0.004709711704814419
        ],
        [
          -0.18115515339874827,
          -0.9824304854812913,
          0.02712265088346986
        ],
        [
          -0.638400515345023,
          -0.5190697301720413,
          0.2817513314225066
        ]
      ],
      [
        [
          0.2605989676243026,
          0.5476639294213332,
          0.0779249255794358
        ],
        [
          0.23462774198608977,
          0.6887765676789395,
          0.20730638151789613
        ],
        [
          0.20707147513587515,
          0.6116926057357943,
          0.20280098187036688
        ],
        [
          0.26579747688498984,
          0.9991007356857806,
          0.02271525041146303
        ]
      ]
    ]
  },
  "metrics_series": {
    "mse_train_noise": 0.019268069867485593,
    "mse_train_recovered": 0.013112700565467443,
    "delta_train_pct": 31.945956934717103,
    "mse_test_noise": 0.018957942152927745,
    "mse_test_recovered": 0.011028462517249307,
    "delta_test_pct": 41.82668968875327
  }
}