{
  "schema": {
    "name": "full_qae_bundle",
    "version": "1.0"
  },
  "timestamp": "2025-09-16 13:49:09",
  "dataset": {
    "id": "mackey_glass_tau30_n200",
    "scale_low": 0.2,
    "scale_high": 0.8,
    "window_size": 4,
    "window_step": 2,
    "split": 0.75
  },
  "run": {
    "instance_id": 2,
    "layer": 1,
    "sigma_eval": 0.2,
    "test_seed_fixed": 99123
  },
  "environment": {
    "device": "default.qubit",
    "diff_method": "best",
    "reset_mode": "swap"
  },
  "architecture": {
    "n_qubits": 4,
    "n_latent": 2,
    "n_trash": 2,
    "n_extra": 0,
    "rot": "Rxyz"
  },
  "parameters": {
    "weights": [
      [
        [
          -0.19699052994313784,
          -0.9877622079493505,
          0.05874891821686034
        ],
        [
          0.5373872911022475,
          -1.2284297928283836,
          0.007153431697465175
        ],
        [
          0.0820020177244556,
          -0.9876663828509552,
          0.1924109869935383
        ],
        [
          2.4464096677062557,
          0.5633285399203954,
          0.014713768666428085
        ]
      ],
      [
        [
          0.15985025467630132,
          0.3073411242359636,
          0.12996277504410983
        ],
        [
          0.11737706102041578,
          0.7037117257568588,
          0.2668281408693479
        ],
        [
          0.3071499410056592,
          0.5031599405102261,
          0.06771842543099581
        ],
        [
          0.2458042664857857,
          0.9991010446308274,
          0.12351626745522196
        ]
      ]
    ]
  },
  "metrics_series": {
    "mse_train_noise": 0.019268069867485593,
    "mse_train_recovered": 0.013018180160876512,
    "delta_train_pct": 32.436511542630534,
    "mse_test_noise": 0.018957942152927745,
    "mse_test_recovered": 0.010766647592910334,
    "delta_test_pct": 43.207719983217686
  }
}