{
  "schema": {
    "name": "full_qae_bundle",
    "version": "1.0"
  },
  "timestamp": "2025-09-16 13:56:35",
  "dataset": {
    "id": "mackey_glass_tau30_n200",
    "scale_low": 0.2,
    "scale_high": 0.8,
    "window_size": 4,
    "window_step": 2,
    "split": 0.75
  },
  "run": {
    "instance_id": 3,
    "layer": 1,
    "sigma_eval": 0.2,
    "test_seed_fixed": 99123
  },
  "environment": {
    "device": "default.qubit",
    "diff_method": "best",
    "reset_mode": "swap"
  },
  "architecture": {
    "n_qubits": 4,
    "n_latent": 2,
    "n_trash": 2,
    "n_extra": 0,
    "rot": "Rxyz"
  },
  "parameters": {
    "weights": [
      [
        [
          -0.01835744658530948,
          -1.032209189607228,
          0.17394272177811423
        ],
        [
          -0.2895181628189143,
          -1.1829411616018346,
          0.2497799128117018
        ],
        [
          -0.059169868305873674,
          -0.9949064634497652,
          0.232144434391482
        ],
        [
          -0.5210231166828896,
          -0.4423455014361896,
          0.2966243252970627
        ]
      ],
      [
        [
          0.27087561798081394,
          0.5967604450801889,
          0.14803150538884394
        ],
        [
          0.07593563091825882,
          0.7304088880622703,
          0.13617820831352195
        ],
        [
          0.12503879972879836,
          0.6451202757023036,
          0.29880665688516467
        ],
        [
          0.13869874323097925,
          0.9881353942902777,
          0.27742287769558094
        ]
      ]
    ]
  },
  "metrics_series": {
    "mse_train_noise": 0.019268069867485593,
    "mse_train_recovered": 0.012911866925831234,
    "delta_train_pct": 32.98827015559197,
    "mse_test_noise": 0.018957942152927745,
    "mse_test_recovered": 0.011014753526768041,
    "delta_test_pct": 41.899002339412704
  }
}